0	0	0	0	0	0	0	0	0	0	0	0	0	0	0	1	2	3	4	0	0	0	0	0	0	0	0	0	0	0	0	0	0	0	0	0	0	0	0	0	0	0	0	0	0	0	0	0	0	0	0	0	0	0	0	0	0	0	0	0	0	0	0	0	0	0	0	0	0	0	0	0	0	0	0	0	0	0	0	0	0	0	0	0	0	0	0	0	0	0	0	0	0	0	0	0	0	0	0	0	0	0	0	0	0	0	0	0	0	0	0	0	0	0	0	0	0	0	0	0	0	0	0	0	0	0	0	0	0	0	0	0	0	0	0	0	0	0	0	0	0	0	0	0	0	0	0	0	0	0	0	0	0	0	0	0	0	0	0	0	0	0	0	0	0	0	0	0	0	0	0	0	0	0	0	0	0	0	0	0	0	0	0	0	0	0	0	1	2	3	4	0	0	0	0	0	0	0	0	0	0	0	0	0	0	0	0	0	0	0	0	0	0	0	0	0	0	0	0	0	0	0	0	0	0	0	0	0	0	0	0	0	0	0	0	0	0	0	0	0	2	4	0	0	0	0	0	0	0	0	0	0	0	0	0	0	1b	132	133	3b	66	1b	1b	1b	1b	1b	1b	1b	134	e1	f7	135	1b	1b	1b	1b	f2	3d	ec	136	3d	137	27	1b	28	3a	3b	39	138	df	139	0	0	0	0	0	0	0	0	0	0	0	0	0	0	0	0	0	0	0	0	0	0	0	0	0	0	0	0	0	0	0	0	0	0	0	0	0	0	9a	9a	9a	9a	9a	9a	9a	9a	9a	9a	9a	9a	9a	9a	9a	9a	120	0	0	0	0	0	0	0	0	0	0	0	0	0	0	0	0	0	0	0	0	0	0	0	0	0	0	0	0	0	0	0	0	0	0	0	0	0	0	0	0	0	0	0	0	15	5a	34	13a	13b	13c	13d	13e	13f	140	13e	141	142	143	144	fd	14	5	0	0	0	0	0	0	0	0	0	0	0	145	146	147	148	8000001b	80000149	9500014a	9500014b	9500014c	150000c9	1500014d	15000133	1500003b	15000066	150000c9	150000c9	150000c9	150000c9	150000c9	150000c9	150000c9	150000c9	150000c9	150000c9	15000027	150000c9	150000c9	150000c9	150000c9	150000f2	15000113	15000130	150000c7	150000c7	150000c9	15000027	1500001b	1500014e	1500014f	1500003b	39	138	df	e3	bf	1b	150	151	e	e	d	7	3	3	4	1	0	0	0	0	0	1	0	0	0	0	0	0	0	0	0	0	a	10	0	0	0	0	0	0	0	0	0	0	0	0	0	0	0	0	0	0	0
0	0	1	1	0	0	1	1	2	4	0	0	0	0	2	3	3	3	3	5	0	0	0	0	0	0	0	0	0	0	0	0	0	0	0	0	0	0	0	0	0	0	0	0	0	0	0	0	0	0	0	0	0	0	0	0	0	0	0	0	0	0	0	0	0	0	0	0	0	0	0	0	0	0	0	0	0	0	0	0	0	0	0	0	0	0	0	0	0	0	6	6	6	6	6	6	6	6	6	6	6	6	6	6	6	6	6	6	6	6	6	6	6	6	6	6	6	6	6	6	6	6	6	6	6	6	6	6	0	0	0	0	0	0	0	0	0	0	0	0	0	0	0	0	0	0	0	0	0	0	0	0	0	0	0	0	0	0	0	0	0	0	0	0	0	0	0	0	15000000	15000000	15000000	15000000	15000000	15000000	15000001	15000001	15000000	15000000	15000001	15000001	15000002	15000004	15000000	15000000	15000000	15000000	15000002	15000003	15000003	15000003	15000003	15000005	15000000	15000000	15000000	15000000	15000000	15000000	15000000	15000000	15000000	15000000	15000000	15000000	15000000	15000000	0	0	0	0	0	0	0	0	0	0	0	0	0	0	0	0	0	0	0	0	0	0	0	0	0	0	0	0	0	0	0	0	0	2	3	3	4	0	0	0	0	0	0	0	1	0	0	0	0	0	36	152	153	3b	39	1b	1b	1b	1b	1b	154	155	156	d0	1b	e9	3b	3c	3d	3d	102	cf	d0	1b	3a	3b	3c	3d	3e	39	3c	ec	1b	152	157	0	0	0	0	0	0	0	0	0	0	0	0	0	0	0	0	0	0	0	0	0	0	0	0	0	0	0	0	0	0	0	0	0	0	0	0	0	0	9a	9a	9a	9a	9a	9a	9a	9a	9a	9a	9a	9a	9a	9a	9a	9a	120	0	0	0	0	0	0	0	0	0	0	0	0	0	0	0	0	0	0	0	0	0	0	0	0	0	0	0	0	0	0	0	0	0	0	0	0	0	0	0	0	0	0	0	0	0	a	a9	34	158	159	15a	42	15b	15c	15d	15e	15f	160	fd	32	10	0	0	0	0	0	0	0	0	0	0	0	0	34	34	161	162	80000163	80000164	80000079	95000165	95000166	15000167	15000168	15000153	1500003b	15000039	150000c9	150000cd	150000cd	150000cd	150000cd	15000169	1500016a	1500016b	1500016c	1500016d	1500016e	1500003b	1500016f	15000170	15000171	15000172	15000173	15000174	1500016d	15000175	1500003b	1500003c	15000113	1500003e	15000176	177	178	1b	152	f9	179	1b	17a	17b	11	e	e	e	d	3	3	3	4	0	0	0	2	3	5	0	0	0	0	0	0	0	0	0	0	0	0	0	0	0	0	0	0	0	0	0	0	0	0	0	0	0	0	0	0
1	2	3	3	4	2	3	3	3	3	4	1	1	2	3	7	7	3	8	0	0	0	0	0	0	0	0	0	0	0	0	0	0	0	0	0	0	0	0	0	0	0	0	0	0	0	0	0	0	0	0	0	0	0	0	0	0	0	0	0	0	0	0	0	0	0	0	0	0	0	0	0	0	0	0	0	0	0	0	0	0	0	0	0	0	0	0	0	0	0	9	9	9	9	9	9	9	9	9	9	9	9	9	9	9	9	9	9	9	9	9	9	9	9	9	9	9	9	9	9	9	9	9	9	9	9	9	9	0	0	0	0	0	0	0	0	0	0	0	0	0	0	0	0	0	0	0	0	0	0	0	0	0	0	0	0	0	0	0	0	0	0	0	0	0	0	0	0	15000000	15000001	15000001	15000001	15000001	15000002	15000003	15000003	15000004	15000002	15000003	15000003	15000003	15000003	15000004	15000001	15000001	15000002	15000003	15000007	15000007	15000003	15000008	15000000	15000000	15000000	15000000	15000000	15000000	15000000	15000000	15000000	15000000	15000000	15000000	15000000	15000000	15000000	0	0	0	0	0	0	0	0	0	0	0	0	0	0	0	0	0	0	0	0	0	0	0	0	0	0	0	0	0	0	0	0	0	a	3	3	3	4	0	0	0	0	0	2	3	4	1	0	0	0	17c	1b	1b	3c	ec	1b	28	1b	1b	17d	ec	17e	17f	180	1b	66	3c	3d	ec	27	ed	ee	181	182	183	184	3d	137	136	ec	1b	27	1b	28	11f	0	0	0	0	0	0	0	0	0	0	0	0	0	0	0	0	0	0	0	0	0	0	0	0	0	0	0	0	0	0	0	0	0	0	0	0	0	0	9a	9a	9a	9a	9a	9a	9a	9a	9a	9a	9a	9a	9a	9a	9a	9a	120	0	0	0	0	0	0	0	0	0	0	0	0	0	0	0	0	0	0	0	0	0	0	0	0	0	0	0	0	0	0	0	0	0	0	0	0	0	0	0	0	0	0	0	0	0	0	a	185	a9	186	146	187	188	189	18a	18b	18c	18d	32	10	0	0	0	0	0	0	0	0	0	0	0	0	0	34	34	34	34	8000009b	8000018e	8000018f	95000190	95000191	1500017c	150000c9	150000c9	15000192	1500012e	15000193	15000028	150000c9	15000193	15000194	15000195	15000196	1500017f	15000197	150000c9	15000066	15000177	15000170	15000130	15000027	150000ed	150000ee	15000198	1500016a	15000199	1500019a	15000170	1500019b	1500019c	19d	19e	27	1b	28	1b	3c	200003d	200003b	200001b	200001b	200019f	20000b3	20001a0	200000e	200000d	2000007	2000003	2000003	2000004	2000001	2000002	2000003	2000003	2000005	2000000	2000000	2000000	2000000	2000000	2000000	2000000	0	0	0	0	0	0	0	0	0	0	0	0	0	0	0	0	0	0	0	0	0	0	0
3	b	7	7	3	3	7	7	c	d	3	3	3	3	c	e	e	d	3	5	0	0	0	0	0	0	0	0	0	0	0	0	0	0	0	0	0	0	0	0	0	0	0	0	0	0	0	0	0	0	0	0	0	0	0	0	0	0	0	0	0	0	0	0	0	0	0	0	0	0	0	0	0	0	0	0	0	0	0	0	0	0	0	0	0	0	0	0	0	0	9	9	9	9	9	9	9	9	9	9	9	9	9	9	9	9	9	9	9	9	9	9	9	9	9	9	9	9	9	9	9	9	9	9	9	9	9	9	0	0	0	0	0	0	0	0	0	0	0	0	0	0	0	0	0	0	0	0	0	0	0	0	0	0	0	0	0	0	0	0	0	0	0	0	0	0	0	0	15000000	15000003	15000003	15000003	15000003	1500000b	15000007	15000007	15000003	15000003	15000007	15000007	1500000c	1500000d	15000003	15000003	15000003	15000003	1500000c	1500000e	1500000e	1500000d	15000003	15000005	15000000	15000000	15000000	15000000	15000000	15000000	15000000	15000000	15000000	15000000	15000000	15000000	15000000	15000000	0	0	0	0	0	0	0	0	0	0	0	0	0	0	0	0	0	0	0	0	0	0	0	0	0	0	0	0	0	0	0	0	0	0	f	a	3	10	0	0	0	0	0	a	3	3	3	4	0	0	1a1	12b	1a2	3b	3c	3d	3e	39	3c	66	1b	1a3	1a4	1a5	d7	28	1a6	1a7	1b	3a	3b	39	1b	17e	17f	180	1b	17d	ec	3a	3b	3c	3d	3e	1a8	0	0	0	0	0	0	0	0	0	0	0	0	0	0	0	0	0	0	0	0	0	0	0	0	0	0	0	0	0	0	0	0	0	0	0	0	0	0	0	9a	9a	9a	9a	9a	9a	9a	9a	9a	9a	9a	9a	9a	9a	9a	120	9a	9a	9a	9a	9a	9a	9a	9a	9a	9a	9a	9a	9a	9a	9a	9a	9a	9a	9a	9a	9a	9a	9a	9a	9a	9a	9a	9a	9a	9a	9a	9a	9a	9a	9a	9a	9a	9a	0	0	0	0	0	0	0	0	0	f	a	a9	34	1a9	1aa	18c	1ab	1ac	1ad	32	10	0	0	0	0	0	0	0	0	0	0	0	0	0	0	34	34	34	34	34	34	34	34	34	150001a1	150001ae	15000175	1500003b	1500003c	15000113	1500003e	15000039	150001af	15000066	15000111	15000111	150001b0	150001b1	150000d7	15000028	15000111	15000111	c9	14f	3b	39	ca	1b2	17f	1b3	110	194	130	14f	3b	3c	3d	3e	39	1b	2000066	20001b4	20001b5	20001b6	20001b7	20001b8	20001b9	20001ba	200000e	200000e	200000d	2000007	2000003	2000003	2000003	2000003	2000003	2000004	2000000	2000000	2000000	2000000	2000000	2000000	2000000	0	0	0	0	0	0	0	0	0	0	0	0	0	0	0	0	0	0	0	0	0	0	0
c	e	e	e	d	c	e	11	e	e	d	7	7	c	e	12	13	e	14	4	0	0	0	0	0	0	0	0	1	0	0	0	0	0	0	0	0	0	0	0	0	0	0	0	0	0	0	0	0	0	0	0	0	0	0	0	0	0	0	0	0	0	0	0	0	0	0	0	0	0	0	0	0	0	0	0	0	0	0	0	0	0	0	0	0	0	0	0	0	0	9	9	9	9	9	9	9	9	9	9	9	9	9	9	9	9	9	9	9	9	9	9	9	9	9	9	9	9	9	9	9	9	9	9	9	9	9	9	0	0	0	0	0	0	0	0	0	0	0	0	0	0	0	1	0	0	0	0	0	0	0	0	0	0	0	0	0	0	0	0	0	0	0	0	0	0	0	0	15000000	1500000d	15000007	15000007	1500000c	1500000e	1500000e	1500000e	1500000d	1500000c	1500000e	15000011	1500000e	1500000e	1500000d	15000007	15000007	1500000c	1500000e	15000012	15000013	1500000e	15000014	15000004	15000000	15000000	15000000	15000000	15000000	15000000	15000000	15000000	15000001	15000000	15000000	15000000	15000000	15000000	0	0	0	0	0	0	0	0	0	0	0	0	0	0	0	0	0	0	0	0	0	0	0	0	0	0	0	0	0	0	0	0	0	0	0	15	10	0	0	0	0	0	0	0	a	10	f	f	0	0	34	145	1bb	1bc	3d	1bd	3c	1be	0	0	0	0	0	0	0	0	0	0	0	0	0	0	0	0	0	0	0	0	0	0	0	0	0	0	0	0	0	0	0	0	0	0	0	0	0	0	0	0	0	0	0	0	0	0	0	0	0	0	0	0	0	0	0	0	0	0	0	0	0	0	0	0	0	0	9a	9a	9a	9a	9a	9a	9a	9a	9a	9a	9a	9a	9a	9a	9a	120	9a	9a	9a	9a	9a	9a	9a	9a	9a	9a	9a	9a	9a	9a	9a	9a	9a	9a	9a	9a	9a	9a	9a	9a	9a	9a	9a	9a	9a	9a	9a	9a	9a	9a	9a	9a	9a	9a	0	0	0	0	0	0	0	0	0	0	0	a	a9	34	34	34	34	34	32	10	0	0	0	0	0	0	0	0	0	0	0	0	0	0	0	34	34	34	34	34	34	34	34	34	34	145	1bb	1bf	113	130	19c	130	10f	66	111	27	1c0	1c1	113	130	111	111	cb	111	1c2	1c3	27	1b	39	111	2000192	2000066	2000193	20000ca	20001c4	2000114	2000137	2000136	20000ec	20000d7	2000028	20001c5	20001c6	20001c7	20001c8	20001c9	20001ca	20001cb	2000011	200000e	200000e	200000e	200000d	2000003	2000003	2000003	2000003	2000010	2000000	2000000	2000000	2000000	2000000	2000000	2000000	0	0	0	0	0	0	0	0	0	0	0	0	0	0	0	0	0	0	0	0	0	0	0
16	17	17	18	e	19	1a	1b	1c	e	e	1d	13	11	e	1e	1b	1f	d	3	4	0	0	1	2	4	0	2	3	5	0	2	4	0	0	0	0	0	0	0	0	0	0	0	0	0	0	0	0	0	0	0	0	0	0	0	0	0	0	0	0	0	0	0	0	0	0	0	0	0	0	0	0	0	0	0	0	0	0	0	0	0	0	0	0	0	0	0	0	20	9	9	9	9	9	9	9	9	9	9	9	9	9	9	9	9	9	9	9	9	9	9	9	9	9	9	9	9	9	9	9	9	9	9	9	9	9	9	0	0	0	0	0	0	0	1	1	1	1	0	0	0	2	7	4	0	0	0	0	0	0	0	0	0	0	0	0	0	0	0	0	0	0	0	0	0	0	21	15000022	15000023	1500000e	1500000e	15000016	15000017	15000017	15000018	1500000e	15000019	1500001a	1500001b	1500001c	1500000e	1500000e	1500001d	15000013	15000011	1500000e	1500001e	1500001b	1500001f	1500000d	15000003	15000004	15000000	15000000	15000001	15000002	15000004	15000000	15000002	15000003	15000005	15000000	15000002	15000004	15000000	0	0	0	0	0	0	0	0	0	0	0	0	0	0	0	0	0	0	0	0	0	0	0	0	0	0	0	0	0	0	0	0	0	0	0	0	1	0	0	0	0	0	0	0	2	5	0	0	0	0	34	34	13a	1cc	1cd	36	1b	11f	0	0	0	0	0	0	0	0	0	0	0	0	0	0	0	0	0	0	0	0	0	0	0	0	0	0	0	0	0	0	0	0	0	0	0	0	0	0	0	0	0	0	0	0	0	0	0	0	0	0	0	0	0	0	0	0	0	0	0	0	0	0	0	0	0	0	9a	9a	9a	9a	9a	9a	9a	9a	9a	9a	9a	9a	9a	9a	9a	9a	9a	9a	9a	9a	9a	9a	9a	9a	9a	9a	9a	9a	9a	9a	9a	9a	9a	9a	9a	9a	9a	9a	9a	9a	9a	9a	9a	9a	9a	9a	9a	9a	9a	9a	9a	9a	9a	9a	0	0	0	0	0	0	0	0	0	0	0	0	a	185	185	185	185	185	10	0	0	0	0	0	0	0	0	0	0	0	0	0	0	0	0	34	34	34	34	34	34	34	34	34	34	34	13a	1cc	1cd	20001ce	200010f	200010f	2000039	20001cf	20000cb	200003c	200003d	20001d0	20001d1	20001d2	2000111	2000027	20001d3	2000111	200014f	200003b	200003c	200003d	200003e	2000039	20001d4	2000066	20000c9	2000027	200001b	200001b	200001b	200001b	20000f2	200003d	2000137	200011d	20001d5	20001d6	20001d7	20001d8	20001d9	20000e5	2000124	20001da	2000023	200000e	200000e	200000d	2000007	2000007	2000003	2000004	2000000	2000000	2000000	2000000	2000000	2000000	2000000	0	0	0	0	0	0	0	0	0	0	0	0	0	0	0	0	0	0	0	0	0	0	0
24	1b	1b	25	17	26	27	1b	28	29	2a	2b	2c	2d	2e	2f	30	31	32	3	3	4	2	3	3	3	33	3	3	4	2	3	3	4	0	0	0	0	0	0	0	0	0	0	0	0	0	0	0	0	0	0	0	0	0	0	0	0	0	0	0	0	0	0	0	0	0	0	0	0	0	0	0	0	0	0	0	0	0	0	0	0	0	0	0	0	0	0	0	20	9	9	9	9	9	9	9	9	9	9	9	9	9	9	9	9	9	9	9	9	9	9	9	9	9	9	9	9	9	9	9	9	9	9	9	9	9	9	0	0	0	0	0	0	2	c	d	7	7	4	1	2	c	34	d	4	1	0	0	0	0	0	0	0	0	0	0	0	0	0	0	0	0	0	0	0	0	35	15000036	15000037	15000038	1500001a	15000024	1500001b	1500001b	15000025	15000017	15000026	15000027	1500001b	15000039	15000029	1500002a	1500002b	1500002c	1500002d	1500002e	1500002f	15000030	15000031	15000032	15000003	15000003	15000004	15000002	15000003	15000003	15000003	15000033	15000003	15000003	15000004	15000002	15000003	15000003	15000004	0	0	0	0	0	0	0	0	0	0	0	0	0	0	0	0	0	0	0	0	0	0	0	0	0	0	0	0	0	0	0	0	0	0	1	2	3	4	0	0	0	0	0	2	10	0	0	0	0	0	34	34	34	34	13a	4b	27	1db	0	0	0	0	0	0	0	0	0	0	0	0	0	0	0	0	0	0	0	0	0	0	0	0	0	0	0	0	0	0	0	0	0	0	0	0	0	0	0	0	0	0	0	0	0	0	0	0	0	0	0	0	0	0	0	0	0	0	0	0	0	0	0	0	0	0	9a	9a	9a	9a	9a	9a	9a	9a	9a	9a	9a	9a	9a	9a	9a	9a	9a	9a	9a	9a	9a	9a	9a	9a	9a	9a	9a	9a	9a	9a	9a	9a	9a	9a	9a	9a	9a	9a	9a	9a	9a	9a	9a	9a	9a	9a	9a	9a	9a	9a	9a	9a	9a	9a	0	0	0	0	0	0	0	0	0	0	0	0	0	a	3	10	f	f	0	0	0	0	0	0	0	0	0	0	0	0	0	0	1dc	17	1dd	34	34	34	34	34	34	34	34	34	34	34	34	34	13a	20001de	2000027	200010f	2000066	2000027	20001df	2000028	2000027	2000108	20000ee	20001e0	2000111	20001c2	200003d	200003b	20001e1	20001c2	200003d	20000ab	2000136	20001c3	2000039	20001e2	20001e3	20000e9	200003b	200003c	200003d	200003d	2000102	20001e4	20001e5	200003b	2000039	20001e6	20001e7	20001e8	20001e9	20001ea	20001eb	20001ec	20001ed	20001ee	2000023	200000e	200000e	200000e	200000d	2000003	2000004	2000000	2000000	2000000	2000000	2000000	2000000	0	0	0	0	0	0	0	0	0	0	0	0	0	0	0	0	0	0	0	0	0	0	0
1b	1b	1b	1b	3a	3b	3c	3d	3e	39	3f	40	41	42	43	44	45	46	d	3	3	3	3	7	7	7	3	3	3	3	3	c	d	3	47	0	0	0	0	0	0	0	0	0	0	0	0	0	0	0	0	0	0	0	0	0	0	0	0	0	0	0	0	0	0	0	0	0	0	0	0	0	0	0	0	0	0	0	0	0	0	0	0	0	0	0	0	0	0	20	9	9	9	9	9	9	9	9	9	9	9	9	9	9	9	9	9	9	9	9	9	9	9	9	9	9	9	9	9	9	9	9	9	9	9	9	9	9	0	0	0	0	0	2	c	80000034	80000034	80000048	80000049	8000000d	7	c	34	34	34	d	7	4	0	0	0	0	0	0	0	0	0	0	0	0	0	0	0	0	0	0	0	4a	1500004b	1500001b	1500001b	1500001b	1500001b	1500001b	1500001b	1500001b	1500003a	1500003b	1500003c	1500003d	1500003e	15000039	1500003f	15000040	15000041	15000042	15000043	15000044	1500004c	1500004d	1500000d	15000003	15000003	15000003	15000003	15000007	15000007	15000007	15000003	15000003	15000003	15000003	15000003	1500000c	1500000d	15000003	4	1	0	0	0	0	0	0	0	0	0	0	0	0	0	0	0	0	0	0	0	0	0	0	0	0	0	0	0	0	0	0	0	2	3	3	3	3	4	0	0	0	15	10	0	0	0	0	0	0	0	0	0	0	0	0	0	0	0	0	0	0	0	0	0	0	0	0	0	0	0	0	0	0	0	0	0	0	0	0	0	0	0	0	0	0	0	0	0	0	0	0	0	0	0	0	0	0	0	0	0	0	0	0	0	0	0	0	0	0	0	0	0	0	0	0	0	0	0	0	0	0	0	0	9a	9a	9a	9a	9a	9a	9a	9a	9a	9a	9a	9a	9a	9a	9a	9a	9a	9a	9a	9a	9a	9a	9a	9a	9a	9a	9a	9a	9a	9a	9a	9a	9a	9a	9a	9a	9a	9a	9a	9a	9a	9a	9a	9a	9a	9a	9a	9a	9a	9a	9a	9a	9a	9a	0	0	0	0	0	0	0	0	0	0	0	0	0	0	f	0	0	0	0	0	0	0	0	0	0	0	0	0	0	0	0	0	1b	1b	1ef	34	34	34	34	34	34	34	34	34	34	34	34	34	d6	200010f	2000177	2000114	20001f0	200003c	200003d	20001f1	20001f2	200003b	2000039	2000027	2000111	2000028	20001f3	2000132	2000133	200003b	2000066	20001f3	2000027	20001f4	2000066	200003a	200003b	2000039	20001f5	200003d	20000ab	2000027	20000ed	20000ee	20001f6	20001f7	20000ab	20001f8	20001c9	200015b	20001f9	20001fa	20001fb	200015b	20001fc	20001fd	20001fe	2000131	2000061	2000023	200000e	200000d	2000003	2000004	2000001	2000000	2000000	2000000	2000000	0	0	0	0	0	0	0	0	0	0	0	0	0	0	0	0	0	0	0	0	0	0	0
1b	1b	1b	1b	1b	3c	3d	4e	4f	50	51	52	53	54	55	56	57	58	32	3	c	d	c	e	e	e	d	3	3	3	c	e	e	d	59	0	0	0	0	0	0	0	0	0	4000000	0	0	0	0	0	0	0	0	0	0	0	0	0	0	0	0	0	0	0	0	0	0	0	0	0	0	0	0	0	0	0	0	0	0	0	0	0	0	0	0	0	0	0	0	20	9	9	9	9	9	9	9	9	9	9	9	9	9	9	9	9	9	9	9	9	9	9	9	9	9	9	9	9	9	9	9	9	9	9	9	9	9	9	0	0	0	0	15	5a	34	8000005b	8000005c	8000005d	8000005e	8000005f	80000060	34	61	62	63	64	34	d	4	0	0	0	0	0	0	0	0	0	0	0	0	0	0	0	0	0	0	65	1500001b	1500001b	1500001b	1500001b	1500001b	1500001b	1500001b	1500001b	1500001b	1500003c	1500003d	1500004e	1500004f	15000050	15000051	15000052	15000053	15000054	15000055	15000056	15000057	15000058	15000032	15000003	1500000c	1500000d	1500000c	1500000e	1500000e	1500000e	1500000d	15000003	15000003	15000003	1500000c	1500000e	1500000e	1500000d	3	3	4	0	0	0	0	0	0	0	0	0	0	0	0	0	0	0	0	0	0	0	2	4	0	0	0	0	0	0	0	0	0	a	3	3	c	d	3	4	0	0	0	0	0	0	0	0	0	0	0	0	0	0	0	0	0	0	0	0	0	0	0	0	0	0	0	0	0	0	0	0	0	0	0	0	0	0	0	0	0	0	0	0	0	0	0	0	0	0	0	0	0	0	0	0	0	0	0	0	0	0	0	0	0	0	0	0	0	0	0	0	0	0	0	0	0	0	0	0	0	0	0	0	9a	9a	9a	9a	9a	9a	9a	9a	9a	9a	9a	9a	9a	9a	9a	9a	9a	9a	9a	9a	9a	9a	9a	9a	9a	9a	9a	9a	9a	9a	9a	9a	9a	9a	9a	9a	9a	9a	9a	9a	9a	9a	9a	9a	9a	9a	9a	9a	9a	9a	9a	9a	9a	9a	0	0	0	0	0	0	0	0	0	0	0	0	0	0	0	0	0	0	0	0	0	0	0	0	0	0	0	0	0	0	0	0	1b	1ff	160	34	34	34	34	34	34	34	11	34	34	61	200	17	201	200010f	200010f	2000027	20001df	2000028	200003a	200003b	2000039	200003c	20000ec	200003c	200003d	2000202	2000203	2000204	2000153	200003b	2000039	20001fd	2000205	200003d	2000206	2000207	2000208	20000ec	2000209	200020a	20001f3	200020b	200003b	2000039	20001c9	2000207	200020c	200020d	200020e	2000140	200002c	20001d9	200020f	2000210	2000211	2000212	2000124	2000213	2000214	20001b9	2000098	200000e	200000d	2000003	2000003	2000004	2000001	2000000	2000000	0	0	0	0	0	0	0	0	0	0	0	0	0	0	0	0	0	0	0	0	0	0	0
1b	1b	1b	1b	1b	66	67	68	69	6a	6b	6c	6d	6e	6f	70	71	72	d	c	e	e	e	73	74	e	e	d	7	c	e	e	75	e	76	0	0	0	0	0	0	0	0	0	0	0	0	0	0	0	0	0	0	0	0	0	0	0	0	0	0	0	0	0	0	0	0	0	0	0	0	0	0	0	0	0	0	0	0	0	0	0	0	0	0	0	0	0	0	20	0	0	0	0	0	0	0	0	0	0	0	0	0	0	0	0	0	0	0	0	0	0	0	0	0	0	0	0	0	0	0	0	0	0	0	0	0	0	0	0	0	0	15	5a	34	80000077	80000078	805f0079	8000007a	8000007b	8000007c	7d	7e	7f	80	81	82	34	d	4	0	0	0	0	0	0	0	0	0	0	0	0	0	0	0	83	84	26	1500001b	1500001b	1500001b	1500001b	1500001b	1500001b	1500001b	1500001b	1500001b	15000066	15000067	15000068	15000069	1500006a	1500006b	1500006c	1500006d	1500006e	1500006f	15000070	15000085	15000086	1500000d	1500000c	1500000e	1500000e	1500000e	15000073	15000074	1500000e	1500000e	1500000d	15000007	1500000c	1500000e	1500000e	15000075	1500000e	d	3	10	0	0	0	0	0	0	0	0	0	0	0	0	0	0	0	0	0	1	2	3	3	5	0	0	0	0	0	0	0	0	2	3	c	e	32	3	3	4	0	0	0	0	0	0	0	0	0	0	0	0	0	0	0	0	0	0	0	0	0	0	0	0	0	0	0	0	0	0	0	0	0	0	0	0	0	0	0	0	0	0	0	0	0	0	0	0	0	0	0	0	0	0	0	0	0	0	0	0	0	0	0	0	0	0	0	0	0	0	0	0	0	0	0	0	0	0	0	0	0	0	0	9a	9a	9a	9a	9a	9a	9a	9a	9a	9a	9a	9a	9a	9a	9a	9a	9a	9a	9a	9a	9a	9a	9a	9a	9a	9a	9a	9a	9a	9a	9a	9a	9a	9a	9a	9a	9a	9a	9a	9a	9a	9a	9a	9a	9a	9a	9a	9a	9a	9a	9a	9a	9a	9a	0	0	0	0	0	0	0	0	0	0	0	0	0	0	0	0	0	0	0	0	0	0	0	0	0	0	0	0	0	0	0	0	1b	215	18d	34	34	34	96	216	64	94	1b	115	16	f1	1b	217	218	200014f	200003b	200003c	200003d	200003e	2000039	200003c	20001bd	200003f	2000219	200021a	200020c	200021b	200021c	200021d	200021e	200003c	200004e	2000027	2000039	200021f	2000220	2000221	2000051	2000222	200001b	2000223	2000224	2000225	20001f5	2000226	2000227	2000228	2000229	20001e7	200022a	200013d	200022b	200015b	200002d	200020f	200022c	200022d	200022e	200022f	2000230	2000231	2000232	2000046	200000e	200000d	2000003	2000003	2000003	2000004	2000001	0	0	0	0	0	0	0	0	0	2	4	0	0	0	0	0	0	0	0	0	0	0	0
1b	1b	1b	1b	87	28	88	89	8a	8b	8c	8d	8e	8f	90	91	92	e	e	93	11	e	e	94	95	17	63	23	e	e	96	1a	97	98	99	0	0	0	0	0	0	0	0	0	0	0	0	0	0	0	0	0	0	0	0	0	0	0	0	0	0	0	0	0	0	0	0	0	0	0	0	0	0	9a	9a	9a	9a	9a	9a	9a	9a	9a	9a	9a	9a	9a	9a	9a	9a	9a	0	0	0	0	0	0	0	0	0	0	0	0	0	0	0	0	0	0	0	0	0	0	0	0	0	0	0	0	0	0	0	0	0	0	0	0	0	0	0	0	0	0	15	5a	34	8000009b	8000009c	80000079	80000079	8000009d	1b	1b	9e	9f	a0	a1	1b	a2	a3	d	4	0	0	0	0	0	0	0	0	0	0	0	0	0	0	a4	1b	1b	1500001b	1500001b	1500001b	1500001b	1500001b	1500001b	1500001b	1500001b	15000087	15000028	15000088	15000089	1500008a	1500008b	1500008c	1500008d	1500008e	150000a5	15000090	15000091	150000a6	1500000e	1500000e	15000093	15000011	1500000e	1500000e	15000094	150000a7	150000a8	15000063	15000023	1500000e	1500000e	15000096	1500001a	15000097	15000098	e	14	4	0	0	0	0	0	0	0	0	0	0	0	0	0	0	0	0	0	a	3	3	3	4	0	0	0	0	0	0	0	15	3	3	a9	32	3	3	3	3	5	0	0	0	0	0	0	0	0	0	0	0	0	0	0	0	0	0	0	0	0	0	0	0	0	0	0	0	0	0	0	0	0	0	0	0	0	0	0	0	0	0	0	0	0	0	0	0	0	0	0	0	0	0	0	0	0	0	0	0	0	0	0	0	0	0	0	0	0	0	0	0	0	0	0	0	0	0	0	0	0	0	0	9a	9a	9a	9a	9a	9a	9a	9a	9a	9a	9a	9a	9a	9a	9a	9a	9a	9a	9a	9a	9a	9a	9a	9a	9a	9a	9a	9a	9a	9a	9a	9a	9a	9a	9a	9a	9a	9a	9a	9a	9a	9a	9a	9a	9a	9a	9a	9a	9a	9a	9a	9a	9a	9a	0	0	0	0	0	0	0	0	0	0	0	0	0	0	0	0	0	0	0	0	0	0	0	0	0	0	0	0	0	0	0	0	1b	233	34	34	b3	b1	234	1b	81	26	1b	235	236	1b	1c9	237	238	20001b5	200003c	200003d	20001bd	2000239	200023a	200023b	200020c	200023c	200023d	200023e	200023f	2000240	2000124	2000241	2000242	2000149	2000243	2000244	20000ab	200006a	2000245	2000246	2000247	2000248	2000141	2000249	200024a	200024b	200024c	200024d	200024e	200024f	2000250	2000127	20001fc	2000251	2000207	2000252	20000e5	2000142	2000253	200002c	20000e5	200015b	2000254	200013e	2000255	20001cb	2000011	200000e	200000d	2000007	2000003	2000003	2000003	4	0	0	0	0	0	0	0	2	3	3	4	0	0	0	0	0	0	0	0	0	0	0
1b	1b	1b	aa	3d	ab	ac	ad	2b	ae	af	b0	e	e	e	b1	b2	b3	b4	26	1b	b5	16	26	1b	1b	1b	81	b6	11	b7	1b	66	b8	99	0	0	0	0	0	0	0	0	0	0	0	0	0	0	0	0	0	0	0	0	0	0	0	0	0	0	0	0	0	0	0	0	0	0	0	0	0	0	9a	9a	9a	9a	9a	9a	9a	9a	9a	9a	9a	9a	9a	9a	9a	9a	9a	0	0	0	0	0	0	0	0	0	0	0	0	0	0	0	0	0	0	0	0	0	0	0	0	0	0	0	0	0	0	0	0	0	0	0	0	0	0	0	0	0	0	0	a	a9	800000b9	800000ba	80000079	800000bb	1b	1b	bc	bd	be	bf	c0	c1	c2	c3	c4	14	4	0	0	0	0	0	0	0	0	0	0	0	0	c5	1b	1b	1b	1500001b	1500001b	15000027	1500001b	1500001b	1500001b	1500001b	150000aa	1500003d	150000c6	150000c7	150000c8	150000c9	150000ca	150000c9	150000ca	150000c7	150000c8	150000c9	150000ca	150000c9	150000ca	150000cb	150000cc	150000cb	150000cc	150000ca	150000cd	150000ca	150000cd	150000ca	150000cd	150000c9	150000ca	150000c9	150000c9	15000066	150000b8	e	d	3	4	0	0	0	0	0	0	0	0	0	0	0	0	0	0	0	0	0	f	a	3	3	4	0	0	2	4	0	0	2	3	3	3	3	3	3	3	10	0	0	2	4	0	0	0	0	0	0	0	0	0	0	0	0	0	0	0	0	0	0	0	0	0	0	0	0	0	0	0	0	0	0	0	0	0	0	0	0	0	0	0	0	0	0	0	0	0	0	0	0	0	0	0	0	0	0	0	0	0	0	0	0	0	0	0	0	0	0	0	0	0	0	0	0	0	0	0	0	0	0	0	9a	9a	9a	9a	9a	9a	9a	9a	9a	9a	9a	9a	9a	9a	9a	9a	9a	9a	9a	9a	9a	9a	9a	9a	9a	9a	9a	9a	9a	9a	9a	9a	9a	9a	9a	9a	9a	9a	9a	9a	9a	9a	9a	9a	9a	9a	9a	9a	9a	9a	9a	9a	9a	9a	0	0	0	0	0	0	0	0	0	0	0	0	0	0	0	0	0	0	0	0	0	0	0	0	0	0	0	0	0	0	0	0	1b	81	256	257	1b	1b	1b	1b	1b	258	236	259	13d	1fc	25a	140	25b	20001c6	20001b5	200025c	200025d	2000207	200025e	200025f	2000260	2000250	2000261	2000262	2000263	2000264	2000140	2000265	2000266	2000267	2000268	2000269	200026a	200026b	200026c	200026d	200026e	2000249	20000d4	200020c	200026f	2000270	2000271	2000272	2000273	200015b	20000d3	2000142	2000274	200015b	200022d	2000275	2000276	2000277	2000275	2000278	2000279	2000140	200013e	200027a	200015c	200013d	200022d	20001da	200000e	200000e	200000d	2000007	2000003	3	4	1	0	0	0	0	0	a	3	3	3	4	0	0	0	0	0	0	0	0	0	0
3c	3d	3d	ce	cf	d0	d1	d2	d3	d4	d5	31	e	e	d6	1b	1b	1b	1b	1b	1b	1b	1b	1b	1b	1b	1b	1b	1b	1b	1b	d7	28	d8	d9	0	0	0	0	0	0	0	0	0	0	0	0	0	0	0	0	0	0	0	0	0	0	0	0	0	0	0	0	0	0	0	0	0	0	0	0	0	0	9a	9a	9a	9a	9a	9a	9a	9a	9a	9a	9a	9a	9a	9a	9a	9a	9a	0	0	0	0	0	0	0	0	0	0	0	0	0	0	0	0	0	0	0	0	0	0	0	0	0	0	0	0	0	0	0	0	0	0	0	0	0	0	0	0	0	0	0	15	5a	800000da	800000db	800000dc	dd	de	df	e0	e1	e2	e3	e4	e5	e6	e7	31	14	3	5	0	0	0	0	0	0	0	0	0	0	e8	1b	1b	1b	1b	1500001b	1500001b	150000e9	1500003b	1500003c	1500003d	1500003d	150000ce	150000ea	150000c7	150000c7	150000c8	150000c9	150000ca	150000c9	150000ca	150000c7	150000c8	150000c9	150000ca	150000c9	150000ca	150000cb	150000cc	150000ca	150000cd	150000ca	150000cd	150000ca	150000cd	150000c9	150000ca	150000c9	150000c9	150000ca	150000eb	15000028	150000d8	92	e	d	3	5	0	0	2	4	1	0	0	0	0	0	0	0	0	0	0	0	0	0	a	10	f	0	2	3	3	4	2	3	3	3	10	f	a	3	3	5	1	2	3	3	5	0	0	0	0	0	0	0	0	0	0	0	0	0	0	0	0	0	0	0	0	0	0	0	0	0	0	0	0	0	0	0	0	0	0	0	0	0	0	0	0	0	0	0	0	0	0	0	0	0	0	0	0	0	0	0	0	0	0	0	0	0	0	0	0	0	0	0	0	0	0	0	0	0	0	0	0	0	0	0	9a	9a	9a	9a	9a	9a	9a	9a	9a	9a	9a	9a	9a	9a	9a	0	9a	9a	9a	9a	9a	9a	9a	9a	9a	9a	9a	9a	9a	9a	9a	9a	9a	9a	9a	9a	9a	9a	9a	9a	9a	9a	9a	9a	9a	9a	9a	9a	9a	9a	9a	9a	9a	0	0	0	0	0	0	0	0	0	0	0	0	0	0	0	0	0	0	0	0	0	0	0	0	0	0	0	0	0	0	0	1b	1b	1b	27b	27c	27d	1b	1b	258	217	1d9	1d9	27e	15a	27f	280	e5	142	2000281	20001c6	20001c7	2000282	2000270	2000283	2000284	2000250	2000285	200009d	2000263	200002c	2000286	20000d3	2000287	2000288	2000289	200028a	200028b	200028c	200028d	200028e	200028f	2000290	200025f	2000291	200023f	2000292	2000261	2000293	2000294	200021e	2000295	2000296	20000c0	200020f	20001eb	2000297	200022d	20001d9	200002c	20001d9	2000298	2000251	200015b	20001d9	200002c	2000299	200029a	2000042	2000207	200029b	2000075	200000e	200000e	200000d	2000007	2000003	2000003	2000004	2000000	0	0	0	0	f	a	3	10	0	0	0	0	0	0	0	0	0	0
3d	ec	27	ed	ee	ef	1b	1b	30	8e	f0	92	16	17	f1	1b	1b	bc	bd	be	bf	1b	1b	1b	1b	27	1b	1b	1b	1b	f2	3d	ec	f3	99	0	0	0	0	0	0	0	0	0	0	0	0	0	0	0	0	0	0	0	0	0	0	0	0	0	0	0	0	0	0	0	0	0	0	0	0	0	0	9a	9a	9a	9a	9a	9a	9a	9a	9a	9a	9a	9a	9a	9a	9a	9a	9a	0	0	0	0	0	0	0	0	0	0	0	0	0	0	0	0	0	0	0	0	0	0	0	0	0	0	0	0	0	0	0	0	0	0	0	0	0	0	0	0	0	0	0	15	5a	80000034	80000077	800000f4	f5	ae	f6	e1	f7	f8	f9	fa	fb	4a007f	4a00fc	fd	d	3	5	0	0	0	0	0	0	0	0	0	0	fe	1b	1b	1b	1b	1b	1500001b	1500001b	1500003c	1500003d	150000ec	15000027	150000ed	150000ee	150000c7	150000c7	150000c8	150000c9	150000ca	150000c9	150000ca	150000c9	150000ca	150000cd	150000c7	150000c8	150000c9	150000ca	150000c9	150000ca	150000c9	150000ca	150000c9	150000ca	15000027	150000c9	150000ca	150000c9	150000ca	150000f2	1500003d	ec	f3	e	e	e	14	4	1	2	3	3	3	4	0	0	0	0	0	0	0	0	0	0	0	0	0	0	0	0	a	3	3	3	3	3	3	10	0	0	0	a	10	0	a	3	3	3	4	0	0	0	0	0	0	0	0	0	0	0	0	0	0	0	0	0	0	0	0	0	0	0	0	0	0	0	0	0	0	0	0	0	0	0	0	0	0	0	0	0	0	0	0	0	0	0	0	0	0	0	0	0	0	0	0	0	0	0	0	0	0	0	0	0	0	0	0	0	0	0	0	0	0	0	0	0	0	0	9a	9a	9a	9a	9a	9a	9a	9a	9a	9a	9a	9a	9a	9a	9a	0	9a	9a	9a	9a	9a	9a	9a	9a	9a	9a	9a	9a	9a	9a	9a	9a	9a	9a	9a	9a	9a	9a	9a	9a	9a	9a	9a	9a	9a	9a	9a	9a	9a	9a	9a	9a	9a	0	0	0	0	0	0	0	0	0	0	0	0	0	0	0	0	0	0	0	0	0	0	0	0	0	0	0	0	0	0	0	1b	1b	1b	1ef	29c	29d	1b	d2	1d9	1d9	1d9	e5	207	1b	1b	29e	29f	2a0	20002a1	20002a2	20002a3	20000bd	20002a4	20000e4	20001fc	20002a5	20002a6	20001f3	20002a7	20002a8	2000142	20002a9	20002aa	20002ab	2000222	20002ac	20002ad	20002ae	20002af	20002b0	20002b1	20002b2	20002b3	2000250	20002b4	20002b5	20002b6	20002b7	20002b8	20002b9	20002ba	20002bb	20002bc	20002bd	200002c	200022b	200015b	20002be	2000253	200013e	200027a	20001fc	2000251	20002bd	2000286	20000e5	20002bf	2000205	200003b	2000039	20002c0	20002c1	2000018	200000e	200000e	200000d	2000007	2000003	2000004	0	0	1	0	0	15	10	0	0	0	0	0	0	0	0	0	0	0
ff	1b	3a	3b	39	1b	1b	1b	100	46	e	101	1b	1b	1b	de	df	e0	e1	e2	e3	bf	66	1b	1b	e9	3b	3c	3d	3d	102	cf	d0	1b	103	0	0	0	0	0	0	0	0	0	0	0	0	0	0	0	0	0	0	0	0	0	0	0	0	0	0	0	0	0	0	0	0	0	0	0	0	0	0	9a	9a	9a	9a	9a	9a	9a	9a	9a	9a	9a	9a	9a	9a	9a	9a	9a	0	0	0	0	0	0	0	0	0	0	0	0	0	0	0	0	0	0	0	0	0	0	0	0	0	0	0	0	0	0	0	0	0	0	0	0	0	0	0	0	0	0	0	15	5a	34	80000104	80000105	106	107	df	e3	4b00bf	4b0108	109	10a	10b	10c	10d	34	32	10	0	0	0	0	0	0	0	0	0	0	10e	26	1b	1b	1b	1b	1b	1500001b	1500001b	15000027	150000ff	1500001b	1500003a	1500003b	15000039	150000ca	150000cd	1500010f	150000cd	1500010f	150000cd	15000110	150000cc	150000c9	150000c9	150000c9	150000c9	150000c9	150000c9	150000c9	150000c9	150000c9	15000066	150000c9	15000111	15000112	1500003b	1500003c	15000113	15000114	15000102	cf	d0	1b	115	23	e	e	d	3	3	3	3	3	10	0	0	0	0	0	0	0	0	0	0	0	0	0	0	0	0	0	f	a	3	3	3	10	0	0	0	0	0	0	0	0	f	a	3	3	4	0	0	0	0	0	0	0	0	0	0	0	0	0	0	0	0	0	0	0	0	0	0	0	0	0	0	0	0	0	0	0	0	0	0	0	0	0	0	0	0	0	0	0	0	0	0	0	0	0	0	0	0	0	0	0	0	0	0	0	0	0	0	0	0	0	0	0	0	0	0	0	0	0	0	0	0	0	0	9a	9a	9a	9a	9a	9a	9a	9a	9a	9a	9a	9a	9a	9a	9a	0	9a	9a	9a	9a	9a	9a	9a	9a	9a	9a	9a	9a	9a	9a	9a	9a	9a	9a	9a	9a	9a	9a	9a	9a	9a	9a	9a	9a	9a	9a	9a	9a	9a	9a	9a	9a	9a	0	0	0	0	0	0	0	0	0	0	0	0	0	0	0	0	0	0	0	0	0	0	0	0	0	0	0	0	0	0	0	1b	1b	1ff	160	96	26	258	217	1d9	e5	142	2c2	1b	2c3	1b	2c4	2c5	2c6	20002c7	20000df	20000e0	20000e1	20000f7	20002c8	200027f	2000066	20002c9	20002ca	20002cb	20002cc	20002cd	20002ce	20002cf	20002d0	200001b	2000066	2000241	20002d1	20002d2	20002d3	20002d4	20002d5	2000250	20002d6	20002d7	20002d8	20002d9	20002da	20002db	20002dc	20002dd	20002de	20002df	20002e0	20002e1	2000207	20000ae	200015b	20002e2	200013d	20001d9	20002e3	20002e4	20002e5	2000042	2000279	2000140	20001fc	200003c	2000226	20002e6	200015b	20002e7	20002e8	2000131	200000e	200000e	200000d	2000003	4	2	3	5	0	0	0	0	0	0	0	0	0	0	0	0	0	0
3d	3b	116	3c	ec	1b	1b	1b	1b	117	1a	1b	bc	118	119	bf	11a	e1	f7	11b	f9	11c	28	27	11d	28	11e	3d	ec	27	ed	ee	ef	1b	11f	0	0	0	0	0	0	0	0	0	0	0	0	0	0	0	0	0	0	0	0	0	0	0	0	0	0	0	0	0	0	0	0	0	0	0	0	0	0	9a	9a	9a	9a	9a	9a	9a	9a	9a	9a	9a	9a	9a	9a	9a	9a	120	0	0	0	0	0	0	0	0	0	0	0	0	0	0	0	0	0	0	0	0	0	0	0	0	0	0	0	0	0	0	0	0	0	0	0	0	0	0	0	0	0	0	0	0	a	a9	34	121	36	c0	122	f9	123	124	125	126	127	128	129	34	14	5	0	0	0	0	0	0	0	0	0	0	12a	12b	1b	1b	1b	1b	1b	1500001b	1500012c	1500012d	15000113	1500003b	15000116	1500003c	1500012e	150000c7	150000c7	150000c8	150000cd	150000c8	150000cd	150000c8	150000c7	150000c7	150000c8	150000cd	150000cd	150000cd	150000cd	150000cd	1500012f	150000eb	15000028	150000c9	150000ca	150000c9	1500012d	1500003d	15000130	15000027	150000ed	ee	ef	1b	1b	37	13	131	e	d	7	3	3	3	4	0	0	0	0	0	0	0	0	0	0	0	0	0	0	0	0	0	0	2	3	10	f	0	0	0	0	0	0	0	0	0	0	0	a	10	f	0	0	0	0	0	0	0	0	0	0	0	0	0	0	0	0	0	0	0	0	0	0	0	0	0	0	0	0	0	0	0	0	0	0	0	0	0	0	0	0	0	0	0	0	0	0	0	0	0	0	0	0	0	0	0	0	0	0	0	0	0	0	0	0	0	0	0	0	0	0	0	0	0	0	0	0	0	0	9a	9a	9a	9a	9a	9a	9a	9a	120	0	0	0	0	0	0	0	9a	9a	9a	9a	9a	9a	9a	9a	9a	9a	9a	9a	9a	9a	9a	9a	9a	9a	9a	9a	9a	9a	9a	9a	9a	9a	9a	9a	9a	9a	9a	9a	9a	9a	9a	9a	9a	0	0	0	0	0	0	0	0	0	0	0	0	0	0	0	0	0	0	0	0	0	0	0	0	0	0	0	0	0	1b	1b	1b	1a7	2e9	18d	2ea	2eb	1d9	1d9	1d9	265	2a7	e5	124	2ec	2ed	d4	2ee	2ef	20002f0	20002f1	20002f2	20000f7	20002f3	20002f4	20000d7	2000028	20002f5	20002f6	20002f7	20000dd	20002f8	200001b	20002f9	20002fa	20000d7	2000028	2000027	20000ff	2000241	20002fb	20002fc	20002fd	2000209	20002fe	20002ff	200008a	2000300	2000231	2000301	2000302	2000249	2000303	2000304	2000305	2000306	20002a7	200020f	2000307	2000308	200013e	2000141	2000124	2000309	200030a	200021e	200030b	200013d	200030c	2000027	200030d	200030e	200030f	200002d	2000310	2000311	2000312	200000e	200000e	200000d	3	3	3	4	0	0	0	0	0	0	0	0	0	0	0	0	0	0
0	0	0	0	0	0	0	0	0	0	0	0	0	0	0	0	0	0	0	0	0	0	0	0	0	0	0	0	0	0	0	0	0	0	0	0	0	0	0	0	0	0	0	0	0	0	0	0	0	0	0	0	0	0	0	0	0	0	0	0	0	0	0	0	0	0	0	0	0	0	0	0	0	0	0	9a	9a	9a	9a	9a	9a	9a	9a	120	0	0	0	0	0	0	0	9a	9a	9a	9a	9a	9a	9a	9a	9a	9a	9a	9a	9a	9a	9a	9a	9a	9a	9a	9a	9a	9a	9a	9a	9a	9a	9a	9a	9a	9a	9a	9a	9a	9a	9a	9a	9a	0	0	0	0	0	0	0	0	0	0	0	0	0	0	0	0	0	0	0	0	0	0	0	0	0	0	0	0	0	1b	1b	1b	30	313	314	2a7	1d9	1d9	e5	249	15e	315	316	317	318	1fc	1b	2a0	319	31a	31b	31c	31d	31e	31f	3d	137	320	321	322	1b	1b	1b	1b	f2	3d	ec	323	3d	3b	2000324	2000325	2000250	2000326	2000327	200021a	2000263	20001d9	200002c	200002d	2000298	20000a1	2000328	2000329	200032a	200032b	200032c	200032d	200032e	20001d9	200002c	200020f	2000210	200032f	2000330	2000250	2000217	2000331	2000332	2000323	200003d	2000333	2000334	2000042	2000207	20000c0	2000335	2000098	200000e	200000e	d	3	3	3	5	0	0	1	0	0	0	0	0	0	0	0	0	0	0	0	0	0	0	0	0	0	0	0	0	0	0	0	0	0	0	0	0	0	0	0	0	0	0	0	0	0	0	0	0	0	0	0	0	0	0	0	0	0	0	0	0	0	0	0	0	0	0	0	0	0	0	0	0	0	0	0	0	0	0	0	0	0	0	0	0	0	0	5fb	5fc	5fc	5fc	5fc	5fc	5fc	5fc	5fc	5fc	5fc	5fc	5fc	5fc	5fd	5fe	5fc	5fc	5fc	5fc	5fc	9a	9a	9a	9a	9a	9a	9a	9a	9a	9a	9a	9a	9a	9a	9a	9a	9a	9a	9a	9a	9a	9a	9a	9a	9a	9a	9a	9a	9a	9a	9a	9a	9a	9a	9a	9a	9a	9a	1b	1b	1b	1b	1b	1b	1d9	1d9	1d9	1d9	1d9	1d9	1d9	1d9	1d9	1d9	1d9	1d9	1d9	2be	5ff	2e9	600	34	a4	2a7	1d9	1d9	1d9	1d9	1d9	601	602	603	604	276	605	10000e1	10000f7	1000606	10004e7	100040d	1000432	1000607	1000377	1000608	1000609	100060a	100040d	1000432	100047b	100001b	100060b	100027f	100046a	100001b	1000372	100060c	100060d	100003b	1000039	100020c	100060e	100060f	1000490	1000610	1000611	1000612	1000613	1000614	1000615	1000250	100001b	100001b	1000616	1000360	100051c	1000617	1000618	30002b3	3000250	4000619	400061a	300061b	300061c	300039b	300003c	300003d	30000ec	300001b	30000a0	300001b	30001a2	300003b	3000039	300003c	3000066	30001c9	300061d	300061e	300044c	61f	21e	3000437	46e	44a	58f	1f00028b	1f000620	1f000621	1f0003fc	1f00003f	1f00021a	1f000622	1f0003e9	1f0003ea	1f0003eb	1f00017f	1f000623	1f000155	1f000156	1f000624	1f0001a0	d	3	4	0	0
0	0	0	0	0	0	0	0	0	0	0	0	0	0	0	0	0	0	0	0	0	0	0	0	0	0	0	0	0	0	0	0	0	0	0	0	0	0	0	0	0	0	0	0	0	0	0	0	0	0	0	0	0	0	0	0	0	0	0	0	0	0	0	0	0	0	0	0	0	0	0	0	0	0	0	9a	9a	9a	9a	9a	9a	9a	9a	120	0	0	0	0	0	0	0	9a	9a	9a	9a	9a	9a	9a	9a	9a	9a	9a	9a	9a	9a	9a	9a	9a	9a	9a	9a	9a	9a	9a	9a	9a	9a	9a	9a	9a	9a	9a	9a	9a	9a	9a	9a	9a	0	0	0	0	0	0	0	0	0	0	0	0	0	0	0	0	0	0	0	0	0	0	0	0	0	0	0	0	0	1b	1b	1b	100	336	337	338	339	33a	2d7	2aa	33b	33c	33d	28e	251	33e	bd	33f	1000340	10000df	10000e0	1000341	1000341	100003d	1000342	1000343	100001b	1000344	1000345	1000346	100003b	100003c	100003d	100003d	10001d0	10000cf	10001e5	100003b	1000039	1000132	2000133	200003b	2000066	20000c2	2000347	2000348	200029a	2000297	2000286	20001d9	20001fc	2000349	200034a	200015b	200034b	20002fb	200028b	200034c	200034d	200034e	20002e1	200034f	2000350	2000351	20002fd	200015a	2000352	200027f	2000027	200001b	2000028	2000353	2000354	2000355	2000356	2000357	2000207	2000358	20000b6	200000e	200000e	d	7	3	4	1	2	3	4	1	0	0	0	0	0	0	0	0	0	0	0	0	0	0	0	0	0	0	0	0	0	0	0	0	0	0	0	0	0	0	0	0	0	0	0	0	0	0	0	0	0	0	0	0	0	0	0	0	0	0	0	0	0	0	0	0	0	0	0	0	0	0	0	0	0	0	0	20	9a	9a	9a	9a	9a	9a	9a	9a	9a	9a	9a	9a	9a	9a	9a	9a	9a	9a	9a	9a	9a	9a	9a	9a	9a	9a	9a	9a	625	626	9a	9a	9a	9a	9a	9a	9a	9a	9a	9a	9a	9a	9a	9a	9a	9a	9a	9a	9a	9a	9a	9a	9a	9a	9a	9a	9a	9a	9a	9a	9a	9a	9a	9a	9a	9a	9a	9a	1d9	1d9	1d9	1d9	1d9	1d9	1d9	1d9	1d9	1d9	1d9	1d9	1d9	1d9	1d9	1d9	1d9	1d9	1d9	128	627	313	34	598	2a7	1d9	1d9	1d9	1d9	1d9	1d9	298	628	629	62a	e5	62b	17d	100062c	100062d	1000432	100062e	100062f	1000630	1000631	1000632	1000633	1000634	1000635	1000636	100001b	10003c8	1000637	100001b	100001b	10004fb	1000638	1000639	100028e	1000323	10000ab	100063a	100063b	100063c	100063d	100063e	100063f	1000640	1000641	100020c	1000642	1000643	1000644	1000437	1000645	1000646	1000647	100020c	1000648	4000250	45c0236	4000649	40003b6	400010a	400064a	30000e1	30003c6	300064b	3000320	30004b8	30004b8	3000322	30001fd	30001f7	3000137	300001b	3000066	300064c	300064d	3000360	300064e	300064f	300054d	3000650	300013d	3000651	44a	1f00037b	1f00028b	1f000652	1f000653	1f000654	1f00014a	1f000655	1f0005ed	1f000656	1f000227	1f000657	1f000658	1f000659	1f00017f	1f00065a	1f00065b	e	14	3	5	0
0	0	0	0	0	0	0	0	0	0	0	0	0	0	0	0	0	0	0	0	0	0	0	0	0	0	0	0	0	0	0	0	0	0	0	0	0	0	0	0	0	0	0	0	0	0	0	0	0	0	0	0	0	0	0	0	0	0	0	0	0	0	0	0	0	0	0	0	0	0	0	0	0	0	0	9a	9a	9a	9a	9a	9a	9a	9a	120	0	0	0	0	0	0	0	9a	9a	9a	9a	9a	9a	9a	9a	9a	9a	9a	9a	9a	9a	9a	9a	9a	9a	9a	9a	9a	9a	9a	9a	9a	9a	9a	9a	9a	9a	9a	9a	9a	9a	9a	9a	9a	0	0	0	0	0	0	0	0	0	0	0	0	0	0	0	0	0	0	0	0	0	0	0	0	0	0	0	0	0	1b	1b	1b	1b	1ef	359	35a	35b	35c	246	35d	35e	35f	360	361	362	363	1000364	1000365	1000366	1000367	10000e1	10000f7	1000368	10000bd	1000320	1000369	10000df	10000e3	10000bf	100001b	1000208	100003d	100023a	1000027	10000ed	10000ee	100036a	10001f7	100036b	100036c	1000153	3b	39	36d	200036e	2000246	200036f	2000370	2000371	2000142	200027f	200001b	2000372	2000251	2000373	2000374	2000375	2000376	2000377	2000378	2000379	200037a	200037b	200037c	2000250	200037d	20001a2	200003b	200003c	200003d	200003e	2000039	2000323	200037e	20000e3	200037f	2000380	2000381	2000382	2000383	2000046	200000e	e	d	3	3	3	3	3	3	4	0	0	0	0	0	0	0	0	0	0	0	0	0	0	0	0	0	0	0	0	0	0	0	0	0	0	0	0	0	0	0	0	0	0	0	0	0	0	0	0	0	0	0	0	0	0	0	0	0	0	0	0	0	0	0	0	0	0	0	0	0	0	0	0	0	0	20	9a	9a	9a	9a	9a	9a	9a	9a	9a	9a	9a	9a	9a	9a	9a	9a	9a	9a	9a	9a	9a	9a	9a	9a	9a	9a	9a	9a	65c	65d	9a	9a	9a	9a	9a	9a	9a	9a	9a	9a	9a	9a	9a	9a	9a	9a	9a	9a	9a	9a	9a	9a	9a	9a	9a	9a	9a	9a	9a	9a	9a	9a	9a	9a	9a	9a	9a	9a	1d9	1d9	1d9	1d9	1d9	1d9	1d9	1d9	1d9	1d9	1d9	1d9	1d9	1d9	1d9	1d9	1d9	1d9	e5	e6	fc	fd	314	1b	2a7	1d9	1d9	1d9	1d9	1d9	1d9	265	263	217	2c	265	3c	66	1000618	1000479	100065e	10002fe	100065f	1000660	1000661	10002f8	1000662	1000663	1000664	1000665	1000666	1000667	100008a	10005f0	1000080	1000668	1000669	100066a	100066b	100036d	100066c	10001f8	100066d	1000630	100066e	100066f	1000670	10003d0	100025f	100040b	10002fc	100037b	1000671	100053b	10005af	1000672	1000673	3000674	45c0675	45c002d	45c01fc	4000676	4000677	4000678	400015b	30001fc	3000679	300067a	300067b	300067c	300067d	300067e	3000251	300015e	300001b	3000039	300067f	3000680	3000681	3000682	3000683	3000684	3000685	300021e	3000067	3000686	3000687	300037b	3000688	1f00037b	1f00028b	1f000689	1f00068a	1f00068b	1f00068c	1f00068d	1f0002d8	1f000661	1f00068e	1f0000c0	1f00068f	1f000690	1f000691	e	14	3	5	0
0	0	0	0	0	0	0	0	0	0	0	0	0	0	0	0	0	0	0	0	0	0	0	0	0	0	0	0	0	0	0	0	0	0	0	0	0	0	0	0	0	0	0	0	0	0	0	0	0	0	0	0	0	0	0	0	0	0	0	0	0	0	0	0	0	0	0	0	0	0	0	0	0	0	0	9a	9a	9a	9a	9a	9a	9a	9a	120	0	0	0	0	0	0	0	9a	9a	9a	9a	9a	9a	9a	9a	9a	9a	9a	9a	9a	9a	9a	9a	9a	9a	9a	9a	9a	9a	9a	9a	9a	9a	9a	9a	9a	9a	9a	9a	9a	9a	9a	9a	9a	0	0	0	0	0	0	0	0	0	0	0	0	0	0	0	0	0	0	0	0	0	0	0	0	0	0	0	0	0	1b	1b	1b	1b	384	34	385	386	387	388	279	210	389	38a	38b	38c	38d	100038e	100038f	1000390	1000391	1000109	100010a	1000392	10000df	10000e3	1000393	1000394	10000f9	1000395	10000a0	1000396	1000397	100007f	1000398	100003b	1000039	10002a7	10001fc	1000399	100039a	100039b	1000136	10000ec	1000027	200039c	2000028	200039d	200006d	2000327	200001b	200001b	200020c	200039e	200021e	200025d	200039f	20003a0	20003a1	20003a2	20003a3	20003a4	20003a5	20003a6	20003a7	200021e	20003a8	20003a9	200003c	200003d	2000137	2000136	20000ec	20003aa	20003ab	20000f9	20003ac	20003ad	20000dd	200039d	20000dd	20003ae	2000018	200000e	200000e	200000d	2000007	2000003	3	3	3	10	0	0	0	0	0	0	0	0	0	0	0	0	0	0	0	0	0	0	0	0	0	0	0	0	0	0	0	0	0	0	0	0	0	0	0	0	0	0	0	0	0	0	0	0	0	0	0	0	0	0	0	0	0	0	0	0	0	0	0	0	0	0	0	0	0	0	20	9a	9a	9a	9a	9a	9a	9a	9a	9a	9a	9a	9a	9a	9a	9a	9a	9a	9a	9a	9a	9a	9a	9a	9a	9a	9a	9a	9a	65c	65d	9a	9a	9a	9a	9a	9a	9a	9a	9a	9a	9a	9a	9a	9a	9a	9a	9a	9a	9a	9a	9a	9a	9a	9a	9a	9a	9a	9a	9a	9a	9a	9a	9a	9a	9a	9a	9a	9a	1d9	1d9	1d9	1d9	1d9	1d9	1d9	1d9	1d9	1d9	1d9	1d9	1d9	1d9	1d9	1d9	1d9	1d9	128	692	31	34	2ea	2a7	1d9	1d9	1d9	1d9	1d9	1d9	d3	693	694	695	696	128	1b	66	1000697	100054a	1000698	1000699	1000263	100013e	1000141	1000124	100069a	100069b	10002df	100069c	100069d	10001f3	100020c	10002bb	100069e	100023d	10003cd	1000443	100069f	1000339	10000e6	10003fe	10003cd	10006a0	10006a1	10003d0	1000402	10006a2	432	6a3	6a4	6a5	100037b	100028b	10006a6	100062d	40006a7	40006a8	40006a9	45c0352	40006aa	400001b	40000c0	400020f	4000210	30000e6	30003ee	30006ab	300017f	3000180	300039d	3000223	30006ac	30006ad	30004b8	30006ae	30006af	3000661	30006b0	30003fc	300001b	30006b1	3000241	300021d	300021e	30002a7	3000651	300044a	30006b2	377	1f000555	1f000556	1f00037b	1f0006b3	1f0006b4	1f0006b5	1f000269	1f0006b6	1f00001b	1f00044d	1f00039f	1f0006b7	1f0006b8	6b9	3	10	0	0
0	0	0	0	0	0	0	0	0	0	0	0	0	0	0	0	0	0	0	0	0	0	0	0	0	0	0	0	0	0	0	0	0	0	0	0	0	0	0	0	0	0	0	0	0	0	0	0	0	0	0	0	0	0	0	0	0	0	0	0	0	0	0	0	0	0	0	0	0	0	0	0	0	0	0	9a	9a	9a	9a	9a	9a	9a	9a	120	0	0	0	0	0	0	0	9a	9a	9a	9a	9a	9a	9a	9a	9a	9a	9a	9a	9a	9a	9a	9a	9a	9a	9a	9a	9a	9a	9a	9a	9a	9a	9a	9a	9a	9a	9a	9a	9a	9a	9a	9a	9a	0	0	0	0	0	0	0	0	0	0	0	0	0	0	0	0	0	0	0	0	0	0	0	0	0	0	0	0	1b	1b	1b	1b	1ff	3af	34	3b0	236	3b1	3b2	3b3	3b4	3b5	3b6	10a	3b7	3b8	100017f	1000180	10003b9	10003ba	10003bb	10003bc	100001b	1000152	10000f9	10003bd	10003be	10003bf	1000263	10000e5	10003c0	10000ae	10003c1	10003c2	1000208	10000ec	10003c3	10003c4	100003f	10003c5	10000e1	10003c6	10003c7	1000136	200003d	2000137	200008b	20003c8	20003b1	20003c9	200020c	20003ca	20003cb	20003cc	200023e	20003cd	20003ce	20003cf	200032f	20003d0	20003d0	20003d1	20003d2	20003d3	20003a7	200021e	20003d4	2000149	2000051	20003d5	20003d6	20003d7	20003d8	20003d9	20003da	20003db	200020c	20002ba	20002bb	20003dc	20003dd	20003de	20003df	2000131	200000e	200000e	200000d	3	3	10	0	0	0	0	0	0	0	0	0	0	0	0	0	0	0	0	0	0	0	0	0	0	0	0	0	0	0	0	0	0	0	0	0	0	0	0	0	0	0	0	0	0	0	0	0	0	0	0	0	0	0	0	0	0	0	0	0	0	0	0	0	0	0	0	0	0	0	20	9a	9a	9a	9a	9a	9a	9a	9a	9a	9a	9a	9a	9a	9a	9a	9a	9a	9a	9a	9a	9a	9a	9a	9a	9a	9a	9a	9a	65c	65d	9a	9a	9a	9a	9a	9a	9a	9a	9a	9a	9a	9a	9a	9a	9a	9a	9a	9a	9a	9a	9a	9a	9a	9a	9a	9a	9a	9a	9a	9a	9a	9a	9a	9a	1d9	1d9	1d9	1d9	1d9	1d9	1d9	1d9	1d9	1d9	1d9	1d9	1d9	1d9	1d9	1d9	1d9	1d9	1d9	1d9	1d9	e5	e6	b0	92	314	2a7	1d9	1d9	e5	2bd	1d9	1d9	d3	6ba	6bb	6bc	237	42	e6	39	6bd	1000241	10006be	1000620	10004d8	10006bf	1000249	10006c0	10006c1	1000042	10006c2	10002b8	10006c3	10002ba	10002ba	10006c4	10006c5	1000250	10000c1	10006c6	100021e	10006c7	1000386	10006c8	10006c9	100061f	10002ba	6ca	432	40006cb	40006cc	40006cd	40006ce	40006cf	40006d0	40006d1	40006d2	40004d5	40006d3	40006d4	4000637	400001b	400001b	400001b	40002ef	40006d5	400002d	4000265	3000027	30001df	3000028	30001a4	300003a	300003b	3000039	3206d6	30006d7	3000345	30006d8	30006d9	30002a7	30006da	3000461	300001b	300001b	300068e	30006db	300054d	30006dc	3000249	30006dd	30006de	30006df	3000377	3000555	3000432	30004d5	30006e0	3000377	1f0002ae	1f0004e6	1f0006e1	1f00001b	1f0006e2	1f0006e3	58	14	3	5	0	0
0	0	0	0	0	0	0	0	0	0	0	0	0	0	0	0	0	0	0	0	0	0	0	0	0	0	0	0	0	0	0	0	0	0	0	0	0	0	0	0	0	0	0	0	0	0	0	0	0	0	0	0	0	0	0	0	0	0	0	0	0	0	0	0	0	0	0	0	0	0	0	0	0	0	0	0	0	0	0	0	0	0	0	0	0	0	0	0	0	0	0	0	9a	9a	9a	9a	9a	9a	9a	9a	9a	9a	9a	9a	9a	9a	9a	9a	9a	9a	9a	9a	9a	9a	9a	9a	9a	9a	9a	9a	9a	9a	9a	9a	9a	9a	9a	9a	1b	1b	1b	1b	1b	1b	1b	1b	1b	1b	1b	1b	1b	1b	1b	1b	1b	1b	1b	1b	1b	1b	1b	1b	1b	1b	1b	1b	1b	1b	1b	1b	3e0	3e1	3e2	3e3	3e4	3e5	3e6	3e7	10003e8	10003e9	10003ea	10003eb	100017f	10003ec	10003ed	100003b	1000039	10003ee	10001c6	10001c7	1000027	10001df	1000028	10001d8	10003ef	100026b	10003f0	10001ea	1000140	10003f1	10003f2	1000386	1000027	100001b	1000028	10003f3	10003f4	10003f5	10003f6	10003f7	10003f8	1000156	20003f9	2000387	20003d6	20003fa	20003fb	20003fc	20003fd	20002b3	2000250	2640263	2640265	20003fe	20003cd	20003ff	2000330	2000400	20002d1	2000401	20002bb	2000402	2000403	2000250	2000404	2000405	2000406	2000407	2000408	2000409	20000d2	20001fc	200040a	200020c	40b	40c	40d	2000294	200021e	200040e	200040f	2000410	2000411	2000131	200000e	14	3	4	0	0	0	0	0	0	0	0	0	0	0	0	0	0	0	0	0	0	0	0	0	0	0	0	0	0	0	0	0	0	0	0	0	0	0	0	0	0	0	0	0	0	0	0	0	0	0	0	0	0	0	0	0	0	0	0	0	0	0	0	0	0	0	0	0	0	0	20	9a	9a	9a	9a	9a	9a	9a	9a	9a	9a	9a	9a	9a	9a	9a	9a	9a	9a	9a	9a	9a	9a	9a	9a	9a	9a	9a	9a	65c	65d	9a	9a	9a	9a	9a	9a	9a	9a	9a	9a	9a	9a	9a	9a	9a	9a	9a	9a	9a	9a	9a	9a	9a	9a	9a	9a	9a	9a	9a	9a	9a	9a	9a	9a	1d9	1d9	1d9	1d9	1d9	1d9	1d9	1d9	1d9	1d9	1d9	1d9	1d9	1d9	1d9	1d9	1d9	1d9	1d9	1d9	15c	2c2	1ff	58	e	2ea	212	249	6e4	276	45b	142	6e5	6e6	6e7	6e8	6e9	6ea	27	1b	39	27	1000066	10006eb	1000514	1000698	10006ec	10006ed	1000667	100050b	10006ee	10006ef	10006f0	10006f1	1000555	100037b	10006f2	1000250	1000248	100027a	100047f	10006f3	10006f4	10006f5	10006f6	100020c	400060e	40006f7	40006f8	40006f9	40006fa	40006fb	4000207	400015a	40006fc	40006fd	4000617	400001b	40006fe	40006ff	4000700	4000701	400001b	4000702	4000703	4000704	40000e4	400015c	40002c2	300003c	300003d	3000705	30003d7	300037d	3000706	33300ec	300001b	300003c	300003d	3000050	3000707	3000249	3000708	3000709	300070a	300001b	300020c	300070b	300070c	3000263	300022d	300070d	30002fc	300070e	300070f	30006a4	3000710	30000e5	30002bf	3000711	3000712	30d04d5	58d	1f00051a	1f000713	1f000714	72	14	3	5	0	0
0	0	0	0	0	0	0	0	0	0	0	0	0	0	0	0	0	0	0	0	0	0	0	0	0	0	0	0	0	0	0	0	0	0	0	0	0	0	0	0	0	0	0	0	0	0	0	0	0	0	0	0	0	0	0	0	0	0	0	0	0	0	0	0	0	0	0	0	0	0	0	0	0	0	0	0	0	0	0	0	0	0	0	0	0	0	0	0	0	0	0	0	9a	9a	9a	9a	9a	9a	9a	9a	9a	9a	9a	9a	9a	9a	9a	9a	9a	9a	9a	9a	9a	9a	9a	9a	9a	9a	9a	9a	9a	9a	9a	9a	9a	9a	9a	9a	1b	1b	1b	1b	1b	1b	1b	1b	1b	1b	1b	1b	1b	1b	1b	1b	1b	1b	1b	1b	1b	1b	1b	1b	1b	1b	1b	1b	1b	1b	1b	1b	1b	c4	359	35a	2a7	1fc	37d	3e6	1000412	1000413	1000414	1000415	1000416	1000417	1000418	1000136	1000419	100041a	100041b	100003b	100003c	100003d	10000ab	1000251	1000124	100041c	100041d	100041e	100013d	10001d9	100041f	100003b	100003c	100003d	100003e	1000039	1000420	1000421	1000422	1000423	1000424	100017f	2000180	20002f5	2000425	2000426	2000427	200040f	2000428	2000429	200021e	2640251	264015b	200042a	20003fe	2000283	2000250	200042b	200042c	2000241	20002d1	200021c	2000250	200042d	200001b	2000372	2000106	2000042	2000207	200042e	200042f	2000430	200025f	431	1f000432	1f000433	1f000434	1f000435	1f000436	200021e	2000437	2000438	2000439	200043a	200000e	200000d	2000003	2000003	4	1	0	0	1	1	0	0	0	0	0	0	0	0	0	0	0	0	0	0	0	0	0	0	0	0	0	0	0	0	0	0	0	0	0	0	0	0	0	0	0	0	0	0	0	0	0	0	0	0	0	0	0	0	0	0	0	0	0	0	0	0	0	0	0	0	0	20	9a	9a	9a	9a	9a	9a	9a	9a	9a	9a	9a	9a	9a	9a	9a	9a	9a	9a	9a	9a	9a	9a	9a	9a	9a	9a	9a	9a	65c	65d	9a	9a	9a	9a	9a	9a	9a	9a	9a	9a	9a	9a	9a	9a	9a	9a	9a	9a	9a	9a	9a	9a	9a	9a	9a	9a	9a	9a	9a	9a	9a	9a	9a	9a	1d9	1d9	1d9	1d9	1d9	1d9	1d9	1d9	1d9	1d9	1d9	1d9	1d9	1d9	1d9	1d9	1d9	1d9	1d9	e5	e6	1b	3e0	72	3e2	36	1b	2eb	217	2be	715	716	4eb	717	718	e5	15b	1fc	20b	3d	6bd	3c	1000719	1000241	100071a	100071b	10002bc	100032f	10004c0	100071c	100071d	100071e	100071f	10005f1	1000325	1000474	1000720	1000217	100015c	1000042	10000d4	10003fe	10003cd	1000721	100020c	100060e	4000722	4000723	4000724	400064d	4000725	4000726	4000727	400001b	400001b	40000a0	4000027	40000ff	400001b	40002f8	40000bc	4000728	30002fa	3000729	300072a	30000f7	300072b	72c	30000bd	300072d	300072e	300072f	3000730	3000731	3000732	333001b	300001b	300001b	30f0733	3000734	3000735	300069e	300023d	3000736	3000737	300020c	300040b	3000432	3000738	30002a7	300002d	3000739	300073a	300028b	300045d	3000297	30000e5	3000279	3000210	30002bd	30000e5	300073b	300073c	73d	1f00073e	1f00073f	32	3	10	0	0	0
0	0	0	0	0	0	0	0	0	0	0	0	0	0	0	0	0	0	0	0	0	0	0	0	0	0	0	0	0	0	0	0	0	0	0	0	0	0	0	0	0	0	0	0	0	0	0	0	0	0	0	0	0	0	0	0	0	0	0	0	0	0	0	0	0	0	0	0	0	0	0	0	0	0	0	0	0	0	0	0	0	0	0	0	0	0	0	0	0	0	0	0	9a	9a	9a	9a	9a	9a	9a	9a	9a	9a	9a	9a	9a	9a	9a	9a	9a	9a	9a	9a	9a	9a	9a	9a	9a	9a	9a	9a	9a	9a	9a	9a	9a	9a	9a	9a	1b	1b	1b	1b	1b	1b	1b	1b	1b	1b	1b	1b	1b	1b	1b	1b	1b	1b	1b	1b	1b	1b	1b	1b	1b	1b	1b	1b	1b	1b	1b	1b	43b	31	34	43c	ae	e6	43d	43e	100027a	100043f	1000440	1000441	10001c6	15a01c7	1000442	1000443	1000444	10002ff	1000445	1000136	100003d	1000446	1000447	10003cd	1000251	1000339	10000e6	1000219	100015a	1000042	100015e	1000136	100003d	1000448	10001f5	10000ec	1000449	100044a	100044b	100001b	100044c	10001a4	1000027	100001b	39	200044d	200015b	2000298	20003c8	200044e	2000429	200021e	200044f	2000450	2000043	2000263	20001fc	2000451	20003be	2000452	2000453	200021a	2000454	2000455	200025f	200024e	20002bb	20003d0	2000456	2000457	2000458	2000459	1f0002fb	1f000432	1f00045a	1f00045b	1f00015b	1f000298	1f0003fd	200045c	200045d	200013d	200045e	200045f	2000098	200000e	200000d	2000007	2000003	2000003	4	2	3	3	4	0	0	0	0	0	0	0	0	0	0	0	0	0	0	0	0	0	0	0	0	0	0	0	0	0	0	0	0	0	0	0	0	0	0	0	0	0	0	0	0	0	0	0	0	0	0	0	0	0	0	0	0	0	0	0	0	0	0	0	0	20	9a	9a	9a	9a	9a	9a	9a	9a	9a	9a	9a	9a	9a	9a	9a	9a	9a	9a	9a	9a	9a	9a	9a	9a	9a	9a	9a	9a	65c	65d	9a	9a	9a	9a	9a	9a	9a	9a	9a	9a	9a	9a	9a	9a	9a	9a	9a	9a	9a	9a	9a	9a	9a	9a	9a	9a	9a	9a	9a	9a	9a	9a	9a	9a	1d9	1d9	1d9	1d9	1d9	1d9	1d9	1d9	1d9	1d9	1d9	1d9	1d9	1d9	1d9	1d9	740	297	1d9	1fc	741	124	3e5	1f	359	35a	1c9	142	13d	742	743	744	745	217	746	747	4c1	748	3f	3f	27	40001df	40001df	28	1000241	10005c1	10006c3	1000749	4000250	4000241	100074a	10003cd	100074b	100074c	100074d	1000339	100074e	1000142	100074f	10003d0	1000750	1000751	1000752	10002ba	10006c4	753	4000754	4000755	4000360	4000360	4000360	400051c	4000647	400001b	4000756	40000a1	400011e	400003d	400003b	4000757	4000758	40000e1	3000759	30000f7	300075a	75b	30000df	30000e0	30000e1	30000e2	30000e3	300075c	300075d	300001b	3000027	3000205	300003b	3000039	300015d	300075e	300075f	30004b1	3000760	3000761	3000294	762	3000432	300047b	30000a1	3000280	30000e5	3000142	3000763	3000688	300070e	300026d	300020f	3000307	3000207	3000764	3000765	3000492	3000766	3000594	8e	313	14	10	0	0	0	0
0	0	0	0	0	0	0	0	0	0	0	0	0	0	0	0	0	0	0	0	0	0	0	0	0	0	0	0	0	0	0	0	0	0	0	0	0	0	0	0	0	0	0	0	0	0	0	0	0	0	0	0	0	0	0	0	0	0	0	0	0	0	0	0	0	0	0	0	0	0	0	0	0	0	0	0	0	0	0	0	0	0	0	20	120	0	0	0	0	0	0	0	9a	9a	9a	9a	9a	9a	9a	9a	9a	9a	9a	9a	9a	9a	9a	9a	9a	9a	9a	9a	9a	9a	9a	9a	9a	9a	9a	9a	9a	9a	9a	9a	9a	9a	9a	9a	1b	1b	1b	1b	1b	1b	1b	1b	1b	1b	1b	1b	1b	1b	1b	1b	1b	1b	1b	1b	1b	1b	1b	1b	1b	1b	1b	1b	1b	1b	43b	146	f0	fd	d6	d2	128	460	461	280	10001d9	10001fc	1000462	1000463	1000464	15a0465	15a03e5	1000466	100009d	1000467	1000468	1000469	1000027	100001b	1000028	10003fe	10003cd	10001d8	1000207	100046a	10001c9	100046b	10000df	10000e3	100046c	100046d	100021e	100043e	1000255	100046e	100046f	100003f	100003a	100003b	100003c	100003d	3e	2000039	20002a7	200022d	20002ec	20003b2	2000470	2000429	20002ba	20002bb	2000471	2000251	200032f	20003d0	200025f	20003d0	200025f	20002ba	2000472	2000473	2000474	2000475	2000476	477	2000478	20002bb	2000402	1f000479	1f00047a	1f00047b	1f00047c	1f00047d	1f00047e	1f0003e4	1f00047f	2000480	2000481	2000482	20001fc	2000483	2000484	2000011	200000e	200000e	200000d	2000007	3	3	3	3	10	0	0	0	0	0	0	0	0	0	0	0	0	0	0	0	0	0	0	0	0	0	0	0	0	0	0	0	0	0	0	0	0	0	0	0	0	0	0	0	0	0	0	0	0	0	0	0	0	0	0	0	0	0	0	0	0	0	0	0	0	20	9a	9a	9a	9a	9a	9a	9a	9a	9a	9a	9a	9a	9a	9a	9a	9a	9a	9a	9a	9a	9a	9a	9a	9a	9a	9a	9a	9a	65c	65d	9a	9a	9a	9a	9a	9a	9a	9a	9a	9a	9a	9a	9a	9a	9a	9a	9a	9a	9a	9a	9a	9a	9a	9a	9a	9a	9a	9a	9a	9a	9a	9a	9a	9a	1d9	1d9	1d9	1d9	1d9	1d9	1d9	1d9	1d9	1d9	1d9	1d9	1d9	1d9	1d9	2be	27f	767	15d	e6	768	769	76a	31	fd	76b	76c	76d	76e	76f	770	771	13c	32d	339	6e4	2c2	27	1b	28	400003c	400003d	400003d	40000ec	400001b	4000241	4000772	4000250	4000217	4000773	4000527	40003fe	10002e3	1000774	100021e	10001f3	100020c	10002ba	1000775	4000776	45c0777	45c046e	4000325	4000778	4000779	4000250	4000372	400077a	4000360	40006fd	4000617	400077b	400077c	400015e	40000bc	40000bd	300072d	30000bf	3000132	3000133	300003b	3000066	30000bc	300077d	3000320	3000369	300077e	30000e1	30000f7	312077f	30000f9	3000780	3000781	3000782	30001f7	300003d	300003d	3000137	3000066	3000783	3000784	3000785	3000786	3000787	3000788	789	300078a	300001b	300001b	3000300	300078b	300078c	30005f1	300044a	3000514	3000251	3000142	300078d	3000298	30000c0	30000e5	3000339	300078e	300078f	e	32	3	5	0	0	0	0
0	0	0	0	0	0	0	0	0	0	0	0	0	0	0	0	0	0	0	0	0	0	0	0	0	0	0	0	0	0	0	0	0	0	0	0	0	0	0	0	0	0	0	0	0	0	0	0	0	0	0	0	0	0	0	0	0	0	0	0	0	0	0	0	0	0	0	0	0	0	0	0	0	0	0	0	0	0	0	0	0	0	0	20	120	0	0	0	0	0	0	0	9a	9a	9a	9a	9a	9a	9a	9a	9a	9a	9a	9a	9a	9a	9a	9a	9a	9a	9a	9a	9a	9a	9a	9a	9a	9a	9a	9a	9a	9a	9a	9a	9a	9a	9a	9a	1b	1b	1b	1b	1b	1b	1b	1b	1b	1b	1b	1b	1b	1b	1b	1b	1b	1b	1b	1b	1b	1b	1b	1b	1b	1b	1b	1b	43b	146	f0	fd	34	485	f1	127	265	ac	486	487	1000352	1000488	1000489	10001c7	100048a	1000142	15a048b	15a02ff	15a048c	15a048d	100048e	1000156	1000184	100003d	100023a	100048f	10001b8	1000490	10001f3	1000491	100020e	1000492	1000493	10000bd	10000be	1000494	1000495	100032c	100032d	1000496	1000497	1000498	100001b	100003c	100003d	1000137	1000136	1000499	200049a	200049b	200049c	2000223	2000224	200049d	200049e	200049f	2000294	20002bb	2000402	22f04a0	20004a1	20004a2	20002fc	20004a3	20004a4	20004a5	200001b	20004a6	2000463	30004a7	30004a8	30004a9	30003a6	1f0004aa	1f00021e	1f000149	1f0004ab	1f0004ac	1f0004ad	1f0004ae	1f0004af	20004b0	20004b1	20001c9	20004b2	20004b3	200001b	20004b4	200029b	2000011	2000075	200000e	d	3	3	10	0	0	0	0	0	0	0	0	0	0	0	0	0	0	0	0	0	0	0	0	0	0	0	0	0	0	0	0	0	0	0	0	0	0	0	0	0	0	0	0	0	0	0	0	0	0	0	0	0	0	0	0	0	0	0	0	0	0	0	0	0	20	9a	9a	9a	9a	9a	9a	9a	9a	9a	9a	9a	9a	9a	9a	9a	9a	9a	9a	9a	9a	9a	9a	9a	9a	9a	9a	9a	9a	65c	65d	0	9a	9a	9a	9a	9a	9a	9a	9a	9a	9a	9a	9a	9a	9a	9a	9a	9a	9a	9a	9a	9a	9a	9a	9a	9a	9a	9a	9a	9a	9a	9a	9a	9a	1d9	1d9	1d9	1d9	1d9	1d9	1d9	1d9	1d9	1d9	1d9	1d9	1d9	1d9	e5	15e	2a7	e5	e6	258	265	1f3	b0	92	314	790	791	792	6bc	793	22d	794	795	796	797	798	3b	3c	3d	3e	4000039	400077c	4000124	4000205	400003b	4000039	400044c	40002a7	400002d	400020f	4000210	4000469	4000799	400079a	400079b	30002ba	30006c4	30002fb	4000776	400079c	400079d	45c0042	45c0527	400020c	400079e	400079f	4000397	400064d	40007a0	400044d	4000249	400015e	4000386	30000df	30000e0	30000e1	30000e2	30000e3	30007a1	3000153	3b	39	30003ee	30000df	30000e3	30007a2	30006ff	30007a3	30002aa	3120079	31206f5	3000700	30000c0	30001d9	30001d9	30000e5	300015e	30007a4	3000028	30007a5	30007a6	30007a7	30007a8	30004d1	30006f5	30003b2	30007a9	30007aa	30007ab	30007ac	300001b	30007ad	30007ae	30007af	300045c	30007b0	30002a7	30000e5	300015b	30007b1	30002c2	30007a7	30007b2	30007b3	98	d	3	4	0	0	0	0
0	0	0	0	0	0	0	0	0	0	0	0	0	0	0	0	0	0	0	0	0	0	0	0	0	0	0	0	0	0	0	0	0	0	0	0	0	0	0	0	0	0	0	0	0	0	0	0	0	0	0	0	0	0	0	0	0	0	0	0	0	0	0	0	0	0	0	0	0	0	0	0	0	0	0	0	0	0	0	0	0	0	0	20	120	0	0	0	0	0	0	0	9a	9a	9a	9a	9a	9a	9a	9a	9a	9a	9a	9a	9a	9a	9a	9a	9a	9a	9a	9a	9a	9a	9a	9a	9a	9a	9a	9a	9a	9a	9a	9a	9a	9a	9a	9a	1b	1b	1b	1b	1b	1b	1b	1b	1b	1b	1b	1b	1b	1b	1b	1b	1b	1b	1b	1b	1b	1b	1b	1b	1b	1b	1b	30	f0	fd	34	96	4b5	4b6	217	1d9	1fc	4b7	320	4b8	10004b8	10001c7	1000345	10004b9	1000124	10004ba	10004bb	10004bc	10004bd	100022d	10004be	100017f	10004bf	100032f	10004c0	10001b8	10004c1	10004c2	10004c3	10004c4	1000300	1000042	10004c5	10000e1	10000f7	10004c6	1000304	10004c7	10004c8	10004c9	10004ca	1000263	10004cb	100022d	10004cc	1000027	100001b	1000028	20004cd	200017f	20004ce	20004cf	20004d0	20004d1	20004d2	20004d3	20004d4	20004d5	20004d6	20004d7	20004d8	20004d9	20004da	20004db	20004dc	20004dd	20004de	4df	1c7	300003f	3000497	35b04e0	35b04e1	30004e2	1f0004b1	1f0004e3	1f0004e4	1f0004e5	1f0004e6	1f0004e7	1f00040d	20004e8	20004e9	20004ea	20004eb	20004ec	20004ed	200001b	200001b	20004ee	20004ef	20004f0	e	d	3	4	0	0	0	0	0	0	0	0	0	0	0	0	0	0	0	0	0	0	0	0	0	0	0	0	0	0	0	0	0	0	0	0	0	0	0	0	0	0	0	0	0	0	0	0	0	0	0	0	0	0	0	0	0	0	0	0	0	0	0	0	0	20	9a	9a	9a	9a	9a	9a	9a	9a	9a	9a	9a	9a	9a	9a	9a	9a	9a	9a	9a	9a	9a	9a	9a	9a	9a	9a	9a	9a	65c	65d	0	9a	9a	9a	9a	9a	9a	9a	9a	9a	9a	9a	9a	9a	9a	9a	9a	9a	9a	9a	9a	9a	9a	9a	9a	9a	9a	9a	9a	9a	9a	9a	9a	9a	1d9	1d9	1d9	1d9	1d9	1d9	1d9	1d9	1d9	e5	249	15b	1d9	15c	7b4	795	251	7b5	217	2c	e5	7b6	58	e	2ea	70a	7b7	7b8	7b9	67	7ba	27f	7bb	7bc	7bd	7be	136	3d	137	1f5	400036b	40007bf	4000210	40000d4	4000027	400001b	4000028	40007c0	400015b	40000d3	4000207	40007c1	40002b6	400001b	40005f1	400044a	40002b3	40007c2	4000273	40007c3	4000725	40007c4	40007c5	40007c6	4000250	40007c7	40007c8	4000451	30007c9	40002ef	30007ca	30000bd	30002a4	7cb	e1	30000f7	300011b	30000f9	30007cc	30003d5	300003c	30007cd	30007ce	30007cf	30000f9	30007d0	3000079	3000079	3000079	3000079	31204b3	3000027	300044d	3000249	30006e4	30002c2	30000f2	300003d	3000137	30007d1	30007d2	30007d3	3000141	30007d4	3000223	30002ff	30007d5	30002ff	30007d6	30007d7	30000c3	30007d8	30007d9	30007da	30007db	3000514	3000252	300020f	3000210	300015b	30000e5	300015b	3000265	30007dc	30007dd	300000e	d	3	4	0	0	0
0	0	0	0	0	0	0	0	0	0	0	0	0	0	0	0	0	0	0	0	0	0	0	0	0	0	0	0	0	0	0	0	0	0	0	0	0	0	0	0	0	0	0	0	0	0	0	0	0	0	0	0	0	0	0	0	0	0	0	0	0	0	0	0	0	0	0	0	0	0	0	0	0	0	0	0	0	0	0	0	0	0	0	20	120	0	0	0	0	0	0	0	0	0	0	0	0	0	0	0	0	0	0	0	0	0	0	0	0	0	0	0	0	0	0	0	0	0	0	0	0	0	0	0	0	0	0	0	1b	1b	1b	1b	1b	1b	1b	1b	1b	1b	1b	1b	1b	1b	1b	1b	1b	1b	1b	1b	1b	1b	1b	1b	1b	1b	1a7	4f1	fd	34	1d	4f2	1d9	1d9	1d9	e5	4f3	ad	4f4	345	10004f5	10004f6	10004f7	10004f8	10004f9	10004fa	10004fb	100047e	10004fc	1000302	1000339	10004fd	100032f	1000459	10004fe	1000251	10004ff	10002d8	1000500	1000501	1000502	1000066	10002a7	1000298	100001b	100001b	1000503	1000504	1000505	1000506	1000507	10000c0	1000286	100013e	1000255	10001f7	100003d	1000508	100026f	100023d	2000509	20000e1	20003c6	200050a	200001b	20003e6	20002f8	200001b	20003e6	20000dd	200039d	200050b	200050c	200050d	2000108	50e	30001c7	3000345	300050f	300020c	3000510	35b0511	35b0512	3000513	1f000514	1f000491	1f00003f	1f000515	2000516	2000517	2000518	20004d7	2000519	2000268	200051a	200051b	200051c	200051d	200051a	200051e	200034e	2000265	200001f	e	14	3	5	0	0	0	0	0	0	0	0	0	0	0	0	0	0	0	0	0	0	0	0	0	0	0	0	0	0	0	0	0	0	0	0	0	0	0	0	0	0	0	0	0	0	0	0	0	0	0	0	0	0	0	0	0	0	0	0	0	0	0	0	0	0	0	0	0	0	0	0	0	0	0	0	0	0	0	0	0	0	0	0	0	0	0	0	0	0	0	0	0	7de	7df	6	7e0	7e0	7e0	7e0	7e0	7e0	7e0	7e0	7e0	7e0	7e0	7e0	7e0	7e0	7e0	7e0	7e0	7e0	7e0	7e0	7e0	7e0	7e0	7e0	7e0	7e0	7e0	7e0	7e0	7e0	7e0	7e0	7e0	1d9	1d9	1d9	1d9	1d9	1d9	1d9	e5	249	15e	2eb	1e8	237	332	7e1	7e2	7e3	767	15d	7e4	1fc	7e5	72	5000314	50007e6	1b5	320	4b8	7e7	7e8	df	e3	7e9	782	7ea	d3	e6	7eb	4000066	40007ec	4000251	40007ed	40002c2	4000349	40007ee	400003d	4000050	4000051	40006ef	40002a9	40007ef	40004eb	40007f0	400021a	40002eb	40007f1	400045c	40007f2	40007f3	40007f4	40007f5	40007f6	400060a	400070c	40007f7	400026a	40003bf	400001b	3000703	3000704	30005d5	30000e1	30000f7	30007f8	30003d6	30007f9	30007a3	30002aa	3000079	30003b2	3000051	30006ff	3000079	30007a3	30002aa	3000079	3000079	3000079	3000079	3000079	30003b2	30007fa	300003b	300003c	300003d	300003d	30001d0	30007fb	30001e5	300003b	3000039	30002a7	30007fc	3000155	3000156	30007fd	30000bd	30000be	30007fe	30003b1	3000699	30007ff	3000800	3000801	3000802	3000803	3000804	3000297	300020f	300022c	300020f	3000210	300015b	30001f9	30002eb	3000805	e	d	3	5	0	0
0	0	0	0	0	0	0	0	0	0	0	0	0	0	0	0	0	0	0	0	0	0	0	0	0	0	0	0	0	0	0	0	0	0	0	0	0	0	0	0	0	0	0	0	0	0	0	0	0	0	0	0	0	0	0	0	0	0	0	0	0	0	0	0	0	0	0	0	0	0	0	0	0	0	0	0	0	0	0	0	0	0	0	20	120	0	0	0	0	0	0	0	0	0	0	0	0	0	0	0	0	0	0	0	0	0	0	0	0	0	0	0	0	0	0	0	0	0	0	0	0	0	0	0	0	0	0	0	1b	1b	1b	1b	1b	1b	1b	1b	1b	1b	1b	1b	1b	1b	1b	1b	1b	1b	1b	1b	1b	1b	1b	1b	1a7	51f	520	313	fd	257	d2	1d9	1d9	1d9	1d9	1fc	108	109	521	522	1000523	1000524	1000525	1000526	1000339	1000527	1000528	1000529	100052a	100052b	100052c	1000243	100052d	100052e	100052f	1000530	1000531	1000532	1000533	1000534	1000087	1000028	1000251	100015e	1000535	1000536	1000537	10004ca	1000538	1000539	100053a	100053b	100053c	1000141	1000142	100053d	100053e	100053f	1000540	10000bd	10000be	10000e4	1000541	1000354	1000355	3000356	2000542	300001b	30000bc	30000bd	300033f	3000543	2000544	3000545	300017f	3000546	3000547	4f7	3000548	3000549	300054a	35b0067	35b054b	300054c	1f00054d	1f00054e	1f00054f	1f000266	2000550	2000551	2000552	2000553	2000554	2000555	2000556	2000557	2000558	2000559	200055a	200055b	200055c	200055d	2000058	e	14	3	5	0	0	0	0	0	0	0	0	0	0	0	0	0	0	0	0	0	0	0	0	0	0	0	0	0	0	0	0	0	0	0	0	0	0	0	0	0	0	0	0	0	0	0	0	0	0	0	0	0	0	0	0	0	0	0	0	0	0	0	0	0	0	0	0	0	0	0	0	0	0	0	0	0	0	0	0	0	0	0	0	0	0	0	0	0	0	0	0	0	806	9	9	9	9	9	9	9	9	9	9	9	9	9	9	9	9	9	9	9	9	9	9	9	9	9	9	9	9	9	9	9	9	9	9	9	1d9	1d9	1d9	1d9	1d9	1d9	15c	2c2	2eb	1d9	1d9	265	60c	807	808	809	15b	128	80a	67	76a	80b	e	50000b7	500080c	1c6	80d	500080e	50001c6	50001c7	500080f	f9	810	142	7ba	27f	811	812	4000028	4000251	4000469	4000149	400020a	4000813	4000630	4000814	400006a	4000815	4000223	40002ff	4000816	400001b	4000263	400013e	4000141	4000817	40002d2	4000514	4000818	4000819	400062d	400081a	400081b	400081c	4000781	4000493	4000728	3000729	300072a	30000f7	300081d	30001b5	30001b6	30002a5	3000079	3000079	3000079	3000079	3000079	3000079	3000079	3000079	3000079	3000079	3000079	3000079	3000079	3000079	3000079	3000079	3000079	3000461	3000136	300003d	3000137	3000027	3000108	30000ee	ef	136	27	1b	39	81e	17f	81f	30000e1	30000f7	3000820	3000326	300050c	3000821	3000360	300051c	3000822	30003a7	300021e	3000823	3000824	3000825	3000297	300020f	3000210	3000826	30002be	3000691	e	e	14	5	0	0
0	0	0	0	0	0	0	0	0	0	0	0	0	0	0	0	0	0	0	0	0	0	0	0	0	0	0	0	0	0	0	0	0	0	0	0	0	0	0	0	0	0	0	0	0	0	0	0	0	0	0	0	0	0	0	0	0	0	0	0	0	0	0	0	0	0	0	0	0	0	0	0	0	0	0	0	0	0	0	0	0	0	0	20	120	0	0	0	0	0	0	0	0	0	0	0	0	0	0	0	0	0	0	0	0	0	0	0	0	0	0	0	0	0	0	0	0	0	0	0	0	0	0	0	0	0	0	0	1b	1b	1b	1b	1b	1b	1b	1b	1b	1b	1b	1b	1b	1b	1b	1b	1b	1b	1b	1b	1b	1b	1b	55e	520	55f	560	fd	200	561	1d9	1d9	1d9	1d9	15c	562	22d	563	564	565	1000566	10001c6	10001c7	1000567	1000279	1000210	1000124	1000568	1000409	1000569	10002f5	100056a	100056b	100056c	100056d	100056e	1000265	1000027	100001b	100031f	100003d	100056f	1000570	1000571	1000572	1000573	1000574	100047b	1000575	1000576	1000241	1000577	1000251	1000207	100020c	100026f	1000578	1000579	100057a	10000e1	10000f7	100057b	100057c	100057d	100037e	30000e3	300057e	30000df	30000e0	30000e1	30000e2	30000e3	300057f	3000580	3000581	3000582	3000583	3000584	3000585	3000586	3000587	300023c	3000588	3000589	58a	1f00021e	1f00058b	1f00058c	1f00058d	200058e	200058f	1f00037b	1f000590	1f000591	1f00037b	1f000555	1f000556	1f000592	1f000593	1f000594	1f00008e	1f00018c	72	32	3	10	0	0	0	0	0	0	0	0	0	0	0	0	0	0	0	0	0	0	0	0	0	0	0	0	0	0	0	0	0	0	0	0	0	0	0	0	0	0	0	0	0	0	0	0	0	0	0	0	0	0	0	0	0	0	0	0	0	0	0	0	0	0	0	0	0	0	0	0	0	0	0	0	0	0	0	0	0	0	0	0	0	0	0	0	0	0	0	0	0	0	806	9	9	9	9	9	9	9	9	9	9	9	9	9	9	9	9	9	9	9	9	9	9	9	9	9	9	9	9	9	9	9	1d9	1d9	1d9	1d9	1d9	1d9	1d9	1d9	1d9	e5	32e	1d9	13e	827	e5	15e	828	829	82a	c2	67	82b	43b	146	f0	92	50000d6	500082c	500082d	500082e	500082f	5000830	5000831	5000832	50005af	27	833	833	833	4b8	31f	400003d	4000137	4000756	4000209	40004eb	4000834	40002ff	4000835	4000836	4000837	4000360	40007f4	4000838	4000839	4000372	40000c0	400015c	400083a	4000207	400083b	400083c	40004e6	4000574	400083d	400083e	400083f	4000840	4000251	40000f6	40000e1	30000f7	3000841	3000343	30003ee	30001c6	30001c7	30007f9	3000079	3000079	3000079	3000079	3000079	3000079	3000079	3000079	3000079	3000079	3000079	3000079	3000079	30002ce	300024b	3000245	30002ff	300001b	3000027	300001b	39	3a	3b	39	1a2	3b	3c	3d	3e	39	1a4	670	842	30002bb	30003d0	3000843	30003b1	3000844	3000845	3000846	3000651	300044a	3000847	3000848	300002c	30001d9	3000849	300015c	3000686	30001d9	30001fc	300084a	e	e	14	5	0	0
0	0	0	0	0	0	0	0	0	0	0	0	0	0	0	0	0	0	0	0	0	0	0	0	0	0	0	0	0	0	0	0	0	0	0	0	0	0	0	0	0	0	0	0	0	0	0	0	0	0	0	0	0	0	0	0	0	0	0	0	0	0	0	0	0	0	0	0	0	0	0	0	0	0	0	0	0	0	0	0	0	0	0	20	120	0	0	0	0	0	0	0	0	0	0	0	0	0	0	0	0	0	0	0	0	0	0	0	0	0	0	0	0	0	0	0	0	0	0	0	0	0	0	0	0	0	0	0	1b	1b	1b	1b	1b	1b	1b	1b	1b	1b	1b	1b	1b	1b	1b	1b	1b	1b	1b	1b	1b	1b	595	596	560	fd	597	598	2eb	1d9	1d9	1d9	1d9	2be	599	1d9	15c	2c2	59a	355	10000e3	100059b	100059c	100059d	100059e	100020f	100059f	1000141	10005a0	10005a1	10005a2	10005a3	100040d	10005a4	10005a5	10005a6	10005a7	10001f7	100003d	10001d0	10005a8	10005a9	10005aa	1000559	1000432	10005ab	10005ac	10005ad	100050d	10005ae	10005af	10005b0	10005b1	10005b2	10005b3	10005b4	100026b	10005b5	1000142	10004e5	10005b6	3000574	30005b7	30005b8	30005b9	30000f9	30005ba	300011a	30000e1	30000f7	30005bb	30000f9	30005bc	30003b6	30005bd	30005be	30005bf	300017f	30005c0	3000241	30005c1	30005c2	30005c3	30005c4	37b	1f00045c	1f0005c5	1f00036f	1f0005c6	5c7	1f0005c8	1f0005c9	1f0005ca	1f0005cb	1f0005cc	1f0005cd	1f0005ce	1f0005cf	1f0005d0	1f0005d1	e	e	32	3	10	0	0	0	0	0	0	0	0	0	0	0	0	0	0	0	0	0	0	0	0	0	0	0	0	0	0	0	0	0	0	0	0	0	0	0	0	0	0	0	0	0	0	0	0	0	0	0	0	0	0	0	0	0	0	0	0	0	0	0	0	0	0	0	0	0	0	0	0	0	0	0	0	0	0	0	0	0	0	0	0	0	0	0	0	0	0	0	0	0	0	0	806	9	9	9	9	9	9	9	9	9	9	9	9	9	9	9	9	9	9	9	9	9	9	9	9	9	9	9	9	9	9	9	1d9	1d9	1d9	1d9	1d9	1d9	1d9	1d9	1d9	1fc	84b	e5	15b	2be	84c	1b	3b9	84d	7ac	21a	43b	146	f0	92	50000b1	84e	500084f	5000850	5000851	5000646	50007c9	5000852	5000853	50007ac	5000854	5000398	3b	3c	3d	500003d	50001f1	4000855	4000856	4000857	4000858	40003fc	4000263	4000265	4000859	400008c	400085a	400085b	400085c	400085d	400085e	400001b	400085f	4000860	4000861	4000862	4000674	4000432	4000863	400047b	40002f4	4000864	4000555	4000865	40000bd	40002a4	40007ca	300077d	3000320	3000369	300001b	3000866	3000867	3000079	3000079	3000079	3000079	3000079	3000079	3000079	3000079	3000079	3000079	3000079	3000079	30007e2	30002ff	300001b	300001b	300001b	30001a2	300003b	3c	3d	3e	39	3c	ec	1b	136	3d	137	136	ec	670	402	868	3000778	3000869	300086a	300086b	300086c	300086d	3000067	300074f	3000330	3000250	3000127	3000286	300015c	300086e	300086f	3000870	3000352	300076a	3000031	e	32	3	5	0	0
0	0	0	0	0	0	0	0	0	0	0	0	0	0	0	0	0	0	0	0	0	0	0	0	0	0	0	0	0	0	0	0	0	0	0	0	0	0	0	0	0	0	0	0	0	0	0	0	0	0	0	0	0	0	0	0	0	0	0	0	0	0	0	0	0	0	0	0	0	0	0	0	0	0	0	0	0	0	0	0	0	0	0	20	120	0	0	0	0	0	0	0	0	0	0	0	0	0	0	0	0	0	0	0	0	0	0	0	0	0	0	0	0	0	0	0	0	0	0	0	0	0	0	0	0	0	0	0	1b	1b	1b	1b	1b	1b	1d9	1d9	1d9	1d9	1d9	1d9	1d9	1d9	1d9	1d9	1d9	1d9	1d9	1d9	15c	5d2	5d3	3e1	485	38	5d4	217	1d9	1d9	1d9	e5	249	15e	d2	e5	33e	bd	2a4	10005d5	10000f9	10005d6	10005d7	100037b	10005d8	100034e	100015c	10004e5	10005d9	1000555	1000432	10005da	10005db	10005dc	10005dd	100001b	100034a	1000527	1000027	1000108	10000ee	10005de	10005df	1000432	10001e7	100002c	100022d	10005e0	10005e1	10005e2	100020c	10005e3	1000250	100001b	10005e4	10005e5	1000360	10005e6	10005e7	1000559	5e8	40005e9	40005ea	30001c6	30001c7	300001b	3000027	30001df	3000028	30005eb	300001b	300001b	30005ec	30005ed	30005ee	30002f4	300017d	30000ec	3000127	30005ef	3000241	3000577	30005f0	30005f1	44a	2fb	1f00028b	1f0005f2	1f00040f	1f0005f3	1f0005f4	1f000251	1f0005f5	1f0005f6	1f0005f7	1f0003b6	1f0005bd	1f0005f8	1f0005f9	1f0005fa	11	e	d	3	4	0	0	0	0	0	0	0	0	0	0	0	0	0	0	0	0	0	0	0	0	0	0	0	0	0	0	0	0	0	0	0	0	0	0	0	0	0	0	0	0	0	0	0	0	0	0	0	0	0	0	0	0	0	0	0	0	0	0	0	0	0	0	0	0	0	0	0	0	0	0	0	0	0	0	0	0	0	0	0	0	0	0	0	0	0	0	0	0	0	0	0	806	9	9	9	9	9	9	9	9	9	9	9	9	9	9	9	9	9	9	9	9	9	9	9	9	9	9	9	9	9	9	9	1d9	1d9	1d9	1d9	1d9	1d9	1d9	1d9	1d9	3a1	259	871	210	124	3e5	1b	872	7e2	873	30	f0	92	e	50000d6	50003c2	5000874	5000875	5000876	5000042	50007b5	5000217	500002c	50001f9	5000877	5000878	5000879	5000208	500003d	5000202	50003d0	500087a	400087b	400087c	400087d	400087e	4000461	40000c0	40001d9	40001f9	400087f	4000880	4000881	4000882	4000883	4000884	4000437	4000885	4000141	4000886	4000618	4000432	4000887	4000888	4000889	400088a	400088b	400088c	400088d	40000e1	40000f7	400088e	30000df	30000e3	300088f	30005ad	30006ff	3000079	3000079	3000079	3000079	3000079	3000079	3000079	3000079	3000079	3000079	3000079	3000079	3000771	30000bc	30004cf	300001b	30001a2	300003b	39	136	3d	137	136	ec	1b	1b	1b	1b	1b	1b	1b	1b	890	6c5	3000250	3000857	3000891	3000241	300086a	3000892	300074b	3000893	3000330	3000250	3000127	3000249	3000894	300078d	30001d9	3000286	30001d9	3000895	3000896	3000092	e	14	10	0	0	0
0	0	0	0	0	0	0	0	0	0	0	0	0	0	0	0	0	0	0	0	0	0	0	0	0	0	0	0	0	0	0	0	0	0	0	0	0	0	0	0	0	0	0	0	0	0	0	0	0	0	0	0	0	0	0	0	0	0	0	0	0	0	0	0	0	0	0	0	0	0	0	0	0	0	0	0	0	0	0	0	0	0	0	0	0	0	0	0	806	9	9	9	9	9	9	9	9	9	9	9	9	9	9	9	9	9	9	9	9	9	9	9	9	9	9	9	9	9	9	9	1d9	1d9	1d9	1d9	1d9	1d9	1d9	1d9	2be	897	898	1e8	899	210	e6	209	6ff	89a	1ff	160	89b	500089c	500084e	500089d	5000142	500089e	500028a	500089f	50008a0	500051e	50008a1	50007e4	50002be	500074f	50004c0	50008a2	50008a3	50008a4	50008a5	5000400	50008a6	8a7	40008a8	40008a9	40008aa	40008ab	4000300	4000352	4000042	40008ac	4000109	400010a	40008ad	40008ae	40008af	40008b0	400013d	4000265	400020c	40006c4	400070e	400044d	400034f	40008b1	45c08b2	45c08b3	40008b4	40008b5	40008b6	40000df	30000e3	30007a1	30000f9	30007cc	30002aa	3000079	3000079	3000079	3000079	3000079	3000079	3000079	3000079	3000079	3000079	3000079	3000079	3000079	3000461	3000152	30000e1	759	3b	8b7	137	1b	1b	1b	1b	1b	1b	1b	1b	1b	1b	1b	20c	23c	8b8	250	30000c2	30008b9	300064d	300042c	3000241	30008ba	300023d	3000283	3000250	3000027	300001b	3000028	3000650	30008bb	30008bc	30008bd	3000249	300022d	30001fe	300000e	e	14	4	0	0	0	0	0	0	0	0	0	0	0	0	0	0	0	0	0	0	0	0	0	0	0	0	0	0	0	0	0	0	0	0	0	0	0	9	9	9	9	9	9	9	9	9	9	9	9	9	9	9	9	9	9	9	9	9	9	9	9	9	9	9	9	9	9	9	9	9	9	9	9	9	9	0	0	0	0	0	0	0	0	0	0	0	0	0	0	0	0	0	9	9	9	9	9	9	9	9	9	9	9	9	9	9	9	9	9	9	9	9	9	9	9	9	9	9	9	9	9	9	9	9	595	5d3	72	e	314	1b	9e7	aa6	4d5	4d5	aa7	aa8	aa9	aaa	602	807	1b	1b	670	aab	736	3d0	aac	aad	6000aae	60003cd	600026d	6000310	600073c	6000aaf	60003a3	6000ab0	50008b5	5000ab1	5000ab2	50000a0	50001f3	5000ab3	6000ab4	6000ab5	60005f1	600044a	5000421	5000ab6	500089a	5000823	5000ab7	5000217	5000ab8	5000ab9	5000043	5000aba	50000df	e3	7fe	1b4	1b5	1b6	4f4	345	abb	82c	abc	e	e	e	e	e	e	e	32	3	3	3	a9	32	185	a9	e	e	e	e	e	e	e	e	e	e	e	e	e	14	3	3	3	10	f	f	0	0	0	0	0	0	0	0	0	0	0	0	0	0	0	0	0	0	0	0	0	0	0	0	0	0	0	0	0	0	0	0	0	0	0	0	0	0	0
0	0	0	0	0	0	0	0	0	0	0	0	0	0	0	0	0	0	0	0	0	0	0	0	0	0	0	0	0	0	0	0	0	0	0	0	0	0	0	0	0	0	0	0	0	0	0	0	0	0	0	0	0	0	0	0	0	0	0	0	0	0	0	0	0	0	0	0	0	0	0	0	0	0	0	0	0	0	0	0	0	0	0	0	0	0	0	0	806	9	9	9	9	9	9	9	9	9	9	9	9	9	9	9	9	9	9	9	9	9	9	9	9	9	9	9	9	9	9	9	1d9	1d9	1d9	1d9	1d9	1d9	1d9	1d9	265	8be	13d	1f9	275	276	22d	8bf	8c0	8c1	8c2	5d1	50008c3	500021a	5000874	50008c4	50008c5	50008c6	50008c7	50008c8	50008c9	5000555	50002d3	50008ca	5000350	50008cb	50005c2	50002c3	50003d6	50003d7	50008cc	50008cd	5000042	50008ce	50000df	40000e3	400057f	40008cf	40008d0	40008d1	40000d0	40008d2	40008d3	40008d4	40008d5	4000128	40008d6	400001b	40000c0	40001fc	40008d7	4000479	400078a	4000857	40008d8	40008d9	45c08da	40008db	40008dc	40008b5	4000219	40008dd	30000f9	30005ba	30008de	3000079	3000079	3000079	3000079	3000079	3000079	3000079	3000079	3000079	3000079	3000079	3000079	3000079	30007e2	30008df	30008e0	30000bd	300072d	bf	132	133	3b	66	1b	1b	1b	1b	1b	1b	637	1b	1b	1b7	300024f	3000250	300001b	300001b	300001b	30008e1	30006fd	3000617	300001b	30000c2	3000443	30007fa	300003b	300003c	300003d	300003e	3000039	30008e2	30008e3	300003d	300003b	30001d9	30001fc	300001f	e	d	3	4	0	0	0	0	0	0	0	0	0	0	0	0	0	0	0	0	0	0	0	0	0	0	0	0	0	0	0	0	0	0	0	0	0	0	9	9	9	9	9	9	9	9	9	9	9	9	9	9	9	9	9	9	9	9	9	9	9	9	9	9	9	9	9	9	9	9	9	9	9	9	9	9	5fc	5fc	5fc	5fc	5fc	5fc	5fc	5fc	5fc	5fc	5fc	5fc	5fc	5fc	5fc	5fc	5fc	9	9	9	9	9	9	9	9	9	9	9	9	9	9	9	9	9	9	9	9	9	9	9	9	9	9	9	9	9	9	9	9	5d3	a72	e	e	2ea	2a7	abd	5e2	1b	1b	5f1	92f	2bc	abe	abf	ac0	25f	2bb	ac1	ac2	5f1	44a	294	ac3	ac4	6000903	600025d	6000207	6000258	6000236	600001b	6000ac5	5000aa0	5000ac6	50003a8	5000699	5000672	5000ac7	60008b5	600021a	600044c	6000890	50006a2	5000ac8	5000a1b	500001b	5000ac9	5000042	50007e4	50001fc	5000aca	50000d1	5000acb	50000f9	acc	acd	1c6	1c7	1b	462	463	614	ace	e	e	e	32	185	185	185	3	3	3	3	3	3	3	3	185	185	a9	e	e	e	e	e	e	e	e	e	32	3	3	10	f	0	0	0	0	0	0	0	0	0	0	0	0	0	0	0	0	0	0	0	0	0	0	0	0	0	0	0	0	0	0	0	0	0	0	0	0	0	0	0	0	0	0
0	0	0	0	0	0	0	0	0	0	0	0	0	0	0	0	0	0	0	0	0	0	0	0	0	0	0	0	0	0	0	0	0	0	0	0	0	0	0	0	0	0	0	0	0	0	0	0	0	0	0	0	0	0	0	0	0	0	0	0	0	0	0	0	0	0	0	0	0	0	0	0	0	0	0	0	0	0	0	0	0	0	0	0	0	0	0	0	806	9	9	9	9	9	9	9	9	9	9	9	9	9	9	9	9	9	9	9	9	9	9	9	9	9	9	9	9	9	9	9	1d9	1d9	1d9	1d9	1d9	1d9	1d9	1d9	1fc	1b	2a7	2be	599	e5	142	8e4	8e5	8e6	5d1	96	50008e7	500001b	50008e8	50008e9	500058d	50008ea	500028d	50003f6	50008eb	50008ec	50008ed	50008ee	50008ef	50008f0	500062f	50008f1	50002f7	50000dd	500009e	50008f2	50008f3	50008f4	5000134	50000f9	50008f5	40003b6	40008f6	400010a	40008f7	40002f4	400001b	400001b	4000823	40008f8	40008f9	400001b	400044d	40008fa	4000241	40008fb	40008fc	4000360	40008fd	40008fe	40007d8	40008ff	4000890	4000900	40006d9	40000bc	30000bd	30002a4	30000bf	3000901	3000079	3000079	3000079	3000079	3000079	3000079	3000079	3000079	3000079	3000079	3000079	3000771	3000138	30000df	30000e0	e1	e2	e3	7a1	153	3b	39	1b	1b	1b	1b	3d6	800007f9	80000165	902	12b	903	3000904	3000905	3000906	300012b	300001b	3000907	3000070	300008e	300012b	3000908	300001b	3000909	300003c	300003d	30000ec	300003c	300090a	300090b	300090c	30001f3	30001b4	300090d	300090e	300090f	e	e	14	3	5	0	0	0	0	0	0	0	0	0	0	0	0	0	0	0	0	0	0	0	0	0	0	0	0	0	0	0	0	0	0	0	0	0	9	9	9	9	9	9	9	9	9	9	9	9	9	9	9	9	9	9	9	9	9	9	9	9	9	9	9	9	9	9	9	9	9	9	9	9	9	9	65d	65d	65d	65d	65d	65d	65d	65d	65d	65d	65d	65d	65d	65d	65d	65d	65d	9	9	9	9	9	9	9	9	9	9	9	9	9	9	9	9	9	9	9	9	9	9	9	9	9	9	9	9	9	9	9	9	a72	e	61	a92	1b	127	1d9	1f9	1d9	1d9	2c	acf	95d	774	2bb	402	6f2	474	a2d	251	124	449	ad0	ad1	1b7	60001b8	6000263	60001d9	60000e5	6000316	600079f	6000ad2	6000ad3	5000ad4	5000ad5	5000ad6	5000ab3	6000ad7	6000ad8	6000ad9	6000265	6000890	5000ada	500007c	5000443	50007a9	50002fe	5000adb	5000adc	5000add	50002d8	5000ade	5000adf	ae0	ae1	ae2	4f4	965	ae3	489	1c7	ae4	f0	92	e	32	3	3	3	7	7	7	3	3	3	3	3	3	3	3	c	e	e	e	e	e	e	e	e	32	3	3	10	0	0	0	0	0	0	0	0	0	0	0	0	0	0	0	0	0	0	0	0	0	0	0	0	0	0	0	0	0	0	0	0	0	0	0	0	0	0	0	0	0	0	0	0
0	0	0	0	0	0	0	0	0	0	0	0	0	0	0	0	0	0	0	0	0	0	0	0	0	0	0	0	0	0	0	0	0	0	0	0	0	0	0	0	0	0	0	0	0	0	0	0	0	0	0	0	0	0	0	0	0	0	0	0	0	0	0	0	0	0	0	0	0	0	0	0	0	0	0	0	0	0	0	0	0	0	0	0	0	0	0	0	806	9	9	9	9	9	9	9	9	9	9	9	9	9	9	9	9	9	9	9	9	9	9	9	9	9	9	9	9	9	9	9	1d9	1d9	1d9	1d9	1d9	1d9	1d9	1d9	27e	2a7	1d9	128	5a6	910	33d	6fd	3be	911	1a0	1a1	500012b	5000912	55d0913	55d0914	5000915	5000916	5000917	5000918	5000919	500091a	50002ff	500091b	500091c	500091d	5000840	500077c	5000287	50001ff	500091e	500091f	5000920	5000921	5000922	5000923	5000924	5000925	5000926	50005ee	5000320	4000321	40001b5	400001b	400001b	4000927	40006ee	4000928	4000630	4000929	400092a	400092b	400092c	400092d	400092e	400092f	4000930	4000931	4000932	4000421	4000933	4000934	30000e1	30000f7	3000935	3000347	3000079	3000079	3000079	3000079	3000079	3000079	3000079	3000079	3000079	3000079	3000079	3000461	3000936	3000937	e1	f7	5bb	f9	5ba	1b	136	ec	1b	1b	8000041a	800002aa	80000079	80000938	80000190	939	145	146	146	8f	91	145	146	8f	91	3000092	3000145	3000146	3000146	300012b	300008b	300093a	300093b	30004c4	3000056	300093c	300093d	300093e	30003e8	300017f	300093f	3000940	e	e	6b9	3	5	0	0	0	0	0	0	0	0	0	0	0	0	0	0	0	0	0	0	0	0	0	0	0	0	0	0	0	0	0	0	0	0	0	9	9	9	9	9	9	9	9	9	9	9	9	9	9	9	9	9	9	9	9	9	9	9	9	9	9	9	9	9	9	9	9	9	9	9	9	9	9	65d	65d	65d	65d	65d	65d	65d	65d	65d	65d	65d	65d	65d	65d	65d	65d	65d	9	9	9	9	9	9	9	9	9	9	9	9	9	9	9	9	9	9	9	9	9	9	9	9	9	9	9	9	9	9	9	9	e	96	a2b	1b	127	1d9	1d9	1d9	1d9	1d9	286	e5	15b	acf	325	474	ae5	d2	2c	3a1	251	207	1b7	23e	60001b8	60000c2	15a	42	6000207	6000ae6	6000ae7	60005e6	6000ac5	500094a	500028b	5000ae8	5000674	6000ae9	60002a7	600015c	6000aea	60005f1	92f	5000737	5000614	50007e6	50001b5	50001b6	50002f8	5000223	5000aeb	5000263	5000265	6ad	1b5	aec	aec	aed	1c7	aee	4b9	aef	af0	e	e	14	7	7	c	e	e	e	14	7	3	3	3	3	3	3	a9	e	e	e	e	e	32	185	185	3	3	3	5	0	0	0	0	0	0	0	0	0	0	0	0	0	0	0	0	0	0	0	0	0	0	0	0	0	0	0	0	0	0	0	0	0	0	0	0	0	0	0	0	0	0	0	0
0	0	0	0	0	0	0	0	0	0	0	0	0	0	0	0	0	0	0	0	0	0	0	0	0	0	0	0	0	0	0	0	0	0	0	0	0	0	0	0	0	0	0	0	0	0	0	0	0	0	0	0	0	0	0	0	0	0	0	20	120	0	0	0	0	0	0	0	0	0	0	0	0	0	0	0	0	0	0	0	0	0	0	0	0	0	0	0	941	942	9	9	9	9	9	9	9	9	9	9	9	9	9	9	9	9	9	9	9	9	9	9	9	9	9	9	9	9	9	9	1d9	1d9	1d9	1d9	1d9	1d9	2be	7ba	599	13e	27a	d3	124	943	617	2eb	13e	141	944	e	5000145	5000945	500033c	5000946	500020c	5000947	5000080	500001b	5000948	500085f	50002be	5000949	500062d	500094a	500094b	500094c	500094d	500094e	500094f	5000950	5000092	951	85000952	85000953	85000954	85000954	850007aa	85000955	5000956	5000345	4000957	400001b	40005ad	4000958	4000959	400001b	4000223	4000717	400014a	4000903	400095a	400095b	4000380	400095c	400095d	4000578	400095e	400095f	4000960	4000961	30001a2	300003b	3000039	3000347	3000079	3000079	3000079	3000079	3000079	3000079	30007e2	3000962	30007e2	30004d1	30004b3	3000963	964	965	1b	800004fb	1b	1b	966	80000813	8000020a	800005ad	80000967	800002aa	80000079	80000938	8000018f	80000968	8000000e	e	e	e	e	e	e	e	e	e	e	300000e	300000e	300000e	300000e	3000145	300008e	3000969	300096a	30000dd	30000a0	300001b	300008b	300096b	30003f6	30001a4	300096c	300096d	e	e	14	10	0	0	0	0	0	0	0	0	0	0	0	0	0	0	0	0	0	0	0	0	0	0	0	0	0	0	0	0	0	0	0	0	0	0	9	9	9	9	9	9	9	9	9	9	9	9	9	9	9	9	9	9	9	9	9	9	9	9	9	9	9	9	9	9	9	9	9	9	9	9	9	9	65d	65d	65d	65d	65d	65d	65d	65d	65d	65d	65d	65d	65d	65d	65d	65d	65d	9	9	9	970	970	970	970	970	970	970	970	970	970	970	970	970	970	970	970	970	970	970	970	970	970	970	970	970	970	970	970	970	e	8c3	1b	2a7	1d9	1d9	1d9	1d9	1d9	1d9	1d9	20f	140	1d9	2eb	2eb	2eb	2c	2e1	124	735	aab	1b8	27	833	833	833	31e	6000028	60000c0	6000af1	600028d	6000af2	6000af3	6000af4	6000af5	6000af6	6000af7	600015a	6000af8	6000217	6000298	6000af9	5000afa	5000afb	5000afc	50001c6	50001c7	5000afd	500022d	5000afe	aff	2f9	6000b00	60001c6	6000b01	600080e	60004f5	4f6	4f7	357	249	e6	7d	b2	23	e	e	e	e	e	e	e	e	d	7	3	3	3	3	3	185	a9	e	e	32	3	3	3	3	3	10	0	0	0	0	0	0	0	0	0	0	0	0	0	0	0	0	0	0	0	0	0	0	0	0	0	0	0	0	0	0	0	0	0	0	0	0	0	0	0	0	0	0	0	0	0
0	0	0	0	0	0	0	0	0	0	0	0	0	0	0	0	0	0	0	0	0	0	0	0	0	0	0	0	0	0	0	0	0	0	0	0	0	0	0	0	0	0	0	0	0	0	0	0	0	0	0	0	0	0	0	0	0	0	0	20	120	0	0	0	0	0	0	0	0	0	0	0	0	0	0	0	0	0	0	0	0	0	0	0	0	0	0	0	96e	96f	970	970	970	970	970	970	970	970	970	970	970	970	970	970	970	970	970	970	970	970	970	970	970	970	970	970	970	970	970	970	1d9	1d9	1d9	1d9	1d9	1d9	1d9	1d9	e5	15b	2be	971	870	27f	c0	2be	42	972	160	e	5000016	5000026	55d0973	5000974	5000975	5000976	500007f	50008de	5000461	50001c9	5000977	5000618	5000432	50004d5	5000978	5000979	500097a	500000e	5000032	5000185	5000185	a9	8000097b	8500018e	8500018f	8500018f	8500097c	8500097d	8500097e	85000945	40000df	400003b	4000039	400008b	400097f	4000980	40003d5	400001b	4000835	4000981	4000982	4000983	4000984	400050c	4000985	4000142	4000986	4000987	400044a	4000988	4000989	98a	300098b	3000347	3000079	3000079	3000079	3000079	3000079	300098c	300098d	300001b	30002ef	300098e	300098f	30004f4	463	1b	8000001b	80000990	80000991	80000813	80000992	80000993	80000994	800006f5	80000938	8000018f	8000018f	80000968	e	e	e	e	e	e	e	e	e	e	e	e	e	300000e	300000e	300000e	300000e	300000e	300000e	3000995	3000996	300042e	300033d	3000452	3000997	30006fd	3000617	3000998	3000906	3000031	e	32	3	5	0	0	0	0	0	0	0	0	0	0	0	0	0	0	0	0	0	0	0	0	0	0	0	0	0	0	0	0	0	0	0	0	0	0	9	9	9	9	9	9	9	9	9	9	9	9	9	9	9	9	9	9	9	9	9	9	9	9	9	9	9	9	9	9	9	9	9	9	9	9	9	9	65d	65d	65d	65d	65d	65d	65d	65d	65d	65d	65d	65d	65d	65d	65d	65d	65d	9	9	9	65d	65d	65d	65d	65d	65d	65d	65d	65d	65d	65d	65d	65d	65d	65d	65d	65d	65d	65d	65d	65d	65d	65d	65d	65d	65d	65d	65d	65d	485	a2b	1b	2a7	1d9	1d9	1d9	1d9	1d9	1d9	13e	27a	1d9	1d9	1d9	1d9	1d9	286	20f	140	b02	b03	644	1a2	3b	3c	3d	3d	60000ec	6000399	600015e	6000b04	6000360	6000b05	60003c8	6000799	6000b06	6000286	60001d9	600013e	6000141	6000124	6000b07	6000b08	6000241	600074a	5000270	4b9	142	b09	1b5	320	321	60001c7	6000b0a	6000b0b	6000b0c	60006ad	524	525	b0d	1b	27	1b	28	f3	e	e	e	e	e	597	11	23	e	e	d	3	10	f	a	3	3	185	185	3	3	3	3	10	f	0	0	0	0	0	0	0	0	0	0	0	0	0	0	0	0	0	0	0	0	0	0	0	0	0	0	0	0	0	0	0	0	0	0	0	0	0	0	0	0	0	0	0	0	0	0
0	0	0	0	0	0	0	0	0	0	0	0	0	0	0	0	0	0	0	0	0	0	0	0	0	0	0	0	0	0	0	0	0	0	0	0	0	0	0	0	0	0	0	0	0	0	0	0	0	0	0	0	0	0	0	0	0	0	0	20	120	0	0	0	0	0	0	0	0	0	0	0	0	0	0	0	0	0	0	0	0	0	0	0	0	0	0	0	96e	96f	65d	65d	65d	65d	65d	65d	65d	65d	65d	65d	65d	65d	65d	65d	65d	65d	65d	65d	65d	65d	65d	65d	65d	65d	65d	65d	65d	65d	65d	65d	1d9	1d9	1d9	1d9	1d9	1d9	1d9	1d9	20f	307	1ca	999	1d9	1fc	99a	99b	594	94e	5d1	500099c	500001b	55d0857	500099d	500099e	5000250	5000639	500099f	50009a0	500001b	50006b1	500020c	500060e	500047b	500001b	50009a1	50009a2	5d1	e	14	3	3	3	185	50000a9	500000e	500000e	850009a3	850009a4	850009a5	50009a6	400001b	400003c	40007cd	40009a7	40009a8	40009a9	40009aa	40009ab	40009ac	4000241	400046f	40009ad	40009ae	40009af	40009b0	40009b1	400024b	40009b2	40009b3	40009b4	40009b5	9b6	30009b7	30009b8	30002ff	30009b9	30004d1	300098c	3000246	30000ad	300001b	3000703	3000704	30000bf	300001b	1b6	369	1b	80000460	80000079	80000079	800009ba	800009bb	800009bc	800009bd	8000018f	80000968	8000000e	e	e	e	e	e	e	e	e	32	185	a9	e	e	e	32	3000185	3000185	30000a9	300000e	300000e	300000e	30009be	30009bf	30009c0	30002ee	30009c1	300008e	30009c2	3000520	3000071	30009c3	3000092	32	3	10	0	0	0	0	0	0	0	0	0	0	0	0	0	0	0	0	0	0	0	0	0	0	0	0	0	0	0	0	0	0	0	0	0	0	0	9	9	9	9	9	9	9	9	9	9	9	9	9	9	9	9	9	9	9	9	9	9	9	9	9	9	9	9	9	9	9	9	9	9	9	9	9	9	65d	65d	65d	65d	65d	65d	65d	65d	65d	65d	65d	65d	65d	65d	65d	65d	65d	9	9	9	65d	65d	65d	65d	65d	65d	65d	65d	65d	65d	65d	65d	65d	65d	65d	65d	65d	65d	65d	65d	65d	65d	65d	65d	65d	65d	65d	65d	65d	a2b	1b	1b	280	1d9	1d9	1d9	1d9	1d9	1d9	1d9	1d9	1d9	1d9	1d9	1d9	1d9	1d9	2d	1d9	651	44a	b0e	31e	136	3d	137	27	1b	600044d	6000124	6000851	600028d	6000b0f	60002fe	60000ad	600044d	600015b	600002d	60001d9	600020f	6000140	60001fc	6000b10	600022d	6000493	60000bd	6000b11	60002a4	6000b12	60001c6	600080d	600080e	6000b13	600026a	6000b14	6000360	6000b15	60001c6	60001c7	60003ed	600003b	3c	3d	3e	39	6000029	6000b16	60004b5	60000b4	6000b17	6000b18	60001f8	6000b19	6000038	6000046	e	14	4	0	15	3	3	3	3	3	3	10	f	0	0	0	0	0	0	0	0	0	0	0	0	0	0	0	0	0	0	0	0	0	0	0	0	0	0	0	0	0	0	0	0	0	0	0	0	0	0	0	0	0	0	0	0	0	0	0	0
0	0	0	0	0	0	0	0	0	0	0	0	0	0	0	0	0	0	0	0	0	0	0	0	0	0	0	0	0	0	0	0	0	0	0	0	0	0	0	0	0	0	0	0	0	0	0	0	0	0	0	0	0	0	0	0	0	0	0	20	120	0	0	0	0	0	0	0	0	0	0	0	0	0	0	0	0	0	0	0	0	0	0	0	0	0	0	0	96e	96f	65d	65d	65d	65d	65d	65d	65d	65d	65d	65d	65d	65d	65d	65d	65d	65d	65d	65d	65d	65d	65d	65d	65d	65d	65d	65d	65d	65d	65d	65d	1d9	1d9	1d9	1d9	1d9	1d9	1d9	1d9	e5	32e	e5	9c4	9c5	9c6	43b	94e	5d1	e	50000d6	500001b	50009c7	50005e2	50009c8	50009c9	50009c7	50009ca	50004e3	50009cb	5000893	500025f	500060e	50009cc	500001b	50009cd	50009ce	50009cf	5000075	e	d	3	3	10	a	3	185	a9	e	e	1a1	9d0	40009b2	400066d	40009d1	40009d2	40000e5	400015e	400001b	400044c	40009d3	40003fc	40003fe	40003cd	40000c3	40007c0	40002bd	40001fc	40009d4	40009d5	4000271	40002df	40002bc	40009d6	9d7	9d8	30009d9	300038e	30009da	30009db	3000728	30002fa	3000729	300072a	30000f7	3000841	11d	964	9dc	8000001b	800009dd	80000079	80000938	800009de	9bc	e	e	e	e	e	e	e	e	e	e	e	e	32	3	3	3	185	185	185	3	3	3	3	185	a9	e	e	9df	9e0	146	f0	92	9e1	9e2	92	e	32	3	10	0	0	0	0	0	0	0	0	0	0	0	0	0	0	0	0	0	0	0	0	0	0	0	0	0	0	0	0	0	0	0	0	0	0	0	0	970	970	970	970	970	970	970	970	970	970	970	970	970	970	970	970	970	970	970	970	970	970	970	970	970	970	970	970	970	970	970	970	970	970	970	970	970	970	65d	65d	65d	65d	65d	65d	65d	65d	65d	65d	65d	65d	65d	65d	65d	65d	65d	9	9	9	65d	65d	65d	65d	65d	65d	65d	65d	65d	65d	65d	65d	65d	65d	65d	65d	65d	65d	65d	65d	65d	65d	65d	65d	65d	65d	65d	65d	65d	65d	65d	65d	65d	65d	65d	65d	65d	65d	1d9	1d9	1d9	1d9	1d9	1d9	1d9	1d9	1d9	1d9	1d9	265	b1a	8b5	e9	3b	39	1b	3a	3b	6000039	60000c0	60001f9	6000851	6000b1b	6000327	60004fb	6000b1c	60000c0	600013e	600027a	600002c	60000e5	60000af	6000259	6000042	6000b1d	60000e1	6000759	60000f7	60007f8	60004f4	6000b1e	6000aa3	600001b	600001b	600001b	6000b1f	600028d	6000b20	6000b21	6000124	60001f7	3d	137	136	60001f1	60001b7	60001b8	60000c2	6000ae0	6000b22	60004e5	6000b23	600001b	600001b	6000b24	e	d	3	4	0	a	3	3	10	f	f	0	0	0	0	0	0	0	0	0	0	0	0	0	0	0	0	0	0	0	0	0	0	0	0	0	0	0	0	0	0	0	0	0	0	0	0	0	0	0	0	0	0	0	0	0	0	0	0	0	0
0	0	0	0	0	0	0	0	0	0	0	0	0	0	0	0	0	0	0	0	0	0	0	0	0	0	0	0	0	0	0	0	0	0	0	0	0	0	0	0	0	0	0	0	0	0	0	0	0	0	0	0	0	0	0	0	0	0	0	20	120	0	0	0	0	0	0	0	0	0	0	0	0	0	0	0	0	0	0	0	0	0	0	0	0	0	0	0	96e	96f	65d	65d	65d	65d	65d	65d	65d	65d	65d	65d	65d	65d	65d	65d	65d	65d	65d	65d	65d	65d	65d	65d	65d	65d	65d	65d	65d	65d	65d	65d	1d9	1d9	1d9	1d9	1d9	1d9	e5	249	15e	764	9e3	9e4	9e5	30	f0	92	5000012	5000038	50000f1	500001b	500001b	50009e6	50009e7	5000504	5000067	50009e8	50009e9	5000670	5000402	50009ea	500078a	50003c8	5000466	5000079	50009eb	50000a1	50009ec	46	e	14	3	5	0	f	a	3	185	a9	e	158	187	40009ed	40009ee	4000259	40002c2	4000027	400001b	400017d	400001b	400074b	400001b	40003fe	40009ef	40009f0	40002e5	4000430	4000330	4000250	40009f1	40009f2	40009f3	9f4	204	1c6	9f5	9f6	85e	11a	e1	759	f7	841	343	6ad	4b8	369	1b	8000001b	800009f7	800009f8	800009f9	e	e	e	e	e	e	e	e	e	e	e	e	e	e	d	3	3	3	3	3	3	3	3	10	f	a	3	a9	e	e	e	e	e	e	e	e	e	e	14	3	5	0	0	0	0	0	0	0	0	0	0	0	0	0	0	0	0	0	0	0	0	0	0	0	0	0	0	0	0	0	0	0	0	0	0	0	0	65d	65d	65d	65d	65d	65d	65d	65d	65d	65d	65d	65d	65d	65d	65d	65d	65d	65d	65d	65d	65d	65d	65d	65d	65d	65d	65d	65d	65d	65d	65d	65d	65d	65d	65d	65d	65d	65d	65d	65d	65d	65d	65d	65d	65d	65d	65d	65d	65d	65d	65d	65d	65d	65d	65d	970	970	970	65d	65d	65d	65d	65d	65d	65d	65d	65d	65d	65d	65d	65d	65d	65d	65d	65d	65d	65d	65d	65d	65d	65d	65d	65d	65d	65d	65d	65d	65d	65d	65d	65d	65d	65d	65d	65d	65d	1d9	1d9	1d9	1d9	1d9	1d9	1d9	1d9	1d9	1d9	1d9	1d9	651	92f	737	3c	ec	7eb	66	3c	ec	b25	15d	6000207	6000427	6000b26	6000b27	60003b2	6000b28	6000042	6000142	6000b29	6000b2a	6000b2b	6000b2c	60000a1	6000460	6000b2d	600014a	6000b2e	60004c4	600001b	600001b	600001b	60002eb	6000afe	600001b	6000b2f	6000b30	6000646	6000647	6000b31	6000297	600022d	6000205	600003b	6000039	60005b0	600021e	600003f	6000b32	60001c7	6000b33	600065e	60007aa	60003d5	600001b	600001f	e	14	3	5	0	a	10	0	2	4	1	0	0	0	0	0	0	0	0	0	0	0	0	0	0	0	0	0	0	0	0	0	0	0	0	0	0	0	0	0	0	0	0	0	0	0	0	0	0	0	0	0	0	0	0	0	0	0	0	0
0	0	0	0	0	0	0	0	0	0	0	0	0	0	0	0	0	0	0	0	0	0	0	0	0	0	0	0	0	0	0	0	0	0	0	0	0	0	0	0	0	0	0	0	0	0	0	0	0	0	0	0	0	0	0	0	0	0	0	20	120	0	0	0	0	0	0	0	0	0	0	0	0	0	0	0	0	0	0	0	0	0	0	0	0	0	0	0	96e	96f	65d	65d	65d	65d	65d	65d	65d	65d	65d	65d	65d	65d	65d	65d	65d	65d	65d	65d	65d	65d	65d	65d	65d	65d	65d	65d	65d	65d	65d	65d	1d9	1d9	1d9	1d9	1d9	d3	15e	21a	80	d5	94e	9fa	1cc	9fb	92	5000096	50009fc	500001b	500001b	55d02eb	50000c1	55d0251	5000207	50003fe	500071c	50009fd	50009fe	50009ff	5000a00	5000a01	5000209	50004eb	5000245	5000962	50003b2	5000a02	5000924	90f	e	d	3	4	1	1	2	3	3	3	185	a9	a03	4000a04	40001bb	4000a05	400003b	400003c	400003d	400003e	4000039	40005c3	400079f	4000a06	4000a07	4000a08	4000a09	40008b8	4000250	4000a0a	40000c0	4000254	4000a0b	4000a0c	400079b	a0d	a0e	17f	a0f	df	e3	7ca	77d	320	369	a10	345	965	1b	80000149	80000a11	80000a12	a13	e	e	e	e	e	e	e	e	e	e	e	e	e	e	e	14	3	3	10	f	a	10	f	0	0	0	f	a	185	a9	e	e	32	a9	e	e	e	32	3	10	0	0	0	0	0	0	0	0	0	0	0	0	0	0	0	0	0	0	0	0	0	0	0	0	0	0	0	0	0	0	0	0	0	0	0	0	0	65d	65d	65d	65d	65d	65d	65d	65d	65d	65d	65d	65d	65d	65d	65d	65d	65d	65d	65d	65d	65d	65d	65d	65d	65d	65d	65d	65d	65d	65d	65d	65d	65d	65d	65d	65d	65d	65d	65d	65d	65d	65d	65d	65d	65d	65d	65d	65d	65d	65d	65d	65d	65d	65d	65d	65d	65d	65d	65d	65d	65d	65d	65d	65d	65d	65d	65d	65d	65d	65d	65d	65d	65d	65d	65d	65d	65d	65d	65d	65d	65d	65d	65d	65d	65d	65d	65d	65d	65d	65d	65d	65d	65d	65d	65d	65d	1d9	1d9	1d9	1d9	1d9	1d9	1d9	1d9	1d9	1d9	1d9	1d9	265	b34	95d	270	b35	812	28	27	1df	1df	28	6000b36	60000d2	600002d	6000298	6000b37	60002b6	6000349	6000b38	6000b39	6000b3a	6000b3b	6000b3c	6000b3d	6000444	6000b3e	6000b3f	60002f8	600008a	60002c3	600068e	6000b40	60002be	6000a6e	60009c7	6000b41	600009f	600001b	6000343	60007d8	6000b42	6000b43	600073b	6000b44	6000705	6000b45	600054a	600001b	6000b46	6000b47	60004ca	600066e	6000425	60003d4	6000627	6000a1d	e	14	3	5	0	0	0	2	3	3	3	4	0	0	0	0	0	0	0	0	0	0	0	0	0	0	0	0	0	0	0	0	0	0	0	0	0	0	0	0	0	0	0	0	0	0	0	0	0	0	0	0	0	0	0	0	0	0	0	0
0	0	0	0	0	0	0	0	0	0	0	0	0	0	0	0	0	0	0	0	0	0	0	0	0	0	0	0	0	0	0	0	0	0	0	0	0	0	0	0	0	0	0	0	0	0	0	0	0	0	0	0	0	0	0	0	0	0	0	20	120	0	0	0	0	0	0	0	0	0	0	0	0	0	0	0	0	0	0	0	0	0	0	0	0	0	0	0	96e	96f	7df	7df	7df	7df	7df	7df	7df	7df	7df	7df	7df	7df	7df	7df	7df	7df	7df	7df	7df	7df	7df	7df	7df	7df	7df	7df	7df	7df	7df	a14	1d9	1d9	1d9	1d9	15c	82b	d5	146	146	f0	92	e	e	e	5000061	50000b7	500008b	500001b	55d0127	500002d	55d00e5	5000a15	500020c	50002ba	5000a16	50008ba	500023e	5000283	5000250	50007f9	5000a17	500098d	5000a18	5000a19	5000a1a	5000a1b	5000a1c	a1d	5000075	e	d	3	3	3	3	10	f	a	3	3	a9	e	951	4000a1e	40001bc	400003d	4000137	4000136	4000050	4000222	4000818	4000682	400028e	4000a1f	4000807	400001b	40000c3	4000251	4000a20	4000a21	40007e4	40001fc	4000a22	a23	a24	a25	a26	a27	f9	a28	df	e3	88f	1b	1b	1b	1b	80000347	800009f8	800009f9	e	e	e	e	e	e	e	e	e	e	e	32	a9	e	e	32	3	10	f	0	0	0	0	0	0	0	0	0	0	f	a	185	185	10	a	185	185	185	3	10	0	0	0	0	0	0	0	0	0	0	0	0	0	0	0	0	0	0	0	0	0	0	0	0	0	0	0	0	0	0	0	0	0	0	0	0	0	0	65d	65d	65d	65d	65d	65d	65d	65d	65d	65d	65d	65d	65d	65d	65d	65d	65d	65d	65d	65d	65d	65d	65d	65d	65d	65d	65d	65d	65d	65d	65d	65d	65d	65d	65d	65d	65d	65d	65d	65d	65d	65d	65d	65d	65d	65d	65d	65d	65d	65d	65d	65d	65d	65d	65d	65d	65d	65d	65d	65d	65d	65d	65d	65d	65d	65d	65d	65d	65d	65d	65d	65d	65d	65d	65d	65d	65d	65d	65d	65d	65d	65d	65d	65d	65d	65d	65d	65d	65d	65d	65d	65d	65d	65d	65d	65d	1d9	1d9	1d9	1d9	1d9	1d9	1d9	1d9	1d9	1d9	1d9	1d9	1d9	27e	27	39c	31f	3d	137	3c	3d	3d	ec	1b	60002a7	6000b48	6000b49	6000b4a	600050c	6000795	6000381	6000b4b	6000056	600024b	6000661	6000b4c	6000b4d	600064d	6000360	60003bf	600001b	6000b4e	60003fc	6000b4f	600015e	60006ad	60001b5	6000963	6000321	6000321	60001c7	60008f2	6000b50	6000b51	6000b52	6000b53	600025f	6000b54	600083c	60006b4	600062d	6000b55	6000b56	6000b57	6000b58	600082a	60000fc	92	e	14	3	5	0	0	0	a	3	3	3	3	5	0	0	0	0	0	0	0	0	0	0	0	0	0	0	0	0	0	0	0	0	0	0	0	0	0	0	0	0	0	0	0	0	0	0	0	0	0	0	0	0	0	0	0	0	0	0	0
0	0	0	0	0	0	0	0	0	0	0	0	0	0	0	0	0	0	0	0	0	0	0	0	0	0	0	0	0	0	0	0	0	0	0	0	0	0	0	0	0	0	0	0	0	0	0	0	0	0	0	0	0	0	0	0	0	0	0	20	120	0	0	0	0	0	0	0	0	0	0	0	0	0	0	0	0	0	0	0	0	0	0	0	0	0	0	0	96e	96f	9	9	9	9	9	9	9	9	9	9	9	9	9	9	9	9	9	9	9	9	9	9	9	9	9	9	9	9	9	1d9	1d9	1d9	e5	6e4	5d2	91e	f0	92	e	e	d6	a29	5000a2a	5000038	5000a2b	500001b	500001b	55d02a7	50000e5	55d0249	5000977	500020c	5000260	5000a2c	5000a2d	50000c2	5000a2e	5000a2f	5000a30	50002f7	5000a31	50008e5	500096b	5000360	5000a32	5000a33	5000a34	5000a35	5000a36	e	e	d	7	3	3	4	1	2	3	3	3	a9	e	951	400035a	4000a37	400001b	400001b	400039d	40000a0	40009c1	40001cd	4000a38	4000a39	4000a3a	400001b	400001b	400001b	400001b	400001b	4000a3b	4000a3c	4000a3d	40008ec	40006a5	294	21e	a3e	a3e	a3f	7cf	f9	a40	1b	1b	800004fb	80000221	80000a41	80000a12	80000a13	e	e	e	e	e	e	e	e	e	32	185	3	3	a9	32	3	10	0	0	0	0	0	0	0	0	0	0	0	0	0	0	a	10	0	0	f	f	f	f	0	0	0	0	0	0	0	0	0	0	0	0	0	0	0	0	0	0	0	0	0	0	0	0	0	0	0	0	0	0	0	0	0	0	0	0	0	0	0	65d	65d	65d	65d	65d	65d	65d	65d	65d	65d	65d	65d	65d	65d	65d	65d	65d	65d	65d	65d	65d	65d	65d	65d	65d	65d	65d	65d	65d	65d	65d	65d	65d	65d	65d	65d	65d	65d	7df	7df	7df	7df	7df	7df	7df	7df	7df	7df	7df	7df	7df	7df	7df	7df	7df	65d	65d	65d	65d	65d	65d	65d	65d	65d	65d	65d	65d	65d	65d	65d	65d	65d	65d	65d	65d	65d	65d	65d	65d	65d	65d	65d	65d	65d	65d	65d	65d	65d	65d	65d	65d	65d	65d	65d	65d	65d	1d9	1d9	1d9	1d9	1d9	1d9	1d9	1d9	1d9	1d9	1d9	1d9	1d9	265	3c	3d	ec	1b	27	1b	28	1b	27	30d	60001d9	60001d9	60000e5	6000a4e	6000b59	6000b5a	6000b5b	60003f6	6000a88	600001b	600001b	600092c	600051c	6000b5c	6000b5d	600001b	6000343	6000698	6000730	60007e6	60001b5	6000b5e	60001c6	600080d	600080e	60004f5	6000b5f	60003b6	6000b60	6000b61	6000b62	6000402	6000b63	6000b64	60005e8	6000b65	6000b66	60004db	60000ad	6000490	6000b67	6000b68	6000a1d	e	32	3	10	0	0	0	0	15	3	3	3	10	0	0	0	0	0	0	0	0	0	0	0	0	0	0	0	0	0	0	0	0	0	0	0	0	0	0	0	0	0	0	0	0	0	0	0	0	0	0	0	0	0	0	0	0	0	0	0	0
0	0	0	0	0	0	0	0	0	0	0	0	0	0	0	0	0	0	0	0	0	0	0	0	0	0	0	0	0	0	0	0	0	0	0	0	0	0	0	0	0	0	0	0	0	0	0	0	0	0	0	0	0	0	0	0	0	0	0	20	120	0	0	0	0	0	0	0	0	0	0	0	0	0	0	0	0	0	0	0	0	0	0	0	0	0	0	0	96e	96f	9	9	9	9	9	9	9	9	9	9	9	9	9	9	9	9	9	9	9	9	9	9	9	9	9	9	9	9	9	1d9	1d9	15c	a42	594	94e	5d1	e	e	e	12	a2b	1b	1b	500001b	500001b	5000108	3b6	a43	5000a44	5000027	5000066	5000a45	50002fd	500080a	5000a46	5000397	5000807	5000a47	50002eb	50001d9	5000a48	500066a	500028d	50007c8	5000858	5000348	5000221	5000a49	5000a4a	5000a4b	5000013	e	e	d	7	7	3	3	3	3	3	c	e	e	a4c	4000a4d	4000a4e	40002eb	400015c	400076a	40000f0	4000a4f	a50	a51	40009bf	4000a52	4000a53	400001b	400001b	400051f	40005d3	4000a51	40009bf	4000a52	4000a54	4000a55	4000429	a56	21e	1b	1b	1b	80000637	80000149	80000a11	80000a57	80000a58	80000a59	968	e	e	e	e	e	e	32	185	185	185	3	3	3	3	3	3	10	0	0	0	0	0	0	0	0	0	0	0	0	0	0	0	0	0	0	0	0	0	0	0	0	0	0	0	0	0	0	0	0	0	0	0	0	0	0	0	0	0	0	0	0	0	0	0	0	0	0	0	0	0	0	0	0	0	0	0	0	0	0	65d	65d	65d	65d	65d	65d	65d	65d	65d	65d	65d	65d	65d	65d	65d	65d	65d	65d	65d	65d	65d	65d	65d	65d	65d	65d	65d	65d	65d	65d	65d	65d	65d	65d	65d	65d	65d	65d	9	9	9	9	9	9	9	9	9	9	9	9	9	9	9	9	9	65d	65d	65d	65d	65d	65d	65d	65d	65d	65d	65d	65d	65d	65d	65d	65d	65d	65d	65d	65d	65d	65d	65d	65d	65d	65d	65d	65d	65d	65d	65d	65d	65d	65d	65d	65d	65d	65d	65d	65d	65d	1d9	1d9	1d9	1d9	1d9	1d9	1d9	1d9	1d9	1d9	1d9	1d9	1d9	e5	15b	265	1a2	3b	3c	3d	3e	39	323	3d	333	6000b69	6000b6a	6000259	6000297	60000e5	6000a48	60005e2	600011e	600003d	600003b	600009e	6000b6b	60001b5	6000320	6000321	60007e7	60001b6	600001b	60003ee	61c01c6	60001c7	6000b6c	6000345	6000aa3	60006ad	6000b6d	6000b6e	6000564	6000a61	6000b6f	600095f	60008b5	6000b70	60002fd	6000b71	6000b72	6000b73	6000251	6000b74	6000b75	60000fc	6000092	e	14	8	0	0	0	0	0	0	a	3	10	0	0	0	0	0	0	0	0	0	0	0	0	0	0	0	0	0	0	0	0	0	0	0	0	0	0	0	0	0	0	0	0	0	0	0	0	0	0	0	0	0	0	0	0	0	0	0	0	0
0	0	0	0	0	0	0	0	0	0	0	0	0	0	0	0	0	0	0	0	0	0	0	0	0	0	0	0	0	0	0	0	6	6	6	6	6	6	6	6	6	6	6	6	6	6	6	6	6	6	6	6	6	6	6	6	6	6	6	a5a	7e0	a5b	6	6	6	6	6	6	6	6	0	0	0	0	0	0	0	0	0	0	0	0	0	0	0	0	0	0	96e	a5c	9	9	9	9	9	9	9	9	9	9	9	9	9	9	9	9	9	9	9	9	9	9	9	9	9	9	9	9	9	1d9	e5	a5d	8c2	5d1	e	e	e	b3	a5e	a2b	1b	27	1b	28	154	155	a5f	a60	a61	3c	5000719	5000a62	429	5000a63	50003d1	500066a	5000a64	5000a65	500013d	500002d	5000298	500001b	5000a66	50003bf	5000a67	5000223	50002ff	5000a68	5000a69	5000a6a	5000a6b	5000a6c	b3	e	e	e	d	7	7	7	c	500000e	50000b3	4000598	4000a6d	a6e	a6f	a70	6aa	896	92	e	e	e	40009df	4000a51	40009bf	4000a71	4000906	400055f	4000a72	e	9df	a51	4000a51	40009bf	4000a73	4000a74	a75	a76	80000a77	80000a78	80000a79	80000a7a	80000a7b	80000a7c	80000a7d	80000a7e	e	e	e	e	e	32	185	3	3	3	3	3	3	10	f	a	10	0	0	0	0	0	0	0	0	0	0	0	0	0	0	0	0	0	0	0	0	0	0	0	0	0	0	0	0	0	0	0	0	0	0	0	0	0	0	0	0	0	0	0	0	0	0	0	0	0	0	0	0	0	0	0	0	0	0	0	0	0	0	0	65d	65d	65d	65d	65d	65d	65d	65d	65d	65d	65d	65d	65d	65d	65d	65d	65d	65d	65d	65d	65d	65d	65d	65d	65d	65d	65d	65d	65d	65d	65d	65d	65d	65d	65d	65d	65d	65d	9	9	9	9	9	9	9	9	9	9	9	9	9	9	9	9	9	65d	65d	65d	7df	65d	65d	65d	65d	65d	65d	65d	65d	65d	65d	65d	65d	65d	65d	65d	65d	65d	65d	65d	65d	65d	65d	65d	65d	65d	65d	65d	65d	65d	65d	65d	65d	65d	65d	65d	65d	65d	1d9	1d9	1d9	1d9	1d9	1d9	1d9	1d9	1d9	1d9	1d9	1d9	1d9	20f	140	1d9	265	3c	3d	137	136	499	155	156	b76	354	6000355	6000356	6000b77	60002c2	60000bc	6000b78	60002a4	60000bf	60001b4	60001b5	6000b79	60001c6	600080d	600080e	60001c6	61c01c7	61c0a4a	61c0051	61c0b7a	61c0b7b	6000079	60007ac	6000813	6000b7c	60001c6	60001c7	600059a	6000355	60000e3	6000b7d	60002df	6000b7e	600079b	60009f0	6000b7f	6000b80	6000b81	600021e	60003d4	6000b82	600000e	e	d	3	4	1	0	0	0	0	0	f	0	0	0	0	0	0	0	0	0	0	0	0	0	0	0	0	0	0	0	0	0	0	0	0	0	0	0	0	0	0	0	0	0	0	0	0	0	0	0	0	0	0	0	0	0	0	0	0	0	0
0	0	0	0	0	0	0	0	0	0	0	0	0	0	0	0	0	0	0	0	0	0	0	0	0	0	0	0	0	0	0	0	9	9	9	9	9	9	9	9	9	9	9	9	9	9	9	9	9	9	9	9	9	9	9	9	9	9	9	9	9	9	9	9	9	9	9	9	9	9	0	0	0	0	0	0	0	0	0	0	0	0	0	0	0	0	0	6	a7f	7df	9	9	9	9	9	9	9	9	9	9	9	9	9	9	9	9	9	9	9	9	9	9	9	9	9	9	9	9	9	1d9	1fc	215	5d1	e	e	b3	a80	1b	80	20b	3b	3c	3d	3e	39	a81	17f	a82	355	e3	a83	155	a84	6000a85	5000294	50002ba	50002ba	500021e	500030b	5000042	5000207	5000427	500001b	50003c8	500043d	5000258	5000265	5000a86	50002ba	50002bb	5000737	500058b	500001b	500019f	5000a87	50000b3	500000e	500000e	500000e	500000e	500000e	5000094	5000a88	500001b	400001b	320	1c7	a89	924	a8a	98	e	e	e	e	e	9df	90	91	92	e	e	e	e	400000e	40009df	4000a51	40001cc	400008e	18c	80000a8b	80000a8c	80000a8d	80000a7c	80000a8e	80000a8f	a90	e	e	e	e	32	185	3	3	3	3	3	3	10	f	0	0	0	0	0	0	0	0	0	0	0	0	0	0	0	0	0	0	0	0	0	0	0	0	0	0	0	0	0	0	0	0	0	0	0	0	0	0	0	0	0	0	0	0	0	0	0	0	0	0	0	0	0	0	0	0	0	0	0	0	0	0	0	0	0	0	0	65d	65d	65d	65d	65d	65d	65d	65d	65d	65d	65d	65d	65d	65d	65d	65d	65d	65d	65d	65d	65d	65d	65d	65d	65d	65d	65d	65d	65d	65d	65d	65d	65d	65d	65d	65d	65d	65d	9	9	9	9	9	9	9	9	9	9	9	9	9	9	9	9	9	65d	65d	65d	9	65d	65d	65d	65d	65d	65d	65d	65d	65d	65d	65d	65d	65d	65d	65d	65d	65d	65d	65d	65d	65d	65d	65d	65d	65d	65d	65d	65d	65d	65d	65d	65d	65d	65d	65d	65d	65d	1d9	1d9	1d9	1d9	1d9	1d9	1d9	1d9	1d9	1d9	1d9	1d9	1d9	1d9	1d9	1d9	265	27	1df	28	1b	702	17e	17f	b83	323	600037e	60000e3	6000b84	60000df	60000e0	60000e1	60000f7	6000b85	60001c5	60001c6	60001c7	6000b86	6000b87	6000b88	6000b6c	6000b89	60006ff	6000079	6000079	6000079	6000079	6000079	6000079	6000079	6000b8a	6000aa3	6000b8b	600011a	60000f9	6000b8c	600094a	6000b8d	6000b8e	6000ad0	6000273	600032f	6000b8f	6000250	6000404	600021a	6000b90	e	e	d	3	3	4	1	0	0	0	0	0	0	0	0	0	0	0	0	0	0	0	0	0	0	0	0	0	0	0	0	0	0	0	0	0	0	0	0	0	0	0	0	0	0	0	0	0	0	0	0	0	0	0	0	0	0	0	0	0	0
0	0	0	0	0	0	0	0	0	0	0	0	0	0	0	0	0	0	0	0	0	0	0	0	0	0	0	0	0	0	0	0	9	9	9	9	9	9	9	9	9	9	9	9	9	9	9	9	9	9	9	9	9	9	9	9	9	9	9	9	9	9	9	9	9	9	9	9	9	9	0	0	0	0	0	0	0	0	0	0	0	0	0	0	0	0	0	9	9	9	9	9	9	9	9	9	9	9	9	9	9	9	9	9	9	9	9	9	9	9	9	9	9	9	9	9	9	9	9	142	a91	58	e	e	a92	266	6b4	a93	6b4	51a	a94	3d	448	136	ec	a95	1a4	a96	a97	f9	a98	81e	17f	6000a99	6000a9a	60003a3	6000a9b	6000429	50002ba	50002bb	50003d0	5000a9c	50005ad	5000a9d	5000a9e	5000142	50004e5	6000674	6000590	6000a9f	6000aa0	5000aa1	5000aa2	500001b	5000437	5000236	500017b	5000075	5000597	5000a2a	5000038	26	11e	3d	3b	4f4	aa3	320	aa4	1c7	7dd	e	e	e	e	e	e	e	e	e	32	185	a9	e	e	e	e	e	e	e	e	800009a3	80000aa5	80000a8f	80000a90	e	e	e	e	e	32	3	3	3	3	3	3	10	f	0	0	0	0	0	0	0	0	0	0	0	0	0	0	0	0	0	0	0	0	0	0	0	0	0	0	0	0	0	0	0	0	0	0	0	0	0	0	0	0	0	0	0	0	0	0	0	0	0	0	0	0	0	0	0	0	0	0	0	0	0	0	0	0	0	0	0	0	0	65d	65d	65d	65d	65d	65d	65d	65d	65d	65d	65d	65d	65d	65d	65d	65d	65d	65d	65d	65d	65d	65d	65d	65d	65d	65d	65d	65d	65d	65d	65d	65d	65d	65d	65d	65d	65d	65d	9	9	9	9	9	9	9	9	9	9	9	9	9	9	9	9	9	65d	65d	65d	9	65d	65d	65d	65d	65d	65d	65d	65d	65d	65d	65d	65d	65d	65d	65d	65d	65d	65d	65d	65d	65d	65d	65d	65d	65d	65d	65d	65d	65d	65d	65d	65d	65d	65d	65d	65d	65d	1d9	1d9	1d9	1d9	1d9	1d9	1d9	1d9	1d9	1d9	1d9	1d9	1d9	1d9	1d9	1d9	22d	1f7	3d	ec	27	833	833	b91	833	28	6000acb	60000f9	60007f8	6000b92	60000e1	60000f7	6000b93	6000079	6000b94	6000b7a	6000b95	60007ab	60003b2	60002aa	6000079	6000079	6000079	6000079	6000079	6000079	6000079	6000079	6000079	6000079	60000dc	6000b8b	60002a0	60002a1	6000b96	6000402	6000776	6000b97	60007c9	6000b98	6000a86	6000b99	6000a2d	6000b9a	60002c3	6000349	6000081	6000046	e	e	14	3	3	3	4	0	0	0	0	0	0	0	0	0	0	0	0	0	0	0	0	0	0	0	0	0	0	0	0	0	0	0	0	0	0	0	0	0	0	0	0	0	0	0	0	0	0	0	0	0	0	0	0	0	0	0	0	0
0	0	0	0	0	0	0	0	0	0	0	0	0	0	0	0	0	0	0	0	0	0	0	0	0	0	0	0	0	0	0	0	7df	65d	65d	65d	65d	65d	65d	65d	65d	65d	65d	65d	65d	65d	65d	65d	65d	65d	65d	65d	65d	65d	65d	65d	65d	65d	65d	65d	65d	65d	65d	65d	65d	65d	65d	65d	65d	65d	9	9	9	9	9	9	9	9	9	9	9	9	9	9	9	9	9	65d	65d	65d	9	65d	65d	65d	65d	65d	65d	65d	65d	65d	65d	65d	65d	65d	65d	65d	65d	65d	65d	65d	65d	65d	65d	65d	65d	65d	65d	65d	65d	65d	65d	65d	65d	65d	65d	65d	65d	65d	1b	1b	1b	1b	1b	1b	1d9	1d9	1d9	1d9	1d9	1d9	1d9	1d9	1d9	1d9	1d9	22d	ad9	22d	205	3b	3c	3d	3d	ec	6000b9b	6000027	60001df	60001df	6000028	60008de	6000079	6000079	6000079	6000079	6000079	6000079	6000079	6000079	6000079	6000079	6000079	6000079	6000079	6000079	6000079	6000079	6000079	6000079	6000079	6000b9c	60002c6	6000542	6000b9d	6000b9e	6000b9f	6000ba0	6000750	6000270	600023f	6000a2d	600042e	6000ba1	6000a67	600001b	600001b	600090f	e	e	14	3	3	3	3	5	0	0	0	0	0	0	0	0	0	0	0	0	0	0	0	0	0	0	0	0	0	0	0	0	0	0	0	0	0	0	0	0	0	0	0	0	0	0	0	0	0	0	0	0	0	0	0	0	0	0	0	0	0	0	0	0	0	0	0	0	0	0	0	0	0	0	9	9	9	9	9	9	9	9	9	9	9	9	9	9	9	9	9	9	9	9	9	9	9	9	9	9	9	9	9	9	9	9	9	9	9	9	9	9	9a	9a	9a	9a	9a	9a	9a	9a	9a	c00	9	9	9	9	9	9	9	9	9	9	9	9	9	9	9	9	9	9	9	9	9	9	9	9	9	9	9	9	9	9	0	806	9	9	9	9	9	9	9	9	9	9	9	9	9	9	9	9	9	9	9	9	9	9	9	9	9	9	9	9	9	9	9	9	9	9	1b	1b	1b	1b	1b	1b	1b	1b	1b	1b	1b	1b	1b	1b	1b	1b	1b	1b	1b	1b	1b	1b	1b	1b	1b	1b	1b	1b	1b	1b	1b	1b	1b	1b	1b	1b	1b	566	1c6	1c7	1b	c46	3b	39	6000c47	60002ef	6000c48	6000058	6000c49	6000c4a	600000e	60000a3	6000121	6000c4b	6000100	600096d	6000c4c	6000372	600043a	600000e	600000e	600000e	600000e	600000e	600000e	600000e	600000e	600000e	600000e	600000e	e	e	597	99c	1b	1b	1b	1b	1b	1b	7d	9cf	e	0	0	0	0	0	0	0	0	0	0	0	0	0	0	0	0	0	0	0	9a	9a	f	a	3	a9	c37	c38	c39	c3a	c3b	c3c	a59	968	32	10	0	0	0	0	0	0	0	0	0	0
0	0	0	0	0	0	0	0	0	0	0	0	0	0	0	0	0	0	0	0	0	0	0	0	0	0	0	0	0	0	0	0	9	65d	65d	65d	65d	65d	65d	65d	65d	65d	65d	65d	65d	65d	65d	65d	65d	65d	65d	65d	65d	65d	65d	65d	65d	65d	65d	65d	65d	65d	65d	65d	65d	65d	65d	65d	65d	65d	9	9	9	9	9	9	9	9	9	9	9	9	9	9	9	9	9	7df	65d	65d	9	65d	65d	65d	65d	65d	65d	65d	65d	65d	65d	65d	65d	65d	65d	65d	65d	65d	65d	65d	65d	65d	65d	65d	65d	65d	65d	65d	65d	65d	65d	65d	65d	65d	65d	65d	65d	65d	1b	1b	1b	1b	1b	1b	1d9	1d9	1d9	1d9	1d9	1d9	1d9	1d9	1d9	1d9	1d9	1d9	1d9	1d9	298	3c	3d	137	27	1a7	600001b	600003c	600003d	600003d	60000ec	60007f9	6000079	6000079	6000079	6000079	6000079	6000079	6000079	6000079	6000079	6000079	6000079	6000079	6000079	6000079	6000079	6000079	6000079	6000079	6000079	6000461	60002ef	6000ba2	6000402	6000ba3	6000ba4	6000ba5	6000ba6	6000ba7	6000ba8	60006e1	6000ba9	6000baa	6000bab	60003c9	6000692	6000a1d	e	32	3	10	a	3	3	5	0	0	0	0	0	0	0	0	0	0	0	0	0	0	0	0	0	0	0	0	0	0	0	0	0	0	0	0	0	0	0	0	0	0	0	0	0	0	0	0	0	0	0	0	0	0	0	0	0	0	0	0	0	0	0	0	0	0	0	0	0	0	0	0	0	0	9	9	9	9	9	9	9	9	9	9	9	9	9	9	9	9	9	9	9	9	9	9	9	9	9	9	9	9	9	9	9	9	9	9	9	9	9	9	9a	9a	9a	9a	9a	9a	9a	9a	9a	c00	9	9	9	9	9	9	9	9	9	9	9	9	9	9	9	9	9	9	9	9	9	9	9	9	9	9	9	9	9	9	0	806	9	9	9	9	9	9	9	9	9	9	9	9	9	9	9	9	9	9	9	9	9	9	9	9	9	9	9	9	9	9	9	9	9	9	1b	1b	1b	1b	1b	1b	1b	1b	1b	1b	1b	1b	1b	1b	1b	1b	1b	1b	1b	1b	1b	1b	1b	1b	1b	1b	1b	1b	1b	1b	1b	1b	1b	1b	1b	1b	1b	1b	4f4	aa3	1b	31e	3c	ec	c4d	6000319	6000c4e	6000c4f	6000c50	6000a1d	60000d6	6000372	6000c51	600035a	6000080	6000c52	6000c49	600001b	6000c53	600000e	600000e	600000e	600000e	600000e	600000e	600000e	600000e	600000e	600000e	600000e	e	b1	f1	1b	1b	1b	1b	1b	1b	1b	1b	1b	c54	0	0	0	0	0	0	0	0	0	0	0	0	0	0	0	0	0	0	0	9a	9a	0	9a	f	a	185	185	a9	9df	c44	c45	a7e	32	10	0	0	0	0	0	0	0	0	0	0	0
0	0	0	0	0	0	0	0	0	0	0	0	0	0	0	0	0	0	0	0	0	0	0	0	0	0	0	0	0	0	0	0	9	65d	65d	65d	65d	65d	65d	65d	65d	65d	65d	65d	65d	65d	65d	65d	65d	65d	65d	65d	65d	65d	65d	65d	65d	65d	65d	65d	65d	65d	65d	65d	65d	65d	65d	65d	65d	65d	9	9	9	9	9	9	9	9	9	9	9	9	9	9	9	9	9	9	65d	65d	9	65d	65d	65d	65d	65d	65d	65d	65d	65d	65d	65d	65d	65d	65d	65d	65d	65d	65d	65d	65d	65d	65d	65d	65d	65d	65d	65d	65d	65d	65d	65d	65d	65d	65d	65d	65d	65d	1b	1b	1b	1b	1b	1b	1d9	1d9	1d9	1d9	1d9	1d9	1d9	1d9	1d9	1d9	1d9	1d9	1d9	1d9	1d9	1d9	1f9	782	205	3b	6000039	600001b	600001b	600001b	600001b	6000b37	6000079	6000079	6000079	6000079	6000079	6000079	6000079	6000079	6000079	6000079	6000079	6000079	6000079	6000079	6000079	6000079	600098c	6000246	60002f7	6000bac	6000bad	6000bae	60005d7	60002df	6000baf	6000bb0	6000bb1	6000bb2	6000555	6000bb3	60000e1	63d0bb4	6000bb5	6000bb6	60000f0	92	e	14	3	5	0	a	10	0	0	0	0	0	0	0	0	0	0	0	0	0	0	0	0	0	0	0	0	0	0	0	0	0	0	0	0	0	0	0	0	0	0	0	0	0	0	0	0	0	0	0	0	0	0	0	0	0	0	0	0	0	0	0	0	0	0	0	0	0	0	0	0	0	0	0	9	9	9	9	9	9	9	9	9	9	9	9	9	9	9	9	9	9	9	9	9	9	9	9	9	9	9	9	9	9	9	9	9	9	9	9	9	9	9a	9a	9a	9a	9a	9a	9a	9a	9a	c00	9	9	9	9	9	9	9	9	9	9	9	9	9	9	9	9	9	9	9	9	9	9	9	9	9	9	9	9	9	9	0	941	970	970	970	970	970	970	970	970	970	970	970	970	970	970	970	970	970	970	970	970	970	970	970	970	970	970	970	970	970	970	970	970	970	970	1b	1b	1b	1b	1b	1b	1b	1b	1b	1b	1b	1b	1b	1b	1b	1b	1b	1b	1b	1b	1b	1b	1b	1b	1b	1b	1b	1b	1b	1b	1b	1b	1b	1b	1b	1b	1b	1b	1b	1b	1b	1b	bc	c55	2a0	6000c56	6000c57	6000c58	6000c53	6000092	6000c2e	60000c3	6000ace	6000337	6000a53	6000c59	6000121	6000a52	6000c5a	6000092	600000e	600000e	600000e	600000e	600000e	600000e	600000e	600000e	6000061	60000b4	c5b	1b	1b	1b	1b	1b	1b	1b	1b	1b	1b	1b	1b	c5c	0	0	0	0	0	0	0	0	0	0	0	0	0	0	0	0	0	0	9a	9a	0	9a	0	9a	f	f	a	185	185	185	185	10	0	0	0	0	0	0	0	0	0	0	0	0
0	0	0	0	0	0	0	0	0	0	0	0	0	0	0	0	0	0	0	0	0	0	0	0	0	0	0	0	0	0	0	0	9	65d	65d	65d	65d	65d	65d	65d	65d	65d	65d	65d	65d	65d	65d	65d	65d	65d	65d	65d	65d	65d	65d	65d	65d	65d	65d	65d	65d	65d	65d	65d	65d	65d	65d	65d	65d	65d	9	9	9	9	9	9	9	9	9	9	9	9	9	9	9	9	9	9	65d	65d	9	65d	65d	65d	65d	65d	65d	65d	65d	65d	65d	65d	65d	65d	65d	65d	65d	65d	65d	65d	65d	65d	65d	65d	65d	65d	65d	65d	65d	65d	65d	65d	65d	65d	65d	65d	65d	65d	1b	1b	1b	1b	1b	1b	1d9	1d9	1d9	1d9	1d9	1d9	1d9	1d9	1d9	1d9	1d9	1d9	1d9	1d9	1d9	1d9	1d9	1d9	bb7	1f7	6000137	600001b	6000027	600001b	6000028	6000326	60004d1	6000079	6000079	6000079	6000079	6000079	6000079	6000079	6000079	6000079	6000079	6000079	6000079	6000079	6000bb8	6000bb9	6000bba	6000bbb	6000bbc	600010a	6000bbd	600092e	600044a	60002b3	6000bbe	600028d	6000bbf	6000bc0	6000bc1	62001e7	60001a7	63d0764	6000bc2	6000bc3	600000e	e	32	3	3	5	0	0	0	0	0	0	0	0	0	0	0	0	0	0	0	0	0	0	0	0	0	0	0	0	0	0	0	0	0	0	0	0	0	0	0	0	0	0	0	0	0	0	0	0	0	0	0	0	0	0	0	0	0	0	0	0	0	0	0	0	0	0	0	0	0	0	0	0	0	0	970	970	970	970	970	970	970	970	970	970	970	970	970	970	970	970	970	970	970	970	970	970	970	970	970	970	970	970	970	970	970	970	970	970	970	970	970	970	9a	9a	9a	9a	9a	9a	9a	9a	9a	c00	9	9	9	9	9	9	9	9	9	9	9	9	9	9	9	9	9	9	9	9	9	9	9	9	9	9	9	9	9	9	0	96e	65d	65d	65d	65d	65d	65d	65d	65d	65d	65d	65d	65d	65d	65d	65d	65d	65d	65d	65d	65d	65d	65d	65d	65d	65d	65d	65d	65d	65d	65d	65d	65d	65d	65d	1b	1b	1b	1b	1b	1b	1b	1b	1b	1b	1b	1b	1b	1b	1b	1b	1b	1b	1b	1b	1b	1b	1b	1b	1b	1b	1b	1b	1b	1b	1b	1b	1b	1b	1b	1b	1b	1b	1b	1b	1b	1b	c5d	364	f7	6000c5e	60005d1	6000c49	6000c5f	6000046	6000c60	60000c3	60000b0	6000c61	60009bf	6000c5a	6000951	6000a51	6000a72	600000e	600000e	e	e	e	11	c62	b4	17	f1	1b	1b	1b	1b	1b	1b	1b	1b	1b	1b	1b	1b	1b	1b	c63	0	0	0	0	0	0	0	0	0	0	0	0	0	0	0	0	0	0	0	0	0	0	0	9a	9a	9a	9a	f	f	f	f	9a	9a	9a	9a	9a	9a	9a	9a	9a	9a	9a	9a	120
0	0	0	0	0	0	0	0	0	0	0	0	0	0	0	0	0	0	0	0	0	0	0	0	0	0	0	0	0	0	0	0	9	65d	65d	65d	65d	65d	65d	65d	65d	65d	65d	65d	65d	65d	65d	65d	65d	65d	65d	65d	65d	65d	65d	65d	65d	65d	65d	65d	65d	65d	65d	65d	65d	65d	65d	65d	65d	65d	9	9	9	9	9	9	9	9	9	9	9	9	9	9	9	9	9	9	65d	65d	9	65d	65d	65d	65d	65d	65d	65d	65d	65d	65d	65d	65d	65d	65d	65d	65d	65d	65d	65d	65d	65d	65d	65d	65d	65d	65d	65d	65d	65d	65d	65d	65d	65d	65d	65d	65d	65d	1b	1b	1b	1b	1b	1b	1d9	1d9	1d9	1d9	1d9	1d9	1d9	1d9	1d9	1d9	1d9	1d9	1d9	1d9	1d9	1d9	1d9	1d9	1d9	22d	205	3b	600003c	600003d	600003e	6000039	60007e1	6000079	6000079	6000079	6000079	6000079	6000079	6000079	6000079	600098c	6000246	6000246	6000bc4	6000bc5	6000bc6	60003b6	60005bd	60005f8	6000bc7	6000bc8	6000bc9	6000bca	6000bcb	6000bcc	6000bcd	6000bce	60003d8	6000661	6000903	62001c9	6000249	63d0142	6000bcf	6000bd0	6000092	e	14	3	10	0	0	1	1	0	0	0	0	0	0	0	0	0	0	0	0	0	0	0	0	0	0	0	0	0	0	0	0	0	0	0	0	0	0	0	0	0	0	0	0	0	0	0	0	0	0	0	0	0	0	0	0	0	0	0	0	0	0	0	0	0	0	0	0	0	0	0	0	0	0	0	65d	65d	65d	65d	65d	65d	65d	65d	65d	65d	65d	65d	65d	65d	65d	65d	65d	65d	65d	65d	65d	65d	65d	65d	65d	65d	65d	65d	65d	65d	65d	65d	65d	65d	65d	65d	65d	65d	0	0	0	0	0	0	0	0	0	941	970	970	970	970	970	970	970	970	970	970	970	970	970	970	970	970	970	970	970	970	970	970	970	970	970	970	970	970	970	970	0	96e	65d	65d	65d	65d	65d	65d	65d	65d	65d	65d	65d	65d	65d	65d	65d	65d	65d	65d	65d	65d	65d	65d	65d	65d	65d	65d	65d	65d	65d	65d	65d	65d	65d	65d	1b	1b	1b	1b	1b	1b	1b	1b	1b	1b	1b	1b	1b	1b	1b	1b	1b	1b	1b	1b	1b	1b	1b	1b	1b	1b	1b	1b	1b	1b	1b	1b	1b	1b	1b	1b	1b	1b	1b	1b	1b	1b	27	1b	28	6000c3e	600000e	6000c64	6000c65	6000058	6000385	60001ff	6000058	6000c64	6000c66	6000a72	600000e	6000032	60000a9	600000e	600000e	e	e	a92	1b	1b	1b	1b	1b	1b	1b	1b	1b	1b	1b	1b	1b	1b	1b	1b	1b	1b	1b	1b	c67	0	0	0	0	0	0	0	0	0	0	0	0	0	0	0	0	0	0	0	0	0	0	9a	9a	9a	9a	9a	9a	9a	9a	9a	9a	9a	9a	9a	9a	9a	9a	9a	9a	9a	9a	120
0	0	0	0	0	0	0	0	0	0	0	0	0	0	0	0	0	0	0	0	0	0	0	0	0	0	0	0	0	0	0	0	9	65d	65d	65d	65d	65d	65d	65d	65d	65d	65d	65d	65d	65d	65d	65d	65d	65d	65d	65d	65d	65d	65d	65d	65d	65d	65d	65d	65d	65d	65d	65d	65d	65d	65d	65d	65d	65d	9a	9a	9a	9a	9a	9a	9a	9a	9a	9a	9a	9a	9a	9a	9a	9a	9a	9a	9a	9a	9a	9a	9a	65c	65d	65d	65d	65d	65d	65d	65d	65d	65d	65d	65d	65d	65d	65d	65d	65d	65d	65d	65d	65d	65d	65d	65d	65d	65d	65d	65d	65d	65d	65d	65d	65d	65d	65d	1b	1b	1b	1b	1b	1b	1b	1b	1b	1b	1b	1b	1b	1b	1b	1d9	1d9	1d9	1d9	1d9	1d9	1d9	1d9	1d9	1d9	1d9	298	3c	3d	6000137	6000136	60001f1	60003a8	6000079	6000079	6000079	6000079	6000079	6000079	6000079	63707e2	6370bd1	6370320	6000bd2	6000322	6000bd3	60003e9	60003ea	60003eb	600017f	60004ce	60000bd	60002a4	6000b12	60001c6	6000bd4	60001c7	6000bd5	6000bd6	6000bd7	6000bd8	6200bd9	6000bda	63d0146	6000bdb	6000092	600000e	32	3	3	4	1	2	3	3	4	0	0	0	0	0	0	0	0	0	0	0	0	0	0	0	0	0	0	0	0	0	0	0	0	0	0	0	0	0	0	0	0	0	0	0	0	0	0	0	0	0	0	0	0	0	0	0	0	0	0	0	0	0	0	0	0	0	0	0	0	0	0	0	0	0	0	65d	65d	65d	65d	65d	65d	65d	65d	65d	65d	65d	65d	65d	65d	65d	65d	65d	65d	65d	65d	65d	65d	65d	65d	65d	65d	65d	65d	65d	65d	65d	65d	65d	65d	65d	65d	65d	65d	0	0	0	0	0	0	0	0	0	96e	65d	65d	65d	65d	65d	65d	65d	65d	65d	65d	65d	65d	65d	65d	65d	65d	65d	65d	65d	65d	65d	65d	65d	65d	65d	65d	65d	65d	65d	65d	0	20	9a	9a	9a	9a	65c	65d	65d	65d	65d	65d	65d	65d	65d	65d	65d	65d	65d	65d	65d	65d	65d	65d	65d	65d	65d	65d	65d	65d	65d	65d	65d	65d	65d	65d	1b	1b	1b	1b	1b	1b	1b	1b	1b	1b	1b	1b	1b	1b	1b	1b	1b	1b	1b	1b	1b	1b	1b	1b	1b	1b	1b	1b	1b	1b	1b	1b	1b	1b	1b	1b	1b	1b	1b	1b	3ed	3b	3c	3d	ec	6000c4a	60000d6	60001ff	60005d3	600094f	6000c49	6000714	6000c68	6000a53	6000c53	600000e	6000032	6000003	600000c	600000e	600000e	e	d6	1b	1b	1b	1b	1b	1b	1b	1b	1b	1b	1b	1b	1b	1b	1b	1b	1b	1b	1b	1b	1b	1ef	0	0	0	0	0	0	0	0	0	0	0	0	0	0	0	0	0	0	0	0	0	0	9a	9a	9a	9a	9a	9a	9a	9a	9a	9a	9a	9a	9a	9a	9a	9a	9a	9a	9a	9a	120
0	0	0	0	0	0	0	0	0	0	0	0	0	0	0	0	0	0	0	0	0	0	0	0	0	0	0	0	0	0	0	0	9	65d	65d	65d	65d	65d	65d	65d	65d	65d	65d	65d	65d	65d	65d	65d	65d	65d	65d	65d	65d	65d	65d	65d	65d	65d	65d	65d	65d	65d	65d	65d	65d	65d	65d	65d	65d	65d	9a	9a	9a	9a	9a	9a	9a	9a	9a	9a	9a	9a	9a	9a	9a	9a	9a	9a	9a	9a	9a	9a	9a	65c	65d	65d	65d	65d	65d	65d	65d	65d	65d	65d	65d	65d	65d	65d	65d	65d	65d	65d	65d	65d	65d	65d	65d	65d	65d	65d	65d	65d	65d	65d	65d	65d	65d	65d	1b	1b	1b	1b	1b	1b	1b	1b	1b	1b	1b	1b	1b	1b	1b	1d9	1d9	1d9	1d9	1d9	1d9	1d9	1d9	1d9	1d9	1d9	265	27	30d	600001b	600001b	600001b	6000966	6000990	6000079	6000079	6000079	6000079	6000079	6000079	6370b94	6000bdc	6000bdd	6000bde	6000bdf	6000be0	6000be1	6000be2	6000be3	6000be4	6000be5	60000e1	60000f7	60005ba	6000be6	6000be7	62a0be8	6000be9	6000bea	6000215	6000a51	6000a51	6000a72	600000e	600000e	600000e	600000e	600000d	3	3	c	7	7	7	7	3	4	1	0	0	0	0	0	0	0	0	0	0	0	0	0	0	0	0	0	0	0	0	0	0	0	0	0	0	1	0	0	0	0	1	1	1	1	1	0	0	0	0	0	0	0	0	0	0	0	0	0	0	0	0	0	0	0	0	0	0	0	0	0	0	0	0	65d	65d	65d	65d	65d	65d	65d	65d	65d	65d	65d	65d	65d	65d	65d	65d	65d	65d	65d	65d	65d	65d	65d	65d	65d	65d	65d	65d	65d	65d	65d	65d	65d	65d	65d	65d	65d	65d	0	0	0	0	0	0	0	0	0	96e	65d	65d	65d	65d	65d	65d	65d	65d	65d	65d	65d	65d	65d	65d	65d	65d	65d	65d	65d	65d	65d	65d	65d	65d	65d	65d	65d	65d	65d	65d	0	20	9a	9a	9a	9a	65c	65d	65d	65d	65d	65d	65d	65d	65d	65d	65d	65d	65d	65d	65d	65d	65d	65d	65d	65d	65d	65d	65d	65d	65d	65d	65d	65d	65d	65d	1b	1b	1b	1b	1b	1b	1b	1b	1b	1b	1b	1b	1b	1b	1b	1b	1b	1b	1b	1b	1b	1b	1b	1b	1b	1b	1b	1b	1b	1b	1b	1b	1b	1b	1b	1b	1b	1b	1b	1b	1b	3c	3d	137	30	6000c69	600001e	6000c6a	6000a72	6000096	6000026	6000c43	60009be	60009bf	6000c5a	600000e	6000014	600005a	600000e	600000e	600000e	e	1e	1b	1b	1b	1b	1b	1b	1b	1b	1b	1b	1b	1b	1b	1b	1b	1b	1b	1b	1b	1b	1b	ace	0	0	0	0	0	0	0	0	0	0	0	0	0	0	0	0	0	0	0	0	0	0	9a	9a	9a	9a	9a	9a	9a	9a	9a	9a	9a	9a	9a	9a	9a	9a	9a	9a	9a	9a	120
0	0	0	0	0	0	0	0	0	0	0	0	0	0	0	0	0	0	0	0	0	0	0	0	0	0	0	0	0	0	0	0	9	65d	65d	65d	65d	65d	65d	65d	65d	65d	65d	65d	65d	65d	65d	65d	65d	65d	65d	65d	65d	65d	65d	65d	65d	65d	65d	65d	65d	65d	65d	65d	65d	65d	65d	65d	65d	65d	9a	9a	9a	9a	9a	9a	9a	9a	9a	9a	9a	9a	9a	9a	9a	9a	9a	9a	9a	9a	9a	9a	9a	65c	65d	65d	65d	65d	65d	65d	65d	65d	65d	65d	65d	65d	65d	65d	65d	65d	65d	65d	65d	65d	65d	65d	65d	65d	65d	65d	65d	65d	65d	65d	65d	65d	65d	65d	1b	1b	1b	1b	1b	1b	1b	1b	1b	1b	1b	1b	1b	1b	1b	1d9	1d9	1d9	1d9	1d9	1d9	1d9	1d9	1d9	1d9	1d9	22d	323	3d	6000333	6000beb	600001b	60007e1	6000079	6000079	6000079	6000079	6000079	6000079	6000079	637098c	63700ad	6000bec	6000bed	6000bee	6000245	6000bed	6000bef	6000bf0	6000bf1	6000bf2	6000bf3	6000963	6000321	6000463	6000833	62a0bf4	6000bf5	6000bf6	6000bf7	60000b3	6000a5e	6000bf8	6000038	60001ee	600000e	600000e	600000e	d	c	e	e	e	e	e	d	3	3	4	1	1	1	1	0	0	0	0	0	0	0	0	0	0	0	0	0	0	0	0	0	0	0	0	2	3	4	1	1	2	3	7	7	7	3	4	0	0	0	0	0	0	0	0	0	0	0	0	0	0	0	0	0	0	0	0	0	0	0	0	0	0	0	0	0	0	0	0	0	0	0	0	0	0	0	0	0	0	0	0	0	0	0	0	0	0	0	65d	65d	65d	65d	65d	65d	65d	65d	65d	65d	65d	65d	65d	65d	0	0	0	0	0	0	0	0	0	96e	65d	65d	65d	65d	65d	65d	65d	65d	65d	65d	65d	65d	65d	65d	65d	65d	65d	65d	65d	65d	65d	65d	65d	65d	65d	65d	65d	65d	65d	65d	0	20	9a	9a	9a	9a	65c	65d	65d	65d	65d	65d	65d	65d	65d	65d	65d	65d	65d	65d	65d	65d	65d	65d	65d	65d	65d	65d	65d	65d	65d	65d	65d	65d	65d	65d	1b	1b	1b	1b	1b	1b	1b	1b	1b	1b	1b	1b	1b	1b	1b	1b	1b	1b	1b	1b	1b	1b	1b	1b	1b	1b	1b	1b	1b	1b	1b	1b	1b	1b	1b	1b	1b	1b	1b	1b	1b	e9	3b	39	c53	6000092	6000c6b	6000c43	600000e	6000337	6000036	600001b	600001f	60009df	6000a72	600000e	600000d	600000c	600000e	600000e	600000e	e	c64	1b	1b	1b	1b	1b	1b	1b	1b	1b	1b	1b	1b	1b	1b	1b	1b	1b	1b	1b	1b	1b	c6c	0	0	0	0	0	0	0	0	0	0	0	0	0	0	0	0	0	0	0	0	0	0	9a	9a	9a	9a	9a	9a	9a	9a	9a	9a	9a	9a	9a	9a	9a	9a	9a	9a	9a	9a	120
0	0	0	0	0	0	0	0	0	0	0	0	0	0	0	0	0	0	0	0	0	0	0	0	0	0	0	0	0	0	0	0	9	65d	65d	65d	65d	65d	65d	65d	65d	65d	65d	65d	65d	65d	65d	65d	65d	65d	65d	65d	65d	65d	65d	65d	65d	65d	65d	65d	65d	65d	65d	65d	65d	65d	65d	65d	65d	65d	9a	9a	9a	9a	9a	9a	9a	9a	9a	9a	9a	9a	9a	9a	9a	9a	9a	9a	9a	9a	9a	9a	9a	bf9	7df	7df	7df	7df	7df	7df	7df	7df	7df	7df	7df	7df	7df	7df	7df	7df	7df	7df	7df	7df	7df	7df	7df	7df	7df	7df	7df	7df	7df	7df	7df	7df	7df	7df	1b	1b	1b	1b	1b	1b	1b	1b	1b	1b	1b	1b	1b	1b	1b	1d9	1d9	1d9	1d9	1d9	1d9	1d9	1d9	1d9	1d9	1d9	1d9	1d9	27e	6000353	6000354	6000355	6000356	600098e	60004d1	6000079	6000079	6000079	6000079	6000079	6000bfa	6000027	6000833	6000833	6000833	6000833	6000028	6000027	60001df	6000028	6000bfb	6000bfc	6000bfd	60004f5	6000463	600031e	6000320	6000027	6000bfe	6000028	60000c0	6000898	60004cb	60000e5	6000bff	600017b	600000e	600000e	e	e	e	e	e	e	e	e	d	7	7	7	3	3	3	0	0	0	0	0	0	0	0	0	0	0	0	0	0	0	0	0	0	0	2	7	7	7	7	7	7	c	e	e	e	d	3	4	0	0	0	0	0	0	0	0	0	0	0	0	0	0	0	0	0	0	0	0	0	0	0	0	0	0	0	0	0	0	0	0	0	0	0	0	0	0	0	0	0	0	0	0	0	0	0	0	0	0	65d	65d	65d	65d	65d	65d	65d	65d	65d	65d	65d	65d	65d	65d	0	0	0	0	0	0	0	0	0	96e	65d	65d	65d	65d	65d	65d	65d	65d	65d	65d	65d	65d	65d	65d	65d	65d	65d	65d	65d	65d	65d	65d	65d	65d	65d	65d	65d	65d	65d	65d	0	20	9a	9a	9a	9a	65c	65d	65d	65d	65d	65d	65d	65d	65d	65d	65d	65d	65d	65d	65d	65d	65d	65d	65d	65d	65d	65d	65d	65d	65d	65d	65d	65d	65d	65d	1b	1b	1b	1b	1b	1b	1b	1b	1b	1b	1b	1b	1b	1b	1b	1b	1b	1b	1b	1b	1b	1b	1b	1b	1b	1b	1b	1b	1b	1b	1b	1b	1b	1b	1b	1b	1b	1b	1b	1b	1b	1b	323	1f1	100	6000046	6000c6d	600001b	600043a	60009be	6000a1e	6000520	6000c69	6000032	60000a9	600000e	600000e	600000e	600000e	600000e	600000e	314	1b	1b	1b	1b	1b	1b	1b	1b	1b	1b	1b	1b	1b	1b	1b	1b	1b	1b	1b	1b	1b	1b	1ef	0	0	0	0	0	0	0	0	0	0	0	0	0	0	0	0	0	0	0	0	0	0	9a	9a	9a	9a	9a	9a	9a	9a	9a	9a	9a	9a	9a	9a	9a	9a	9a	9a	9a	9a	120
0	0	0	0	0	0	0	0	0	0	0	0	0	0	6	6	6	6	6	6	6	6	6	6	6	6	6	6	6	6	6	6	9	7df	7df	7df	7df	7df	7df	7df	7df	7df	7df	7df	7df	7df	7df	7df	7df	7df	7df	7df	65d	65d	65d	65d	65d	65d	65d	65d	65d	65d	65d	65d	65d	65d	65d	65d	65d	65d	9a	9a	9a	9a	9a	9a	9a	9a	9a	9a	9a	9a	9a	9a	9a	9a	9a	9a	9a	9a	9a	9a	9a	c00	9	9	9	9	9	9	9	9	9	9	9	9	9	9	9	9	9	9	9	9	9	9	9	9	9	9	9	9	9	9	9	9	9	9	1b	1b	1b	1b	1b	1b	1b	1b	1b	1b	1b	1b	1b	1b	1b	1d9	1d9	1d9	1d9	1d9	1d9	1d9	1d9	1d9	1d9	1d9	1d9	1d9	265	8aa	323	37e	60000e3	60000bf	6000698	6000079	6000079	6000079	6000079	6000079	60003b2	60007fa	600003b	600003c	600003d	600003d	600023a	6000208	600003d	6000c01	6000c02	600035a	6000c03	6000320	6000369	61d00d1	6000027	600003c	600003d	60000ec	6000c04	6000042	60007e4	60001fc	60000a1	600001b	6000c05	6000023	600000e	600000e	e	e	e	e	e	e	e	12	46	e	d	3	3	0	0	0	0	0	0	0	0	0	0	0	0	0	0	0	0	0	0	2	c	61	23	e	61	c06	b3	b3	a5e	bf8	38	1ee	d	7	4	0	0	0	0	0	0	0	0	0	0	0	0	0	0	0	0	0	0	0	0	0	0	0	0	0	0	0	0	0	0	0	0	0	0	0	0	0	0	0	0	0	0	0	0	0	0	0	0	0	65d	65d	65d	65d	65d	65d	65d	65d	65d	65d	65d	65d	65d	65d	0	0	0	0	0	0	0	0	0	96e	65d	65d	65d	65d	65d	65d	65d	65d	65d	65d	65d	65d	65d	65d	65d	65d	65d	65d	65d	65d	65d	65d	65d	65d	65d	65d	65d	65d	65d	65d	0	20	9a	9a	9a	9a	65c	65d	65d	65d	65d	65d	65d	65d	65d	65d	65d	65d	65d	65d	65d	65d	65d	65d	65d	65d	65d	65d	65d	65d	65d	65d	65d	65d	65d	65d	1b	1b	1b	1b	1b	1b	1b	1b	1b	1b	1b	1b	1b	1b	1b	1b	1b	1b	1b	1b	1b	1b	1b	1b	1b	1b	1b	1b	1b	1b	1b	1b	1b	1b	1b	1b	1b	1b	1b	1b	1b	1b	1b	1b	1b	6000c52	60001a1	6000c6e	6000ace	600000e	6000951	60009e2	6000092	6000014	600000c	600000e	600000e	600000e	600000e	600000e	6000011	2ea	1b	1b	1b	1b	1b	1b	1b	1b	1b	1b	1b	1b	1b	1b	1b	1b	1b	1b	1b	1b	1b	9c1	c6f	0	0	0	0	0	0	0	0	0	0	0	0	0	0	0	0	0	0	0	0	0	0	9a	9a	9a	9a	9a	9a	9a	9a	9a	9a	9a	9a	9a	9a	9a	9a	9a	9a	9a	9a	120
0	0	0	0	0	0	0	0	0	0	0	0	0	0	9	9	9	9	9	9	9	9	9	9	9	9	9	9	9	9	9	9	9	9	9	9	9	9	9	9	9	9	9	9	9	9	9	9	9	9	9	9	9a	9a	9a	9a	9a	9a	9a	9a	9a	65c	65d	65d	65d	65d	65d	65d	65d	65d	7e0	7e0	7e0	7e0	7e0	7e0	7e0	7e0	7e0	7e0	7e0	7e0	7e0	7e0	7e0	7e0	7e0	7e0	7e0	7e0	7e0	7e0	9a	c00	9	9	9	9	9	9	9	9	9	9	9	9	9	9	9	9	9	9	9	9	9	9	9	9	9	9	9	9	9	9	9	9	9	9	1b	1b	1b	1b	1b	1b	1b	1b	1b	1b	1b	1b	1b	1b	1b	1b	1b	1b	1b	1b	1b	1b	1b	1b	1b	1b	1b	1b	1b	1b	1b	c07	f9	60007f8	6000343	6000901	6000079	6000079	6000079	6000079	6000079	6000c08	6000706	600003d	6000137	6000c09	6000207	6000c0a	600008e	600094e	60005d1	60001a1	6000c0b	6000c0c	6000c0d	6000c0e	60001bc	600003d	60000ec	66001ff	6600a71	6000036	6000c0f	6000c10	600001b	600001b	86000149	86000c11	86000c12	600000e	e	e	e	e	e	e	96	c13	90f	e	e	d	3	0	0	0	0	0	0	0	0	0	0	0	0	0	0	0	0	0	15	5a	e	1e	81	c14	27	833	28	c0	898	4cb	e5	bff	17b	e	d	4	0	0	0	0	0	0	0	0	0	0	0	0	0	0	0	0	0	0	0	0	0	0	0	0	0	0	0	0	0	0	0	0	0	0	0	0	0	0	0	0	0	0	0	0	0	0	0	0	65d	65d	65d	65d	65d	65d	65d	65d	65d	65d	65d	65d	65d	65d	0	0	0	0	0	0	0	0	0	96e	65d	65d	65d	65d	65d	65d	65d	65d	65d	65d	65d	65d	65d	65d	65d	65d	65d	65d	65d	65d	65d	65d	65d	65d	65d	65d	65d	65d	65d	65d	0	20	9a	9a	9a	9a	65c	65d	65d	65d	65d	65d	65d	65d	65d	65d	65d	65d	65d	65d	65d	65d	65d	65d	65d	65d	65d	65d	65d	65d	65d	65d	65d	65d	65d	65d	1b	1b	1b	1b	1b	1b	1b	1b	1b	1b	1b	1b	1b	1b	1b	1b	1b	1b	1b	1b	1b	1b	1b	1b	1b	1b	1b	1b	1b	1b	1b	1b	1b	1b	1b	1b	1b	1b	1b	1b	1b	1b	1b	1b	1b	6000037	6000046	6000186	60000f0	6000092	600000e	600000e	600000e	6000c70	600000e	600000e	600000e	600000e	6000011	6000c71	600001b	1b	1b	1b	1b	1b	1b	1b	1b	1b	1b	1b	1b	1b	1b	1b	1b	1b	1b	1b	1b	1b	9c1	f0	0	0	0	0	0	0	0	0	0	0	0	0	0	0	0	0	0	0	0	0	0	0	0	9a	9a	9a	9a	9a	9a	9a	9a	9a	9a	9a	9a	9a	9a	9a	9a	9a	9a	9a	9a	120
0	0	0	0	0	0	0	0	0	0	0	0	0	0	9	9	9	9	9	9	9	9	9	9	9	9	9	9	9	9	9	9	9	9	9	9	9	9	9	9	9	9	9	9	9	9	9	9	9	9	9	9	9a	9a	9a	9a	9a	9a	9a	9a	9a	65c	65d	65d	65d	65d	65d	65d	65d	65d	9	9	9	9	9	9	9	9	9	9	9	9	9	9	9	9	9	9	9	9	9	9	9a	c00	9	9	9	9	9	9	9	9	9	9	9	9	9	9	9	9	9	9	9	9	9	9	9	9	9	9	9	9	9	9	9	9	9	9	1b	1b	1b	1b	1b	1b	1b	1b	1b	1b	1b	1b	1b	1b	1b	1b	1b	1b	1b	1b	1b	1b	1b	1b	1b	1b	1b	1b	1b	1b	1b	320	c15	6000c15	60001c7	60009f7	600098c	6000246	600024b	6000c16	6000079	6000079	60005a5	60007eb	6000066	600082c	6000c17	60000f0	6000092	6000c18	60001a0	600000e	600004b	6000c19	6000c1a	6000c1b	6000c1c	60001bb	6000c1d	66003e0	6600090	6000a1e	6000c1e	6000c1f	600001b	600001b	860009dd	86000c20	86000c21	600000e	e	e	e	e	e	e	8c3	1b	c22	e	e	e	d	0	0	0	0	0	0	0	0	0	0	0	0	0	0	0	0	0	15	5a	e	121	a05	3b	3c	3d	ec	c04	42	7e4	1fc	a1	1b	a2	23	d	4	0	0	0	0	0	0	0	0	0	0	0	0	0	0	0	0	0	0	0	0	0	0	0	0	0	0	0	0	0	0	0	0	0	0	0	0	0	0	0	0	0	0	0	0	0	0	0	65d	65d	65d	65d	65d	65d	65d	65d	65d	65d	65d	65d	65d	65d	0	0	0	0	0	0	0	0	0	96e	65d	65d	65d	65d	65d	65d	65d	65d	65d	65d	65d	65d	65d	65d	65d	65d	65d	65d	65d	65d	65d	65d	65d	65d	65d	65d	65d	65d	65d	65d	0	20	9a	9a	9a	9a	65c	65d	65d	65d	65d	65d	65d	65d	65d	65d	65d	65d	65d	65d	65d	65d	65d	65d	65d	65d	65d	65d	65d	65d	65d	65d	65d	65d	65d	65d	1b	1b	1b	1b	1b	1b	1b	1b	1b	1b	1b	1b	1b	1b	1b	1b	1b	1b	1b	1b	1b	1b	1b	1b	1b	1b	1b	1b	1b	1b	1b	1b	1b	1b	1b	1b	1b	1b	1b	1b	1b	1b	1b	1b	1b	1b	c52	e	e	e	e	e	e	e	e	e	19	1a	1b	1b	1b	1b	1b	1b	1b	1b	1b	1b	1b	1b	1b	1b	1b	1b	1b	1b	9c1	146	147	148	9c1	146	f0	0	0	0	0	0	0	0	0	0	0	0	0	0	0	0	0	0	0	0	0	0	0	0	0	9a	9a	9a	9a	9a	9a	9a	9a	9a	9a	9a	9a	9a	9a	9a	9a	9a	9a	9a	9a	120
0	0	0	0	0	0	0	0	0	0	0	0	0	0	9	9	9	9	9	9	9	9	9	9	9	9	9	9	9	9	9	9	9	9	9	9	9	9	9	9	9	9	9	9	9	9	9	9	9	9	9	9	9a	9a	9a	9a	9a	9a	9a	9a	9a	65c	65d	65d	65d	65d	65d	65d	65d	65d	9	9	9	9	9	9	9	9	9	9	9	9	9	9	9	9	9	9	9	9	9	9	9a	c00	9	9	9	9	9	9	9	9	9	9	9	9	9	9	9	9	9	9	9	9	9	9	9	9	9	9	9	9	9	9	9	9	9	9	1b	1b	1b	1b	1b	1b	1b	1b	1b	1b	1b	1b	1b	1b	1b	1b	1b	1b	1b	1b	1b	1b	1b	1b	1b	1b	1b	1b	1b	1b	1b	4f4	345	60004f5	6000965	600001b	6000701	600001b	6000343	600001b	6000223	600024b	6000c23	6000c24	6000028	600035b	6000896	6000092	600000e	6000c25	6000c26	60000d6	6000349	6000280	6000298	6000c27	600000e	6000951	600035a	600008b	6600c28	6000951	6000c29	600001b	86000149	860007ab	86000c2a	860009bb	86000939	600000e	e	e	e	e	e	96	a2b	1b	1b	b90	e	e	e	0	0	0	0	0	0	0	0	0	0	0	0	0	0	0	0	0	15	3	a9	951	a1e	1bc	3d	ec	1ff	a71	36	c0f	c10	1b	1b	149	c11	c12	14	5	0	0	0	0	0	0	0	0	0	0	0	0	0	0	0	0	0	0	0	0	0	0	0	0	0	0	0	0	0	0	0	0	0	0	0	0	0	0	0	0	0	0	0	0	0	0	65d	65d	65d	65d	65d	65d	65d	65d	65d	65d	65d	65d	65d	65d	0	0	0	0	0	0	0	0	0	96e	65d	65d	65d	65d	65d	65d	65d	65d	65d	65d	65d	65d	65d	65d	65d	65d	65d	65d	65d	65d	65d	65d	65d	65d	65d	65d	65d	65d	65d	65d	0	20	9a	9a	9a	9a	65c	65d	65d	65d	65d	65d	65d	65d	65d	65d	65d	65d	65d	65d	65d	65d	65d	65d	65d	65d	65d	65d	65d	65d	65d	65d	65d	65d	65d	65d	1b	1b	1b	1b	1b	1b	1b	1b	1b	1b	1b	1b	1b	1b	1b	1b	1b	1b	1b	1b	1b	1b	1b	1b	1b	1b	1b	1b	1b	1b	1b	1b	1b	1b	1b	1b	1b	1b	1b	1b	1b	1b	1b	1b	1b	1b	1ef	e	e	e	e	e	e	e	e	e	c49	1b	1b	1b	1b	1b	1b	c72	a52	a53	c73	91e	146	1bb	c74	1b	1b	1b	9c1	146	f0	0	c75	c76	f0	0	0	0	0	0	0	0	0	0	0	0	0	0	0	0	0	0	0	0	0	0	0	0	0	0	0	9a	9a	9a	9a	9a	9a	9a	9a	9a	9a	9a	9a	9a	9a	9a	9a	9a	9a	9a	9a	120
0	0	0	0	0	0	0	0	0	0	0	0	0	0	9	9	9	9	9	9	9	9	9	9	9	9	9	9	9	9	9	9	9	9	9	9	9	9	9	9	9	9	9	9	9	9	9	9	9	9	9	9	9a	9a	9a	9a	9a	9a	9a	9a	9a	65c	65d	65d	65d	65d	65d	65d	65d	65d	9	9	9	9	9	9	9	9	9	9	9	9	9	9	9	9	9	9	9	9	9	9	9a	c00	9	9	9	9	9	9	9	9	9	9	9	9	9	9	9	9	9	9	9	9	9	9	9	9	9	9	9	9	9	9	9	9	9	9	1b	1b	1b	1b	1b	1b	1b	1b	1b	1b	1b	1b	1b	1b	1b	1b	1b	1b	1b	1b	1b	1b	1b	1b	1b	1b	1b	1b	1b	1b	1b	1b	1b	6ad	1b5	963	321	321	1c7	27	1b	600001b	600031f	600003d	60000ec	6000251	6000c2b	6000312	6000096	6000c2c	6000c2d	6000c2e	60000c0	6000c2f	60002c2	600001b	6000c05	600000e	60001a1	60009c2	6000c30	6000096	60000f1	600001b	86000b4e	86000079	86000a12	86000a13	600000e	600000e	e	e	e	e	e	8c3	1b	1b	1b	37	46	e	e	0	0	0	0	0	0	0	0	0	0	0	0	0	0	0	0	0	0	a	3	a9	951	c1c	1bb	c1d	3e0	90	a1e	c1e	c1f	1b	1b	9dd	c20	c21	14	5	0	0	0	0	0	0	0	0	0	0	0	0	0	0	0	0	0	0	0	0	0	0	0	0	0	0	0	0	0	0	0	0	0	0	0	0	0	0	0	0	0	0	0	0	0	0	65d	65d	65d	65d	65d	65d	65d	65d	65d	65d	65d	65d	65d	65d	0	0	0	0	0	0	0	0	0	96e	65d	65d	65d	65d	65d	65d	65d	65d	65d	65d	65d	65d	65d	65d	65d	65d	65d	65d	65d	65d	65d	65d	65d	65d	65d	65d	65d	65d	65d	65d	0	20	9a	9a	9a	9a	65c	65d	65d	65d	65d	65d	65d	65d	65d	65d	65d	65d	65d	65d	65d	65d	65d	65d	65d	65d	65d	65d	65d	65d	65d	65d	65d	65d	65d	65d	1b	1b	1b	1b	1b	1b	1b	1b	1b	1b	1b	1b	1b	1b	1b	1b	1b	1b	1b	1b	1b	1b	1b	1b	1b	1b	1b	1b	1b	1b	1b	1b	1b	1b	1b	1b	1b	1b	1b	1b	1b	1b	1b	1b	1b	c73	c2d	e	e	e	e	e	e	e	e	e	121	a52	a71	a53	1b	1ff	a52	5d3	c77	c78	9a2	c79	0	c7a	c7b	146	146	146	f0	0	0	0	0	0	0	0	0	0	0	0	0	0	0	0	0	0	0	0	0	0	0	0	0	0	0	0	0	0	0	0	0	9a	9a	9a	9a	9a	9a	9a	9a	9a	9a	9a	9a	9a	9a	9a	9a	9a	9a	9a	9a	120
0	0	0	0	0	0	0	0	0	0	0	0	0	0	9	9	9	9	9	9	9	9	9	9	9	9	9	9	9	9	9	9	9	9	9	9	9	9	9	9	9	9	9	9	9	9	9	9	9	9	9	9	9a	9a	9a	9a	9a	9a	9a	9a	9a	65c	65d	65d	65d	65d	65d	65d	65d	65d	9	9	9	9	9	9	9	9	9	9	9	9	9	9	9	9	9	9	9	9	9	9	9a	c00	9	9	9	9	9	9	9	9	9	9	9	9	9	9	9	9	9	9	9	9	9	9	9	9	9	9	9	9	9	9	9	9	9	9	1b	1b	1b	1b	1b	1b	1b	1b	1b	1b	1b	1b	1b	1b	1b	1b	1b	1b	1b	1b	1b	1b	1b	1b	1b	1b	1b	1b	1b	1b	1b	1b	1b	3ee	1c6	80d	80e	4f5	965	3c	3d	3d	60001d0	60005a8	60000d0	60002a0	60002a1	6000c31	60008c3	6000714	60005d1	600027c	6000c32	600022d	6000c33	6000c34	6000c35	6000c36	600000e	6000c37	6000c38	6000c39	6000c3a	86000c3b	86000c3c	86000a59	86000968	600000e	600000e	600000e	e	e	e	e	12	f1	1b	1b	1b	1ff	58	e	e	0	0	0	0	0	0	0	0	0	0	0	0	0	0	0	0	0	0	0	a	3	a9	e	951	35a	8b	c28	951	c29	1b	149	7ab	c2a	9bb	939	14	5	0	0	0	0	0	0	0	0	0	0	0	0	0	0	0	0	0	0	0	0	0	0	0	0	0	0	0	0	0	0	0	0	0	0	0	0	0	0	0	0	0	0	0	0	0	0	65d	65d	65d	65d	65d	65d	65d	65d	65d	65d	65d	65d	65d	65d	0	0	0	0	0	0	0	0	0	96e	65d	65d	65d	65d	65d	65d	65d	65d	65d	65d	65d	65d	65d	65d	65d	65d	65d	65d	65d	65d	65d	65d	65d	65d	65d	65d	65d	65d	65d	65d	0	20	9a	9a	9a	9a	65c	65d	65d	65d	65d	65d	65d	65d	65d	65d	65d	65d	65d	65d	65d	65d	65d	65d	65d	65d	65d	65d	65d	65d	65d	65d	65d	65d	65d	65d	1b	1b	1b	1b	1b	1b	1b	1b	1b	1b	1b	1b	1b	1b	1b	1b	1b	1b	1b	1b	1b	1b	1b	1b	1b	1b	1b	1b	1b	1b	1b	1b	1b	1b	1b	1b	1b	1b	1b	1b	1b	1b	1b	1b	c73	8c2	c7c	120	0	0	0	0	0	0	0	0	c7d	c77	c7e	c78	146	9a2	c77	c7f	0	0	0	0	0	0	0	0	0	0	0	0	0	0	0	0	0	0	0	0	0	0	0	0	0	0	0	0	0	0	0	0	0	0	0	0	0	0	0	0	0	0	0	9a	9a	9a	9a	9a	9a	9a	9a	9a	9a	9a	9a	9a	9a	9a	9a	9a	9a	9a	9a	120
0	0	0	0	0	0	0	0	0	0	0	0	0	0	9	9	9	9	9	9	9	9	9	9	9	9	9	9	9	9	9	9	9	9	9	9	9	9	9	9	9	9	9	9	9	9	9	9	9	9	9	9	9a	9a	9a	9a	9a	9a	9a	9a	9a	bf9	7df	7df	7df	7df	7df	7df	7df	7df	9	9	9	9	9	9	9	9	9	9	9	9	9	9	9	9	9	9	9	9	9	9	0	806	9	9	9	9	9	9	9	9	9	9	9	9	9	9	9	9	9	9	9	9	9	9	9	9	9	9	9	9	9	9	9	9	9	9	1b	1b	1b	1b	1b	1b	1b	1b	1b	1b	1b	1b	1b	1b	1b	1b	1b	1b	1b	1b	1b	1b	1b	1b	1b	1b	1b	1b	1b	1b	1b	1b	1b	1b	4f4	345	aa3	6ad	1b5	1b6	1b	27	108	60000ee	6000c3d	60002c6	6000542	60000b0	600001e	6000c3e	600000e	60009df	6000c3f	6000237	6000c40	6000c41	6000c42	6000c43	600000e	600000e	600000e	600000e	60009df	86000c44	86000c45	86000a7e	8600000e	600000e	600000e	600000e	e	e	e	e	a4	1b	1b	1b	1b	3e0	94f	e	e	0	0	0	0	0	0	0	0	0	0	0	0	0	0	0	0	0	0	0	9a	a	3	185	a9	1a1	9c2	c30	96	f1	1b	b4e	79	a12	a13	32	10	0	0	0	0	0	0	0	0	0	0	0	0	0	0	0	0	0	0	0	0	0	0	0	0	0	0	0	0	0	0	0	0	0	0	0	0	0	0	0	0	0	0	0	0	0	0	0	65d	65d	65d	65d	65d	65d	65d	65d	65d	65d	65d	65d	65d	65d	0	0	0	0	0	0	0	0	0	96e	65d	65d	65d	65d	65d	65d	65d	65d	65d	65d	65d	65d	65d	65d	65d	65d	65d	65d	65d	65d	65d	65d	65d	65d	65d	65d	65d	65d	65d	65d	0	0	0	0	0	0	96e	65d	65d	65d	65d	65d	65d	65d	65d	65d	65d	65d	65d	65d	65d	65d	65d	65d	65d	65d	65d	65d	65d	65d	65d	65d	65d	65d	65d	65d	1b	1b	1b	1b	1b	1b	1b	1b	1b	1b	1b	1b	1b	1b	1b	1b	1b	1b	1b	1b	1b	1b	1b	1b	1b	1b	1b	11d	11d	11d	11d	11d	1b	1b	1b	1b	1b	1b	1b	1b	1b	1b	1b	c73	8c2	c7c	120	0	0	0	0	0	0	0	0	0	0	0	0	0	0	0	0	0	0	0	0	0	0	0	0	0	0	0	0	0	0	0	0	0	0	0	0	0	0	0	0	0	0	0	0	0	0	0	0	0	0	0	0	0	0	0	0	0	0	0	0	9a	9a	9a	9a	9a	9a	9a	9a	9a	9a	9a	9a	9a	9a	9a	9a	9a	9a	9a	9a	120
0	0	0	0	0	0	0	0	0	0	0	0	0	0	0	0	0	0	0	0	0	0	0	0	0	0	0	0	0	0	0	0	0	0	0	0	0	0	0	0	0	0	0	0	0	0	0	0	0	0	0	0	0	0	0	0	0	0	0	0	0	0	0	0	0	0	0	0	0	0	0	0	0	0	0	0	0	0	0	0	0	0	0	0	0	0	0	0	0	0	0	0	0	0	0	0	0	0	0	0	0	0	0	0	0	0	0	0	0	0	0	0	0	0	0	0	0	0	0	0	0	0	0	0	0	0	0	0	0	0	0	0	0	0	0	0	0	0	0	0	0	0	0	0	0	0	0	0	0	0	0	0	0	0	0	0	0	0	0	0	0	0	0	0	0	0	0	0	0	0	0	0	0	0	0	0	0	0	0	0	0	0	0	0	0	0	0	0	0	0	0	0	0	0	0	0	0	0	0	0	0	0	0	0	0	0	0	0	0	0	0	0	0	0	0	0	0	0	0	0	0	0	0	0	0	0	0	0	0	0	0	0	0	0	0	0	0	0	0	0	0	0	0	0	0	0	0	0	0	0	0	0	0	0	0	0	0	0	0	0	0	0	0	0	0	0	0	0	0	0	0	0	0	0	0	0	0	0	0	0	0	0	0	0	0	0	0	0	0	0	0	0	0	0	0	0	0	0	0	0	0	0	0	0	0	0	0	0	0	0	0	0	0	0	0	0	0	0	0	0	0	0	0	0	0	0	0	0	0	9a	9a	9a	9a	9a	9a	9a	9a	9a	9a	9a	9a	9a	9a	9a	9a	120	0	0	0	0	0	0	0	0	0	0	0	0	0	0	0	0	0	0	0	0	0	0	0	0	0	0	0	0	0	0	0	0	0	0	0	0	0	0	0	0	0	0	0	0	0	0	0	0	0	0	0	0	0	0	0	0	0	0	0	0	0	0	0	0	0	0	0	0	0	0	0	0	0	0	0	0	0	0	0	0	0	0	0	0	0	0	0	0	0	0	0	0	0	0	0	0	0	0	0	0	0	0	0	0	0	0	0	0	0	0	0	9a	9a	9a	9a	9a	9a	9a	9a	9a	9a	9a	9a	9a	9a	9a	9a	120	0	0	0	0	0	0	0	0	0	0	0	0	0	0	0	0	0	0	0	0	0	0	0	0	0	0	0	0	0	0	0	0	0	0	0	0	0	0
0	0	0	0	0	0	0	0	0	0	0	0	0	0	0	0	0	0	0	0	0	0	0	0	0	0	0	0	0	0	0	0	0	0	0	0	0	0	0	0	0	0	0	0	0	0	0	0	0	0	0	0	0	0	0	0	0	0	0	0	0	0	0	0	0	0	0	0	0	0	0	0	0	0	0	0	0	0	0	0	0	0	0	0	0	0	0	0	0	0	6	6	6	6	6	6	6	6	6	6	6	6	6	6	6	6	6	6	6	6	6	6	6	6	6	6	6	6	6	6	6	6	6	6	6	6	6	6	0	0	0	0	0	0	0	0	0	0	0	0	0	0	0	0	0	0	0	0	0	0	0	0	0	0	0	0	0	0	0	0	0	0	0	0	0	0	0	0	0	0	0	0	0	0	0	0	0	0	0	0	0	0	0	0	0	0	0	0	0	0	0	0	0	0	0	0	0	0	0	0	0	0	0	0	0	0	0	0	0	0	0	0	0	0	0	0	0	0	6	6	6	6	6	6	6	6	6	6	6	6	6	6	6	6	6	6	6	6	6	6	6	6	6	6	6	6	6	6	6	6	6	6	6	6	6	6	0	0	0	0	0	0	0	0	0	0	0	0	0	0	0	0	0	0	0	0	0	0	0	0	0	0	0	0	0	0	0	0	0	0	0	0	0	0	0	0	0	0	0	0	0	0	0	0	0	0	0	0	0	0	0	0	0	0	0	0	0	0	0	0	0	0	0	0	0	0	0	0	0	9a	9a	9a	9a	9a	9a	9a	9a	9a	9a	9a	9a	9a	9a	9a	9a	120	0	0	0	0	0	0	0	0	0	0	0	0	0	0	0	0	0	0	0	0	0	0	0	0	0	0	0	0	0	0	0	0	0	0	0	0	0	0	0	0	0	0	0	0	0	0	0	0	0	0	0	0	0	0	0	0	0	0	0	0	0	0	0	0	0	0	0	0	0	0	0	0	0	0	0	0	0	0	0	0	0	0	0	0	0	0	0	0	0	0	0	0	0	0	0	0	0	0	0	0	0	0	0	0	0	0	0	0	0	0	0	9a	9a	9a	9a	9a	9a	9a	9a	9a	9a	9a	9a	9a	9a	9a	9a	120	0	0	0	0	0	0	0	0	0	0	0	0	0	0	0	0	0	0	0	0	0	0	0	0	0	0	0	0	0	0	0	0	0	0	0	0	0	0
0	0	0	0	0	0	0	0	0	0	0	0	0	0	0	0	0	0	0	0	0	0	0	0	0	0	0	0	0	0	0	0	0	0	0	0	0	0	0	0	0	0	0	0	0	0	0	0	0	0	0	0	0	0	0	0	0	0	0	0	0	0	0	0	0	0	0	0	0	0	0	0	0	0	0	0	0	0	0	0	0	0	0	0	0	0	0	0	0	0	9	9	9	9	9	9	9	9	9	9	9	9	9	9	9	9	9	9	9	9	9	9	9	9	9	9	9	9	9	9	9	9	9	9	9	9	9	9	0	0	0	0	0	0	0	0	0	0	0	0	0	0	0	0	0	0	0	0	0	0	0	0	0	0	0	0	0	0	0	0	0	0	0	0	0	0	0	0	0	0	0	0	0	0	0	0	0	0	0	0	0	0	0	0	0	0	0	0	0	0	0	0	0	0	0	0	0	0	0	0	0	0	0	0	0	0	0	0	0	0	0	0	0	0	0	0	0	0	9	9	9	9	9	9	9	9	9	9	9	9	9	9	9	9	9	9	9	9	9	9	9	9	9	9	9	9	9	9	9	9	9	9	9	9	9	9	0	0	0	0	0	0	0	0	0	0	0	0	0	0	0	0	0	0	0	0	0	0	0	0	0	0	0	0	0	0	0	0	0	0	0	0	0	0	0	0	0	0	0	0	0	0	0	0	0	0	0	0	0	0	0	0	0	0	0	0	0	0	0	0	0	0	0	0	0	0	0	0	0	9a	9a	9a	9a	9a	9a	9a	9a	9a	9a	9a	9a	9a	9a	9a	9a	120	0	0	0	0	0	0	0	0	0	0	0	0	0	0	0	0	0	0	0	0	0	0	0	0	0	0	0	0	0	0	0	0	0	0	0	0	0	0	0	0	0	0	0	0	0	0	0	0	0	0	0	0	0	0	0	0	0	0	0	0	0	0	0	0	0	0	0	0	0	0	0	0	0	0	0	0	0	0	0	0	0	0	0	0	0	0	0	0	0	0	0	0	0	0	0	0	0	0	0	0	0	0	0	0	0	0	0	0	0	0	0	9a	9a	9a	9a	9a	9a	9a	9a	9a	9a	9a	9a	9a	9a	9a	9a	120	0	0	0	0	0	0	0	0	0	0	0	0	0	0	0	0	0	0	0	0	0	0	0	0	0	0	0	0	0	0	0	0	0	0	0	0	0	0
0	0	0	0	0	0	0	0	0	0	0	0	0	0	0	0	0	0	0	0	0	0	0	0	0	0	0	0	0	0	0	0	0	0	0	0	0	0	0	0	0	0	0	0	0	0	0	0	0	0	0	0	0	0	0	0	0	0	0	0	0	0	0	0	0	0	0	0	0	0	0	0	0	0	0	0	0	0	0	0	0	0	0	0	0	0	0	0	0	0	9	9	9	9	9	9	9	9	9	9	9	9	9	9	9	9	9	9	9	9	9	9	9	9	9	9	9	9	9	9	9	9	9	9	9	9	9	9	0	0	0	0	0	0	0	0	0	0	0	0	0	0	0	0	0	0	0	0	0	0	0	0	0	0	0	0	0	0	0	0	0	0	0	0	0	0	0	0	0	0	0	0	0	0	0	0	0	0	0	0	0	0	0	0	0	0	0	0	0	0	0	0	0	0	0	0	0	0	0	0	0	0	0	0	0	0	0	0	0	0	0	0	0	0	0	0	0	0	9	9	9	9	9	9	9	9	9	9	9	9	9	9	9	9	9	9	9	9	9	9	9	9	9	9	9	9	9	9	9	9	9	9	9	9	9	9	0	0	0	0	0	0	0	0	0	0	0	0	0	0	0	0	0	0	0	0	0	0	0	0	0	0	0	0	0	0	0	0	0	0	0	0	0	0	0	0	0	0	0	0	0	0	0	0	0	0	0	0	0	0	0	0	0	0	0	0	0	0	0	0	0	0	0	0	0	0	0	0	0	0	9a	9a	9a	9a	9a	9a	9a	9a	9a	9a	9a	9a	9a	9a	9a	120	9a	9a	9a	9a	9a	9a	9a	9a	9a	9a	9a	9a	9a	9a	9a	9a	9a	9a	9a	9a	9a	9a	9a	9a	9a	9a	9a	9a	9a	9a	9a	9a	9a	9a	9a	9a	9a	9a	0	0	0	0	0	0	0	0	0	0	0	0	0	0	0	0	0	0	0	0	0	0	0	0	0	0	0	0	0	0	0	0	0	0	0	0	0	0	0	0	0	0	0	0	0	0	0	0	0	0	0	0	0	0	0	0	0	0	0	0	0	0	0	0	0	0	0	0	0	0	0	0	0	0	9a	9a	9a	9a	9a	9a	9a	9a	9a	9a	9a	9a	9a	9a	9a	120	9a	9a	9a	9a	9a	9a	9a	9a	9a	9a	9a	9a	9a	9a	9a	9a	9a	9a	9a	9a	9a	9a	9a	9a	9a	9a	9a	9a	9a	9a	9a	9a	9a	9a	9a	9a	9a	9a
0	0	0	0	0	0	0	0	0	0	0	0	0	0	0	0	0	0	0	0	0	0	0	0	0	0	0	0	0	0	0	0	0	0	0	0	0	0	0	0	0	0	0	0	0	0	0	0	0	0	0	0	0	0	0	0	0	0	0	0	0	0	0	0	0	0	0	0	0	0	0	0	0	0	0	0	0	0	0	0	0	0	0	0	0	0	0	0	0	0	9	9	9	9	9	9	9	9	9	9	9	9	9	9	9	9	9	9	9	9	9	9	9	9	9	9	9	9	9	9	9	9	9	9	9	9	9	9	0	0	0	0	0	0	0	0	0	0	0	0	0	0	0	0	0	0	0	0	0	0	0	0	0	0	0	0	0	0	0	0	0	0	0	0	0	0	0	0	0	0	0	0	0	0	0	0	0	0	0	0	0	0	0	0	0	0	0	0	0	0	0	0	0	0	0	0	0	0	0	0	0	0	0	0	0	0	0	0	0	0	0	0	0	0	0	0	0	0	9	9	9	9	9	9	9	9	9	9	9	9	9	9	9	9	9	9	9	9	9	9	9	9	9	9	9	9	9	9	9	9	9	9	9	9	9	9	0	0	0	0	0	0	0	0	0	0	0	0	0	0	0	0	0	0	0	0	0	0	0	0	0	0	0	0	0	0	0	0	0	0	0	0	0	0	0	0	0	0	0	0	0	0	0	0	0	0	0	0	0	0	0	0	0	0	0	0	0	0	0	0	0	0	0	0	0	0	0	0	0	0	9a	9a	9a	9a	9a	9a	9a	9a	9a	9a	9a	9a	9a	9a	9a	120	9a	9a	9a	9a	9a	9a	9a	9a	9a	9a	9a	9a	9a	9a	9a	9a	9a	9a	9a	9a	9a	9a	9a	9a	9a	9a	9a	9a	9a	9a	9a	9a	9a	9a	9a	9a	9a	9a	0	0	0	0	0	0	0	0	0	0	0	0	0	0	0	0	0	0	0	0	0	0	0	0	0	0	0	0	0	0	0	0	0	0	0	0	0	0	0	0	0	0	0	0	0	0	0	0	0	0	0	0	0	0	0	0	0	0	0	0	0	0	0	0	0	0	0	0	0	0	0	0	0	0	9a	9a	9a	9a	9a	9a	9a	9a	9a	9a	9a	9a	9a	9a	9a	120	9a	9a	9a	9a	9a	9a	9a	9a	9a	9a	9a	9a	9a	9a	9a	9a	9a	9a	9a	9a	9a	9a	9a	9a	9a	9a	9a	9a	9a	9a	9a	9a	9a	9a	9a	9a	9a	9a
0	0	0	0	0	0	0	0	0	0	0	0	0	0	0	0	0	0	0	0	0	0	0	0	0	0	0	0	0	0	0	0	0	0	0	0	0	0	0	0	0	0	0	0	0	0	0	0	0	0	0	0	0	0	0	0	0	0	0	0	0	0	0	0	0	0	0	0	0	0	0	0	0	0	0	0	0	0	0	0	0	0	0	0	0	0	0	0	0	20	9	9	9	9	9	9	9	9	9	9	9	9	9	9	9	9	9	9	9	9	9	9	9	9	9	9	9	9	9	9	9	9	9	9	9	9	9	9	0	0	0	0	0	0	0	0	0	0	0	0	0	0	0	0	0	0	0	0	0	0	0	0	0	0	0	0	0	0	0	0	0	0	0	0	0	0	0	0	0	0	0	0	0	0	0	0	0	0	0	0	0	0	0	0	0	0	0	0	0	0	0	0	0	0	0	0	0	0	0	0	0	0	0	0	0	0	0	0	0	0	0	0	0	0	0	0	0	20	9	9	9	9	9	9	9	9	9	9	9	9	9	9	9	9	9	9	9	9	9	9	9	9	9	9	9	9	9	9	9	9	9	9	9	9	9	9	0	0	0	0	0	0	0	0	0	0	0	0	0	0	0	0	0	0	0	0	0	0	0	0	0	0	0	0	0	0	0	0	0	0	0	0	0	0	0	0	0	0	0	0	0	0	0	0	0	0	0	0	0	0	0	0	0	0	0	0	0	0	0	0	0	0	0	0	0	0	0	0	0	0	9a	9a	9a	9a	9a	9a	9a	9a	9a	9a	9a	9a	9a	9a	9a	9a	9a	9a	9a	9a	9a	9a	9a	9a	9a	9a	9a	9a	9a	9a	9a	9a	9a	9a	9a	9a	9a	9a	9a	9a	9a	9a	9a	9a	9a	9a	9a	9a	9a	9a	9a	9a	9a	9a	0	0	0	0	0	0	0	0	0	0	0	0	0	0	0	0	0	0	0	0	0	0	0	0	0	0	0	0	0	0	0	0	0	0	0	0	0	0	0	0	0	0	0	0	0	0	0	0	0	0	0	0	0	0	0	0	0	0	0	0	0	0	0	0	0	0	0	0	0	0	0	0	0	0	9a	9a	9a	9a	9a	9a	9a	9a	9a	9a	9a	9a	9a	9a	9a	9a	9a	9a	9a	9a	9a	9a	9a	9a	9a	9a	9a	9a	9a	9a	9a	9a	9a	9a	9a	9a	9a	9a	9a	9a	9a	9a	9a	9a	9a	9a	9a	9a	9a	9a	9a	9a	9a	9a
0	0	0	0	0	0	0	0	0	0	0	0	0	0	0	0	0	0	0	0	0	0	0	0	0	0	0	0	0	0	0	0	0	0	0	0	0	0	0	0	0	0	0	0	0	0	0	0	0	0	0	0	0	0	0	0	0	0	0	0	0	0	0	0	0	0	0	0	0	0	0	0	0	0	0	0	0	0	0	0	0	0	0	0	0	0	0	0	0	20	9	9	9	9	9	9	9	9	9	9	9	9	9	9	9	9	9	9	9	9	9	9	9	9	9	9	9	9	9	9	9	9	9	9	9	9	9	9	0	0	0	0	0	0	0	0	0	0	0	0	0	0	0	0	0	0	0	0	0	0	0	0	0	0	0	0	0	0	0	0	0	0	0	0	0	0	0	0	0	0	0	0	0	0	0	0	0	0	0	0	0	0	0	0	0	0	0	0	0	0	0	0	0	0	0	0	0	0	0	0	0	0	0	0	0	0	0	0	0	0	0	0	0	0	0	0	0	20	9	9	9	9	9	9	9	9	9	9	9	9	9	9	9	9	9	9	9	9	9	9	9	9	9	9	9	9	9	9	9	9	9	9	9	9	9	9	0	0	0	0	0	0	0	0	0	0	0	0	0	0	0	0	0	0	0	0	0	0	0	0	0	0	0	0	0	0	0	0	0	0	0	0	0	0	0	0	0	0	0	0	0	0	0	0	0	0	0	0	0	0	0	0	0	0	0	0	0	0	0	0	0	0	0	0	0	0	0	0	0	0	9a	9a	9a	9a	9a	9a	9a	9a	9a	9a	9a	9a	9a	9a	9a	9a	9a	9a	9a	9a	9a	9a	9a	9a	9a	9a	9a	9a	9a	9a	9a	9a	9a	9a	9a	9a	9a	9a	9a	9a	9a	9a	9a	9a	9a	9a	9a	9a	9a	9a	9a	9a	9a	9a	0	0	0	0	0	0	0	0	0	0	0	0	0	0	0	0	0	0	0	0	0	0	0	0	0	0	0	0	0	0	0	0	0	0	0	0	0	0	0	0	0	0	0	0	0	0	0	0	0	0	0	0	0	0	0	0	0	0	0	0	0	0	0	0	0	0	0	0	0	0	0	0	0	0	9a	9a	9a	9a	9a	9a	9a	9a	9a	9a	9a	9a	9a	9a	9a	9a	9a	9a	9a	9a	9a	9a	9a	9a	9a	9a	9a	9a	9a	9a	9a	9a	9a	9a	9a	9a	9a	9a	9a	9a	9a	9a	9a	9a	9a	9a	9a	9a	9a	9a	9a	9a	9a	9a
0	0	0	0	0	0	0	0	0	0	0	0	0	0	0	0	0	0	0	0	0	0	0	0	0	0	0	0	0	0	0	0	0	0	0	0	0	0	0	0	0	0	0	0	0	0	0	0	0	0	0	0	0	0	0	0	0	0	0	0	0	0	0	0	0	0	0	0	0	0	0	0	0	0	0	0	0	0	0	0	0	0	0	0	0	0	0	0	0	20	9	9	9	9	9	9	9	9	9	9	9	9	9	9	9	9	9	9	9	9	9	9	9	9	9	9	9	9	9	9	9	9	9	9	9	9	9	9	0	0	0	0	0	0	0	0	0	0	0	0	0	0	0	0	0	0	0	0	0	0	0	0	0	0	0	0	0	0	0	0	0	0	0	0	0	0	0	0	0	0	0	0	0	0	0	0	0	0	0	0	0	0	0	0	0	0	0	0	0	0	0	0	0	0	0	0	0	0	0	0	0	0	0	0	0	0	0	0	0	0	0	0	0	0	0	0	0	20	9	9	9	9	9	9	9	9	9	9	9	9	9	9	9	9	9	9	9	9	9	9	9	9	9	9	9	9	9	9	9	9	9	9	9	9	9	9	0	0	0	0	0	0	0	0	0	0	0	0	0	0	0	0	0	0	0	0	0	0	0	0	0	0	0	0	0	0	0	0	0	0	0	0	0	0	0	0	0	0	0	0	0	0	0	0	0	0	0	0	0	0	0	0	0	0	0	0	0	0	0	0	0	0	0	0	0	0	0	0	0	0	9a	9a	9a	9a	9a	9a	9a	9a	9a	9a	9a	9a	9a	9a	9a	9a	9a	9a	9a	9a	9a	9a	9a	9a	9a	9a	9a	9a	9a	9a	9a	9a	9a	9a	9a	9a	9a	9a	9a	9a	9a	9a	9a	9a	9a	9a	9a	9a	9a	9a	9a	9a	9a	9a	0	0	0	0	0	0	0	0	0	0	0	0	0	0	0	0	0	0	0	0	0	0	0	0	0	0	0	0	0	0	0	0	0	0	0	0	0	0	0	0	0	0	0	0	0	0	0	0	0	0	0	0	0	0	0	0	0	0	0	0	0	0	0	0	0	0	0	0	0	0	0	0	0	0	9a	9a	9a	9a	9a	9a	9a	9a	9a	9a	9a	9a	9a	9a	9a	9a	9a	9a	9a	9a	9a	9a	9a	9a	9a	9a	9a	9a	9a	9a	9a	9a	9a	9a	9a	9a	9a	9a	9a	9a	9a	9a	9a	9a	9a	9a	9a	9a	9a	9a	9a	9a	9a	9a
0	0	0	0	0	0	0	0	0	0	0	0	0	0	0	0	0	0	0	0	0	0	0	0	0	0	0	0	0	0	0	0	0	0	0	0	0	0	0	0	0	0	0	0	4000000	0	0	0	0	0	0	0	0	0	0	0	0	0	0	0	0	0	0	0	0	0	0	0	0	0	0	0	0	0	0	0	0	0	0	0	0	0	0	0	0	0	0	0	0	20	9	9	9	9	9	9	9	9	9	9	9	9	9	9	9	9	9	9	9	9	9	9	9	9	9	9	9	9	9	9	9	9	9	9	9	9	9	9	0	0	0	0	0	0	0	0	0	0	0	0	0	0	0	0	0	0	0	0	0	0	0	0	0	0	0	0	0	0	0	0	0	0	0	0	0	0	0	0	0	0	0	0	4000000	0	0	0	0	0	0	0	0	0	0	0	0	0	0	0	0	0	0	0	0	0	0	0	0	0	0	0	0	0	0	0	0	0	0	0	0	0	0	0	0	0	0	0	0	20	9	9	9	9	9	9	9	9	9	9	9	9	9	9	9	9	9	9	9	9	9	9	9	9	9	9	9	9	9	9	9	9	9	9	9	9	9	9	0	0	0	0	0	0	0	0	0	0	0	0	0	0	0	0	0	0	0	0	0	0	0	0	0	0	0	0	0	0	0	0	0	0	0	0	0	0	0	0	0	0	0	0	0	0	0	0	0	0	0	0	0	0	0	0	0	0	0	0	0	0	0	0	0	0	0	0	0	0	0	0	0	0	9a	9a	9a	9a	9a	9a	9a	9a	9a	9a	9a	9a	9a	9a	9a	9a	9a	9a	9a	9a	9a	9a	9a	9a	9a	9a	9a	9a	9a	9a	9a	9a	9a	9a	9a	9a	9a	9a	9a	9a	9a	9a	9a	9a	9a	9a	9a	9a	9a	9a	9a	9a	9a	9a	0	0	0	0	0	0	0	0	0	0	0	0	0	0	0	0	0	0	0	0	0	0	0	0	0	0	0	0	0	0	0	0	0	0	0	0	0	0	0	0	0	0	0	0	0	0	0	0	0	0	0	0	0	0	0	0	0	0	0	0	0	0	0	0	0	0	0	0	0	0	0	0	0	0	9a	9a	9a	9a	9a	9a	9a	9a	9a	9a	9a	9a	9a	9a	9a	9a	9a	9a	9a	9a	9a	9a	9a	9a	9a	9a	9a	9a	9a	9a	9a	9a	9a	9a	9a	9a	9a	9a	9a	9a	9a	9a	9a	9a	9a	9a	9a	9a	9a	9a	9a	9a	9a	9a
0	0	0	0	0	0	0	0	0	0	0	0	0	0	0	0	0	0	0	0	0	0	0	0	0	0	0	0	0	0	0	0	0	0	0	0	0	0	0	0	0	0	0	0	0	0	0	0	0	0	0	0	0	0	0	0	0	0	0	0	0	0	0	0	0	0	0	0	0	0	0	0	0	0	0	0	0	0	0	0	0	0	0	0	0	0	0	0	0	20	0	0	0	0	0	0	0	0	0	0	0	0	0	0	0	0	0	0	0	0	0	0	0	0	0	0	0	0	0	0	0	0	0	0	0	0	0	0	0	0	0	0	0	0	0	0	0	0	0	0	0	0	0	0	0	0	0	0	0	0	0	0	0	0	0	0	0	0	0	0	0	0	0	0	0	0	0	0	0	0	0	0	0	0	0	0	0	0	0	0	0	0	0	0	0	0	0	0	0	0	0	0	0	0	0	0	0	0	0	0	0	0	0	0	0	0	0	0	0	0	0	0	0	0	0	0	0	20	0	0	0	0	0	0	0	0	0	0	0	0	0	0	0	0	0	0	0	0	0	0	0	0	0	0	0	0	0	0	0	0	0	0	0	0	0	0	0	0	0	0	0	0	0	0	0	0	0	0	0	0	0	0	0	0	0	0	0	0	0	0	0	0	0	0	0	0	0	0	0	0	0	0	0	0	0	0	0	0	0	0	0	0	0	0	0	0	0	0	0	0	0	0	0	0	0	0	0	0	0	0	0	0	0	0	0	0	0	0	0	0	9a	9a	9a	9a	9a	9a	9a	9a	9a	9a	9a	9a	9a	9a	9a	9a	9a	9a	9a	9a	9a	9a	9a	9a	9a	9a	9a	9a	9a	9a	9a	9a	9a	9a	9a	9a	9a	9a	9a	9a	9a	9a	9a	9a	9a	9a	9a	9a	9a	9a	9a	9a	9a	9a	0	0	0	0	0	0	0	0	0	0	0	0	0	0	0	0	0	0	0	0	0	0	0	0	0	0	0	0	0	0	0	0	0	0	0	0	0	0	0	0	0	0	0	0	0	0	0	0	0	0	0	0	0	0	0	0	0	0	0	0	0	0	0	0	0	0	0	0	0	0	0	0	0	0	9a	9a	9a	9a	9a	9a	9a	9a	9a	9a	9a	9a	9a	9a	9a	9a	9a	9a	9a	9a	9a	9a	9a	9a	9a	9a	9a	9a	9a	9a	9a	9a	9a	9a	9a	9a	9a	9a	9a	9a	9a	9a	9a	9a	9a	9a	9a	9a	9a	9a	9a	9a	9a	9a
0	0	0	0	0	0	0	0	0	0	0	0	0	0	0	0	0	0	0	0	0	0	0	0	0	0	0	0	0	0	0	0	0	0	0	0	0	0	0	0	0	0	0	0	0	0	0	0	0	0	0	0	0	0	0	0	0	0	0	0	0	0	0	0	0	0	0	0	0	0	0	0	0	9a	9a	9a	9a	9a	9a	9a	9a	9a	9a	9a	9a	9a	9a	9a	9a	9a	0	0	0	0	0	0	0	0	0	0	0	0	0	0	0	0	0	0	0	0	0	0	0	0	0	0	0	0	0	0	0	0	0	0	0	0	0	0	0	0	0	0	0	0	0	0	0	0	0	0	0	0	0	0	0	0	0	0	0	0	0	0	0	0	0	0	0	0	0	0	0	0	0	0	0	0	0	0	0	0	0	0	0	0	0	0	0	0	0	0	0	0	0	0	0	0	0	0	0	0	0	0	0	0	0	0	0	0	0	0	0	9a	9a	9a	9a	9a	9a	9a	9a	9a	9a	9a	9a	9a	9a	9a	9a	9a	0	0	0	0	0	0	0	0	0	0	0	0	0	0	0	0	0	0	0	0	0	0	0	0	0	0	0	0	0	0	0	0	0	0	0	0	0	0	0	0	0	0	0	0	0	0	0	0	0	0	0	0	0	0	0	0	0	0	0	0	0	0	0	0	0	0	0	0	0	0	0	0	0	0	0	0	0	0	0	0	0	0	0	0	0	0	0	0	0	0	0	0	0	0	0	0	0	0	0	0	0	0	0	0	0	0	0	0	0	0	0	0	9a	9a	9a	9a	9a	9a	9a	9a	9a	9a	9a	9a	9a	9a	9a	9a	9a	9a	9a	9a	9a	9a	9a	9a	9a	9a	9a	9a	9a	9a	9a	9a	9a	9a	9a	9a	9a	9a	9a	9a	9a	9a	9a	9a	9a	9a	9a	9a	9a	9a	9a	9a	9a	9a	0	0	0	0	0	0	0	0	0	0	0	0	0	0	0	0	0	0	0	0	0	0	0	0	0	0	0	0	0	0	0	0	0	0	0	0	0	0	0	0	0	0	0	0	0	0	0	0	0	0	0	0	0	0	0	0	0	0	0	0	0	0	0	0	0	0	0	0	0	0	0	0	0	0	9a	9a	9a	9a	9a	9a	9a	9a	9a	9a	9a	9a	9a	9a	9a	9a	9a	9a	9a	9a	9a	9a	9a	9a	9a	9a	9a	9a	9a	9a	9a	9a	9a	9a	9a	9a	9a	9a	9a	9a	9a	9a	9a	9a	9a	9a	9a	9a	9a	9a	9a	9a	9a	9a
0	0	0	0	0	0	0	0	0	0	0	0	0	0	0	0	0	0	0	0	0	0	0	0	0	0	0	0	0	0	0	0	0	0	0	0	0	0	0	0	0	0	0	0	0	0	0	0	0	0	0	0	0	0	0	0	0	0	0	0	0	0	0	0	0	0	0	0	0	0	0	0	0	9a	9a	9a	9a	9a	9a	9a	9a	9a	9a	9a	9a	9a	9a	9a	9a	9a	0	0	0	0	0	0	0	0	0	0	0	0	0	0	0	0	0	0	0	0	0	0	0	0	0	0	0	0	0	0	0	0	0	0	0	0	0	0	0	0	0	0	0	0	0	0	0	0	0	0	0	0	0	0	0	0	0	0	0	0	0	0	0	0	0	0	0	0	0	0	0	0	0	0	0	0	0	0	0	0	0	0	0	0	0	0	0	0	0	0	0	0	0	0	0	0	0	0	0	0	0	0	0	0	0	0	0	0	0	0	0	9a	9a	9a	9a	9a	9a	9a	9a	9a	9a	9a	9a	9a	9a	9a	9a	9a	0	0	0	0	0	0	0	0	0	0	0	0	0	0	0	0	0	0	0	0	0	0	0	0	0	0	0	0	0	0	0	0	0	0	0	0	0	0	0	0	0	0	0	0	0	0	0	0	0	0	0	0	0	0	0	0	0	0	0	0	0	0	0	0	0	0	0	0	0	0	0	0	0	0	0	0	0	0	0	0	0	0	0	0	0	0	0	0	0	0	0	0	0	0	0	0	0	0	0	0	0	0	0	0	0	0	0	0	0	0	0	0	9a	9a	9a	9a	9a	9a	9a	9a	9a	9a	9a	9a	9a	9a	9a	9a	9a	9a	9a	9a	9a	9a	9a	9a	9a	9a	9a	9a	9a	9a	9a	9a	9a	9a	9a	9a	9a	9a	9a	9a	9a	9a	9a	9a	9a	9a	9a	9a	9a	9a	9a	9a	9a	9a	0	0	0	0	0	0	0	0	0	0	0	0	0	0	0	0	0	0	0	0	0	0	0	0	0	0	0	0	0	0	0	0	0	0	0	0	0	0	0	0	0	0	0	0	0	0	0	0	0	0	0	0	0	0	0	0	0	0	0	0	0	0	0	0	0	0	0	0	0	0	0	0	0	0	9a	9a	9a	9a	9a	9a	9a	9a	9a	9a	9a	9a	9a	9a	9a	9a	9a	9a	9a	9a	9a	9a	9a	9a	9a	9a	9a	9a	9a	9a	9a	9a	9a	9a	9a	9a	9a	9a	9a	9a	9a	9a	9a	9a	9a	9a	9a	9a	9a	9a	9a	9a	9a	9a
0	0	0	0	0	0	0	0	0	0	0	0	0	0	0	0	0	0	0	0	0	0	0	0	0	0	0	0	0	0	0	0	0	0	0	0	0	0	0	0	0	0	0	0	0	0	0	0	0	0	0	0	0	0	0	0	0	0	0	0	0	0	0	0	0	0	0	0	0	0	0	0	0	9a	9a	9a	9a	9a	9a	9a	9a	9a	9a	9a	9a	9a	9a	9a	9a	9a	0	0	0	0	0	0	0	0	0	0	0	0	0	0	0	0	0	0	0	0	0	0	0	0	0	0	0	0	0	0	0	0	0	0	0	0	0	0	0	0	0	0	0	0	0	0	0	0	0	0	0	0	0	0	0	0	0	0	0	0	0	0	0	0	0	0	0	0	0	0	0	0	0	0	0	0	0	0	0	0	0	0	0	0	0	0	0	0	0	0	0	0	0	0	0	0	0	0	0	0	0	0	0	0	0	0	0	0	0	0	0	9a	9a	9a	9a	9a	9a	9a	9a	9a	9a	9a	9a	9a	9a	9a	9a	9a	0	0	0	0	0	0	0	0	0	0	0	0	0	0	0	0	0	0	0	0	0	0	0	0	0	0	0	0	0	0	0	0	0	0	0	0	0	0	0	0	0	0	0	0	0	0	0	0	0	0	0	0	0	0	0	0	0	0	0	0	0	0	0	0	0	0	0	0	0	0	0	0	0	0	0	0	0	0	0	0	0	0	0	0	0	0	0	0	0	0	0	0	0	0	0	0	0	0	0	0	0	0	0	0	0	0	0	0	0	0	0	0	0	9a	9a	9a	9a	9a	9a	9a	9a	9a	9a	9a	9a	9a	9a	9a	0	9a	9a	9a	9a	9a	9a	9a	9a	9a	9a	9a	9a	9a	9a	9a	9a	9a	9a	9a	9a	9a	9a	9a	9a	9a	9a	9a	9a	9a	9a	9a	9a	9a	9a	9a	9a	9a	0	0	0	0	0	0	0	0	0	0	0	0	0	0	0	0	0	0	0	0	0	0	0	0	0	0	0	0	0	0	0	0	0	0	0	0	0	0	0	0	0	0	0	0	0	0	0	0	0	0	0	0	0	0	0	0	0	0	0	0	0	0	0	0	0	0	0	0	0	0	0	0	0	0	0	9a	9a	9a	9a	9a	9a	9a	9a	9a	9a	9a	9a	9a	9a	9a	0	9a	9a	9a	9a	9a	9a	9a	9a	9a	9a	9a	9a	9a	9a	9a	9a	9a	9a	9a	9a	9a	9a	9a	9a	9a	9a	9a	9a	9a	9a	9a	9a	9a	9a	9a	9a	9a
0	0	0	0	0	0	0	0	0	0	0	0	0	0	0	0	0	0	0	0	0	0	0	0	0	0	0	0	0	0	0	0	0	0	0	0	0	0	0	0	0	0	0	0	0	0	0	0	0	0	0	0	0	0	0	0	0	0	0	0	0	0	0	0	0	0	0	0	0	0	0	0	0	9a	9a	9a	9a	9a	9a	9a	9a	9a	9a	9a	9a	9a	9a	9a	9a	9a	0	0	0	0	0	0	0	0	0	0	0	0	0	0	0	0	0	0	0	0	0	0	0	0	0	0	0	0	0	0	0	0	0	0	0	0	0	0	0	0	0	0	0	0	0	0	0	0	0	0	0	0	0	0	0	0	0	0	0	0	0	0	0	0	0	0	0	0	0	0	0	0	0	0	0	0	0	0	0	0	0	0	0	0	0	0	0	0	0	0	0	0	0	0	0	0	0	0	0	0	0	0	0	0	0	0	0	0	0	0	0	9a	9a	9a	9a	9a	9a	9a	9a	9a	9a	9a	9a	9a	9a	9a	9a	9a	0	0	0	0	0	0	0	0	0	0	0	0	0	0	0	0	0	0	0	0	0	0	0	0	0	0	0	0	0	0	0	0	0	0	0	0	0	0	0	0	0	0	0	0	0	0	0	0	0	0	0	0	0	0	0	0	0	0	0	0	0	0	0	0	0	0	0	0	0	0	0	0	0	0	0	0	0	0	0	0	0	0	0	0	0	0	0	0	0	0	0	0	0	0	0	0	0	0	0	0	0	0	0	0	0	0	0	0	0	0	0	0	0	9a	9a	9a	9a	9a	9a	9a	9a	9a	9a	9a	9a	9a	9a	9a	0	9a	9a	9a	9a	9a	9a	9a	9a	9a	9a	9a	9a	9a	9a	9a	9a	9a	9a	9a	9a	9a	9a	9a	9a	9a	9a	9a	9a	9a	9a	9a	9a	9a	9a	9a	9a	9a	0	0	0	0	0	0	0	0	0	0	0	0	0	0	0	0	0	0	0	0	0	0	0	0	0	0	0	0	0	0	0	0	0	0	0	0	0	0	0	0	0	0	0	0	0	0	0	0	0	0	0	0	0	0	0	0	0	0	0	0	0	0	0	0	0	0	0	0	0	0	0	0	0	0	0	9a	9a	9a	9a	9a	9a	9a	9a	9a	9a	9a	9a	9a	9a	9a	0	9a	9a	9a	9a	9a	9a	9a	9a	9a	9a	9a	9a	9a	9a	9a	9a	9a	9a	9a	9a	9a	9a	9a	9a	9a	9a	9a	9a	9a	9a	9a	9a	9a	9a	9a	9a	9a
0	0	0	0	0	0	0	0	0	0	0	0	0	0	0	0	0	0	0	0	0	0	0	0	0	0	0	0	0	0	0	0	0	0	0	0	0	0	0	0	0	0	0	0	0	0	0	0	0	0	0	0	0	0	0	0	0	0	0	0	0	0	0	0	0	0	0	0	0	0	0	0	0	9a	9a	9a	9a	9a	9a	9a	9a	9a	9a	9a	9a	9a	9a	9a	9a	9a	0	0	0	0	0	0	0	0	0	0	0	0	0	0	0	0	0	0	0	0	0	0	0	0	0	0	0	0	0	0	0	0	0	0	0	0	0	0	0	0	0	0	0	0	0	0	0	0	0	0	0	0	0	0	0	0	0	0	0	0	0	0	0	0	0	0	0	0	0	0	0	0	0	0	0	0	0	0	0	0	0	0	0	0	0	0	0	0	0	0	0	0	0	0	0	0	0	0	0	0	0	0	0	0	0	0	0	0	0	0	0	9a	9a	9a	9a	9a	9a	9a	9a	9a	9a	9a	9a	9a	9a	9a	9a	9a	0	0	0	0	0	0	0	0	0	0	0	0	0	0	0	0	0	0	0	0	0	0	0	0	0	0	0	0	0	0	0	0	0	0	0	0	0	0	0	0	0	0	0	0	0	0	0	0	0	0	0	0	0	0	0	0	0	0	0	0	0	0	0	0	0	0	0	0	0	0	0	0	0	0	0	0	0	0	0	0	0	0	0	0	0	0	0	0	0	0	0	0	0	0	0	0	0	0	0	0	0	0	0	0	0	0	0	0	0	0	0	0	0	9a	9a	9a	9a	9a	9a	9a	9a	9a	9a	9a	9a	9a	9a	9a	0	9a	9a	9a	9a	9a	9a	9a	9a	9a	9a	9a	9a	9a	9a	9a	9a	9a	9a	9a	9a	9a	9a	9a	9a	9a	9a	9a	9a	9a	9a	9a	9a	9a	9a	9a	9a	9a	0	0	0	0	0	0	0	0	0	0	0	0	0	0	0	0	0	0	0	0	0	0	0	0	0	0	0	0	0	0	0	0	0	0	0	0	0	0	0	0	0	0	0	0	0	0	0	0	0	0	0	0	0	0	0	0	0	0	0	0	0	0	0	0	0	0	0	0	0	0	0	0	0	0	0	9a	9a	9a	9a	9a	9a	9a	9a	9a	9a	9a	9a	9a	9a	9a	0	9a	9a	9a	9a	9a	9a	9a	9a	9a	9a	9a	9a	9a	9a	9a	9a	9a	9a	9a	9a	9a	9a	9a	9a	9a	9a	9a	9a	9a	9a	9a	9a	9a	9a	9a	9a	9a
0	0	0	0	0	0	0	0	0	0	0	0	0	0	0	0	0	0	0	0	0	0	0	0	0	0	0	0	0	0	0	0	0	0	0	0	0	0	0	0	0	0	0	0	0	0	0	0	0	0	0	0	0	0	0	0	0	0	0	0	0	0	0	0	0	0	0	0	0	0	0	0	0	9a	9a	9a	9a	9a	9a	9a	9a	9a	9a	9a	9a	9a	9a	9a	9a	120	0	0	0	0	0	0	0	0	0	0	0	0	0	0	0	0	0	0	0	0	0	0	0	0	0	0	0	0	0	0	0	0	0	0	0	0	0	0	0	0	0	0	0	0	0	0	0	0	0	0	0	0	0	0	0	0	0	0	0	0	0	0	0	0	0	0	0	0	0	0	0	0	0	0	0	0	0	0	0	0	0	0	0	0	0	0	0	0	0	0	0	0	0	0	0	0	0	0	0	0	0	0	0	0	0	0	0	0	0	0	0	9a	9a	9a	9a	9a	9a	9a	9a	9a	9a	9a	9a	9a	9a	9a	9a	120	0	0	0	0	0	0	0	0	0	0	0	0	0	0	0	0	0	0	0	0	0	0	0	0	0	0	0	0	0	0	0	0	0	0	0	0	0	0	0	0	0	0	0	0	0	0	0	0	0	0	0	0	0	0	0	0	0	0	0	0	0	0	0	0	0	0	0	0	0	0	0	0	0	0	0	0	0	0	0	0	0	0	0	0	0	0	0	0	0	0	0	0	0	0	0	0	0	0	0	0	0	0	0	0	0	0	0	0	0	0	0	0	0	9a	9a	9a	9a	9a	9a	9a	9a	120	0	0	0	0	0	0	0	9a	9a	9a	9a	9a	9a	9a	9a	9a	9a	9a	9a	9a	9a	9a	9a	9a	9a	9a	9a	9a	9a	9a	9a	9a	9a	9a	9a	9a	9a	9a	9a	9a	9a	9a	9a	9a	0	0	0	0	0	0	0	0	0	0	0	0	0	0	0	0	0	0	0	0	0	0	0	0	0	0	0	0	0	0	0	0	0	0	0	0	0	0	0	0	0	0	0	0	0	0	0	0	0	0	0	0	0	0	0	0	0	0	0	0	0	0	0	0	0	0	0	0	0	0	0	0	0	0	0	9a	9a	9a	9a	9a	9a	9a	9a	120	0	0	0	0	0	0	0	9a	9a	9a	9a	9a	9a	9a	9a	9a	9a	9a	9a	9a	9a	9a	9a	9a	9a	9a	9a	9a	9a	9a	9a	9a	9a	9a	9a	9a	9a	9a	9a	9a	9a	9a	9a	9a
0	0	0	0	0	0	0	0	0	0	0	0	0	0	0	0	0	0	0	0	0	0	0	0	0	0	0	0	0	0	0	0	0	0	0	0	0	0	0	0	0	0	0	0	0	0	0	0	0	0	0	0	0	0	0	0	0	0	0	0	0	0	0	0	0	0	0	0	0	0	0	0	0	0	0	9a	9a	9a	9a	9a	9a	9a	9a	120	0	0	0	0	0	0	0	9a	9a	9a	9a	9a	9a	9a	9a	9a	9a	9a	9a	9a	9a	9a	9a	9a	9a	9a	9a	9a	9a	9a	9a	9a	9a	9a	9a	9a	9a	9a	9a	9a	9a	9a	9a	9a	0	0	0	0	0	0	0	0	0	0	0	0	0	0	0	0	0	0	0	0	0	0	0	0	0	0	0	0	0	0	0	0	0	0	0	0	0	0	0	0	0	0	0	0	0	0	0	0	0	0	0	0	0	0	0	0	0	0	0	0	0	0	0	0	0	0	0	0	0	0	0	0	0	0	0	9a	9a	9a	9a	9a	9a	9a	9a	120	0	0	0	0	0	0	0	9a	9a	9a	9a	9a	9a	9a	9a	9a	9a	9a	9a	9a	9a	9a	9a	9a	9a	9a	9a	9a	9a	9a	9a	9a	9a	9a	9a	9a	9a	9a	9a	9a	9a	9a	9a	9a	0	0	0	0	0	0	0	0	0	0	0	0	0	0	0	0	0	0	0	0	0	0	0	0	0	0	0	0	0	0	0	0	0	0	0	0	0	0	0	0	0	0	0	0	0	0	0	0	0	0	0	0	0	0	0	0	0	0	0	0	0	0	0	0	0	0	0	0	0	5fb	5fc	5fc	5fc	5fc	5fc	5fc	5fc	5fc	5fc	5fc	5fc	5fc	5fc	5fd	5fe	5fc	5fc	5fc	5fc	5fc	9a	9a	9a	9a	9a	9a	9a	9a	9a	9a	9a	9a	9a	9a	9a	9a	9a	9a	9a	9a	9a	9a	9a	9a	9a	9a	9a	9a	9a	9a	9a	9a	9a	9a	9a	9a	9a	9a	0	0	0	0	0	0	0	0	0	0	0	0	0	0	0	0	0	0	0	0	0	0	0	0	0	0	0	0	0	0	0	0	0	0	0	0	0	0	0	0	0	0	0	0	0	0	0	0	0	0	0	0	0	0	0	0	0	0	0	0	0	0	0	0	0	0	0	0	0	5fb	5fc	5fc	5fc	5fc	5fc	5fc	5fc	5fc	5fc	5fc	5fc	5fc	5fc	5fd	5fe	5fc	5fc	5fc	5fc	5fc	9a	9a	9a	9a	9a	9a	9a	9a	9a	9a	9a	9a	9a	9a	9a	9a	9a	9a	9a	9a	9a	9a	9a	9a	9a	9a	9a	9a	9a	9a	9a	9a	9a	9a	9a	9a	9a	9a
0	0	0	0	0	0	0	0	0	0	0	0	0	0	0	0	0	0	0	0	0	0	0	0	0	0	0	0	0	0	0	0	0	0	0	0	0	0	0	0	0	0	0	0	0	0	0	0	0	0	0	0	0	0	0	0	0	0	0	0	0	0	0	0	0	0	0	0	0	0	0	0	0	0	0	9a	9a	9a	9a	9a	9a	9a	9a	120	0	0	0	0	0	0	0	9a	9a	9a	9a	9a	9a	9a	9a	9a	9a	9a	9a	9a	9a	9a	9a	9a	9a	9a	9a	9a	9a	9a	9a	9a	9a	9a	9a	9a	9a	9a	9a	9a	9a	9a	9a	9a	0	0	0	0	0	0	0	0	0	0	0	0	0	0	0	0	0	0	0	0	0	0	0	0	0	0	0	0	0	0	0	0	0	0	0	0	0	0	0	0	0	0	0	0	0	0	0	0	0	0	0	0	0	0	0	0	0	0	0	0	0	0	0	0	0	0	0	0	0	0	0	0	0	0	0	9a	9a	9a	9a	9a	9a	9a	9a	120	0	0	0	0	0	0	0	9a	9a	9a	9a	9a	9a	9a	9a	9a	9a	9a	9a	9a	9a	9a	9a	9a	9a	9a	9a	9a	9a	9a	9a	9a	9a	9a	9a	9a	9a	9a	9a	9a	9a	9a	9a	9a	0	0	0	0	0	0	0	0	0	0	0	0	0	0	0	0	0	0	0	0	0	0	0	0	0	0	0	0	0	0	0	0	0	0	0	0	0	0	0	0	0	0	0	0	0	0	0	0	0	0	0	0	0	0	0	0	0	0	0	20	9a	9a	9a	9a	9a	9a	9a	9a	9a	9a	9a	9a	9a	9a	9a	9a	9a	9a	9a	9a	9a	9a	9a	9a	9a	9a	9a	9a	625	626	9a	9a	9a	9a	9a	9a	9a	9a	9a	9a	9a	9a	9a	9a	9a	9a	9a	9a	9a	9a	9a	9a	9a	9a	9a	9a	9a	9a	9a	9a	9a	9a	9a	9a	9a	9a	9a	9a	0	0	0	0	0	0	0	0	0	0	0	0	0	0	0	0	0	0	0	0	0	0	0	0	0	0	0	0	0	0	0	0	0	0	0	0	0	0	0	0	0	0	0	0	0	0	0	0	0	0	0	0	0	0	0	0	0	0	0	20	9a	9a	9a	9a	9a	9a	9a	9a	9a	9a	9a	9a	9a	9a	9a	9a	9a	9a	9a	9a	9a	9a	9a	9a	9a	9a	9a	9a	625	626	9a	9a	9a	9a	9a	9a	9a	9a	9a	9a	9a	9a	9a	9a	9a	9a	9a	9a	9a	9a	9a	9a	9a	9a	9a	9a	9a	9a	9a	9a	9a	9a	9a	9a	9a	9a	9a	9a
0	0	0	0	0	0	0	0	0	0	0	0	0	0	0	0	0	0	0	0	0	0	0	0	0	0	0	0	0	0	0	0	0	0	0	0	0	0	0	0	0	0	0	0	0	0	0	0	0	0	0	0	0	0	0	0	0	0	0	0	0	0	0	0	0	0	0	0	0	0	0	0	0	0	0	9a	9a	9a	9a	9a	9a	9a	9a	120	0	0	0	0	0	0	0	9a	9a	9a	9a	9a	9a	9a	9a	9a	9a	9a	9a	9a	9a	9a	9a	9a	9a	9a	9a	9a	9a	9a	9a	9a	9a	9a	9a	9a	9a	9a	9a	9a	9a	9a	9a	9a	0	0	0	0	0	0	0	0	0	0	0	0	0	0	0	0	0	0	0	0	0	0	0	0	0	0	0	0	0	0	0	0	0	0	0	0	0	0	0	0	0	0	0	0	0	0	0	0	0	0	0	0	0	0	0	0	0	0	0	0	0	0	0	0	0	0	0	0	0	0	0	0	0	0	0	9a	9a	9a	9a	9a	9a	9a	9a	120	0	0	0	0	0	0	0	9a	9a	9a	9a	9a	9a	9a	9a	9a	9a	9a	9a	9a	9a	9a	9a	9a	9a	9a	9a	9a	9a	9a	9a	9a	9a	9a	9a	9a	9a	9a	9a	9a	9a	9a	9a	9a	0	0	0	0	0	0	0	0	0	0	0	0	0	0	0	0	0	0	0	0	0	0	0	0	0	0	0	0	0	0	0	0	0	0	0	0	0	0	0	0	0	0	0	0	0	0	0	0	0	0	0	0	0	0	0	0	0	0	0	20	9a	9a	9a	9a	9a	9a	9a	9a	9a	9a	9a	9a	9a	9a	9a	9a	9a	9a	9a	9a	9a	9a	9a	9a	9a	9a	9a	9a	65c	65d	9a	9a	9a	9a	9a	9a	9a	9a	9a	9a	9a	9a	9a	9a	9a	9a	9a	9a	9a	9a	9a	9a	9a	9a	9a	9a	9a	9a	9a	9a	9a	9a	9a	9a	9a	9a	9a	9a	0	0	0	0	0	0	0	0	0	0	0	0	0	0	0	0	0	0	0	0	0	0	0	0	0	0	0	0	0	0	0	0	0	0	0	0	0	0	0	0	0	0	0	0	0	0	0	0	0	0	0	0	0	0	0	0	0	0	0	20	9a	9a	9a	9a	9a	9a	9a	9a	9a	9a	9a	9a	9a	9a	9a	9a	9a	9a	9a	9a	9a	9a	9a	9a	9a	9a	9a	9a	65c	65d	9a	9a	9a	9a	9a	9a	9a	9a	9a	9a	9a	9a	9a	9a	9a	9a	9a	9a	9a	9a	9a	9a	9a	9a	9a	9a	9a	9a	9a	9a	9a	9a	9a	9a	9a	9a	9a	9a
0	0	0	0	0	0	0	0	0	0	0	0	0	0	0	0	0	0	0	0	0	0	0	0	0	0	0	0	0	0	0	0	0	0	0	0	0	0	0	0	0	0	0	0	0	0	0	0	0	0	0	0	0	0	0	0	0	0	0	0	0	0	0	0	0	0	0	0	0	0	0	0	0	0	0	9a	9a	9a	9a	9a	9a	9a	9a	120	0	0	0	0	0	0	0	9a	9a	9a	9a	9a	9a	9a	9a	9a	9a	9a	9a	9a	9a	9a	9a	9a	9a	9a	9a	9a	9a	9a	9a	9a	9a	9a	9a	9a	9a	9a	9a	9a	9a	9a	9a	9a	0	0	0	0	0	0	0	0	0	0	0	0	0	0	0	0	0	0	0	0	0	0	0	0	0	0	0	0	0	0	0	0	0	0	0	0	0	0	0	0	0	0	0	0	0	0	0	0	0	0	0	0	0	0	0	0	0	0	0	0	0	0	0	0	0	0	0	0	0	0	0	0	0	0	0	9a	9a	9a	9a	9a	9a	9a	9a	120	0	0	0	0	0	0	0	9a	9a	9a	9a	9a	9a	9a	9a	9a	9a	9a	9a	9a	9a	9a	9a	9a	9a	9a	9a	9a	9a	9a	9a	9a	9a	9a	9a	9a	9a	9a	9a	9a	9a	9a	9a	9a	0	0	0	0	0	0	0	0	0	0	0	0	0	0	0	0	0	0	0	0	0	0	0	0	0	0	0	0	0	0	0	0	0	0	0	0	0	0	0	0	0	0	0	0	0	0	0	0	0	0	0	0	0	0	0	0	0	0	0	20	9a	9a	9a	9a	9a	9a	9a	9a	9a	9a	9a	9a	9a	9a	9a	9a	9a	9a	9a	9a	9a	9a	9a	9a	9a	9a	9a	9a	65c	65d	9a	9a	9a	9a	9a	9a	9a	9a	9a	9a	9a	9a	9a	9a	9a	9a	9a	9a	9a	9a	9a	9a	9a	9a	9a	9a	9a	9a	9a	9a	9a	9a	9a	9a	9a	9a	9a	9a	0	0	0	0	0	0	0	0	0	0	0	0	0	0	0	0	0	0	0	0	0	0	0	0	0	0	0	0	0	0	0	0	0	0	0	0	0	0	0	0	0	0	0	0	0	0	0	0	0	0	0	0	0	0	0	0	0	0	0	20	9a	9a	9a	9a	9a	9a	9a	9a	9a	9a	9a	9a	9a	9a	9a	9a	9a	9a	9a	9a	9a	9a	9a	9a	9a	9a	9a	9a	65c	65d	9a	9a	9a	9a	9a	9a	9a	9a	9a	9a	9a	9a	9a	9a	9a	9a	9a	9a	9a	9a	9a	9a	9a	9a	9a	9a	9a	9a	9a	9a	9a	9a	9a	9a	9a	9a	9a	9a
0	0	0	0	0	0	0	0	0	0	0	0	0	0	0	0	0	0	0	0	0	0	0	0	0	0	0	0	0	0	0	0	0	0	0	0	0	0	0	0	0	0	0	0	0	0	0	0	0	0	0	0	0	0	0	0	0	0	0	0	0	0	0	0	0	0	0	0	0	0	0	0	0	0	0	9a	9a	9a	9a	9a	9a	9a	9a	120	0	0	0	0	0	0	0	9a	9a	9a	9a	9a	9a	9a	9a	9a	9a	9a	9a	9a	9a	9a	9a	9a	9a	9a	9a	9a	9a	9a	9a	9a	9a	9a	9a	9a	9a	9a	9a	9a	9a	9a	9a	9a	0	0	0	0	0	0	0	0	0	0	0	0	0	0	0	0	0	0	0	0	0	0	0	0	0	0	0	0	0	0	0	0	0	0	0	0	0	0	0	0	0	0	0	0	0	0	0	0	0	0	0	0	0	0	0	0	0	0	0	0	0	0	0	0	0	0	0	0	0	0	0	0	0	0	0	9a	9a	9a	9a	9a	9a	9a	9a	120	0	0	0	0	0	0	0	9a	9a	9a	9a	9a	9a	9a	9a	9a	9a	9a	9a	9a	9a	9a	9a	9a	9a	9a	9a	9a	9a	9a	9a	9a	9a	9a	9a	9a	9a	9a	9a	9a	9a	9a	9a	9a	0	0	0	0	0	0	0	0	0	0	0	0	0	0	0	0	0	0	0	0	0	0	0	0	0	0	0	0	0	0	0	0	0	0	0	0	0	0	0	0	0	0	0	0	0	0	0	0	0	0	0	0	0	0	0	0	0	0	0	20	9a	9a	9a	9a	9a	9a	9a	9a	9a	9a	9a	9a	9a	9a	9a	9a	9a	9a	9a	9a	9a	9a	9a	9a	9a	9a	9a	9a	65c	65d	9a	9a	9a	9a	9a	9a	9a	9a	9a	9a	9a	9a	9a	9a	9a	9a	9a	9a	9a	9a	9a	9a	9a	9a	9a	9a	9a	9a	9a	9a	9a	9a	9a	9a	9a	9a	9a	9a	0	0	0	0	0	0	0	0	0	0	0	0	0	0	0	0	0	0	0	0	0	0	0	0	0	0	0	0	0	0	0	0	0	0	0	0	0	0	0	0	0	0	0	0	0	0	0	0	0	0	0	0	0	0	0	0	0	0	0	20	9a	9a	9a	9a	9a	9a	9a	9a	9a	9a	9a	9a	9a	9a	9a	9a	9a	9a	9a	9a	9a	9a	9a	9a	9a	9a	9a	9a	65c	65d	9a	9a	9a	9a	9a	9a	9a	9a	9a	9a	9a	9a	9a	9a	9a	9a	9a	9a	9a	9a	9a	9a	9a	9a	9a	9a	9a	9a	9a	9a	9a	9a	9a	9a	9a	9a	9a	9a
0	0	0	0	0	0	0	0	0	0	0	0	0	0	0	0	0	0	0	0	0	0	0	0	0	0	0	0	0	0	0	0	0	0	0	0	0	0	0	0	0	0	0	0	0	0	0	0	0	0	0	0	0	0	0	0	0	0	0	0	0	0	0	0	0	0	0	0	0	0	0	0	0	0	0	0	0	0	0	0	0	0	0	0	0	0	0	0	0	0	0	0	9a	9a	9a	9a	9a	9a	9a	9a	9a	9a	9a	9a	9a	9a	9a	9a	9a	9a	9a	9a	9a	9a	9a	9a	9a	9a	9a	9a	9a	9a	9a	9a	9a	9a	9a	9a	0	0	0	0	0	0	0	0	0	0	0	0	0	0	0	0	0	0	0	0	0	0	0	0	0	0	0	0	0	0	0	0	0	0	0	0	0	0	0	0	0	0	0	0	0	0	0	0	0	0	0	0	0	0	0	0	0	0	0	0	0	0	0	0	0	0	0	0	0	0	0	0	0	0	0	0	0	0	0	0	0	0	0	0	0	0	0	0	0	0	0	0	9a	9a	9a	9a	9a	9a	9a	9a	9a	9a	9a	9a	9a	9a	9a	9a	9a	9a	9a	9a	9a	9a	9a	9a	9a	9a	9a	9a	9a	9a	9a	9a	9a	9a	9a	9a	0	0	0	0	0	0	0	0	0	0	0	0	0	0	0	0	0	0	0	0	0	0	0	0	0	0	0	0	0	0	0	0	0	0	0	0	0	0	0	0	0	0	0	0	0	0	0	0	0	0	0	0	0	0	0	0	0	0	0	20	9a	9a	9a	9a	9a	9a	9a	9a	9a	9a	9a	9a	9a	9a	9a	9a	9a	9a	9a	9a	9a	9a	9a	9a	9a	9a	9a	9a	65c	65d	9a	9a	9a	9a	9a	9a	9a	9a	9a	9a	9a	9a	9a	9a	9a	9a	9a	9a	9a	9a	9a	9a	9a	9a	9a	9a	9a	9a	9a	9a	9a	9a	9a	9a	9a	9a	9a	9a	0	0	0	0	0	0	0	0	0	0	0	0	0	0	0	0	0	0	0	0	0	0	0	0	0	0	0	0	0	0	0	0	0	0	0	0	0	0	0	0	0	0	0	0	0	0	0	0	0	0	0	0	0	0	0	0	0	0	0	20	9a	9a	9a	9a	9a	9a	9a	9a	9a	9a	9a	9a	9a	9a	9a	9a	9a	9a	9a	9a	9a	9a	9a	9a	9a	9a	9a	9a	65c	65d	9a	9a	9a	9a	9a	9a	9a	9a	9a	9a	9a	9a	9a	9a	9a	9a	9a	9a	9a	9a	9a	9a	9a	9a	9a	9a	9a	9a	9a	9a	9a	9a	9a	9a	9a	9a	9a	9a
0	0	0	0	0	0	0	0	0	0	0	0	0	0	0	0	0	0	0	0	0	0	0	0	0	0	0	0	0	0	0	0	0	0	0	0	0	0	0	0	0	0	0	0	0	0	0	0	0	0	0	0	0	0	0	0	0	0	0	0	0	0	0	0	0	0	0	0	0	0	0	0	0	0	0	0	0	0	0	0	0	0	0	0	0	0	0	0	0	0	0	0	9a	9a	9a	9a	9a	9a	9a	9a	9a	9a	9a	9a	9a	9a	9a	9a	9a	9a	9a	9a	9a	9a	9a	9a	9a	9a	9a	9a	9a	9a	9a	9a	9a	9a	9a	9a	0	0	0	0	0	0	0	0	0	0	0	0	0	0	0	0	0	0	0	0	0	0	0	0	0	0	0	0	0	0	0	0	0	0	0	0	0	0	0	0	0	0	0	0	0	0	0	0	0	0	0	0	0	0	0	0	0	0	0	0	0	0	0	0	0	0	0	0	0	0	0	0	0	0	0	0	0	0	0	0	0	0	0	0	0	0	0	0	0	0	0	0	9a	9a	9a	9a	9a	9a	9a	9a	9a	9a	9a	9a	9a	9a	9a	9a	9a	9a	9a	9a	9a	9a	9a	9a	9a	9a	9a	9a	9a	9a	9a	9a	9a	9a	9a	9a	0	0	0	0	0	0	0	0	0	0	0	0	0	0	0	0	0	0	0	0	0	0	0	0	0	0	0	0	0	0	0	0	0	0	0	0	0	0	0	0	0	0	0	0	0	0	0	0	0	0	0	0	0	0	0	0	0	0	0	20	9a	9a	9a	9a	9a	9a	9a	9a	9a	9a	9a	9a	9a	9a	9a	9a	9a	9a	9a	9a	9a	9a	9a	9a	9a	9a	9a	9a	65c	65d	9a	9a	9a	9a	9a	9a	9a	9a	9a	9a	9a	9a	9a	9a	9a	9a	9a	9a	9a	9a	9a	9a	9a	9a	9a	9a	9a	9a	9a	9a	9a	9a	9a	9a	9a	9a	9a	9a	0	0	0	0	0	0	0	0	0	0	0	0	0	0	0	0	0	0	0	0	0	0	0	0	0	0	0	0	0	0	0	0	0	0	0	0	0	0	0	0	0	0	0	0	0	0	0	0	0	0	0	0	0	0	0	0	0	0	0	20	9a	9a	9a	9a	9a	9a	9a	9a	9a	9a	9a	9a	9a	9a	9a	9a	9a	9a	9a	9a	9a	9a	9a	9a	9a	9a	9a	9a	65c	65d	9a	9a	9a	9a	9a	9a	9a	9a	9a	9a	9a	9a	9a	9a	9a	9a	9a	9a	9a	9a	9a	9a	9a	9a	9a	9a	9a	9a	9a	9a	9a	9a	9a	9a	9a	9a	9a	9a
0	0	0	0	0	0	0	0	0	0	0	0	0	0	0	0	0	0	0	0	0	0	0	0	0	0	0	0	0	0	0	0	0	0	0	0	0	0	0	0	0	0	0	0	0	0	0	0	0	0	0	0	0	0	0	0	0	0	0	0	0	0	0	0	0	0	0	0	0	0	0	0	0	0	0	0	0	0	0	0	0	0	0	0	0	0	0	0	0	0	0	0	9a	9a	9a	9a	9a	9a	9a	9a	9a	9a	9a	9a	9a	9a	9a	9a	9a	9a	9a	9a	9a	9a	9a	9a	9a	9a	9a	9a	9a	9a	9a	9a	9a	9a	9a	9a	0	0	0	0	0	0	0	0	0	0	0	0	0	0	0	0	0	0	0	0	0	0	0	0	0	0	0	0	0	0	0	0	0	0	0	0	0	0	0	0	0	0	0	0	0	0	0	0	0	0	0	0	0	0	0	0	0	0	0	0	0	0	0	0	0	0	0	0	0	0	0	0	0	0	0	0	0	0	0	0	0	0	0	0	0	0	0	0	0	0	0	0	9a	9a	9a	9a	9a	9a	9a	9a	9a	9a	9a	9a	9a	9a	9a	9a	9a	9a	9a	9a	9a	9a	9a	9a	9a	9a	9a	9a	9a	9a	9a	9a	9a	9a	9a	9a	0	0	0	0	0	0	0	0	0	0	0	0	0	0	0	0	0	0	0	0	0	0	0	0	0	0	0	0	0	0	0	0	0	0	0	0	0	0	0	0	0	0	0	0	0	0	0	0	0	0	0	0	0	0	0	0	0	0	0	20	9a	9a	9a	9a	9a	9a	9a	9a	9a	9a	9a	9a	9a	9a	9a	9a	9a	9a	9a	9a	9a	9a	9a	9a	9a	9a	9a	9a	65c	65d	9a	9a	9a	9a	9a	9a	9a	9a	9a	9a	9a	9a	9a	9a	9a	9a	9a	9a	9a	9a	9a	9a	9a	9a	9a	9a	9a	9a	9a	9a	9a	9a	9a	9a	9a	9a	9a	9a	0	0	0	0	0	0	0	0	0	0	0	0	0	0	0	0	0	0	0	0	0	0	0	0	0	0	0	0	0	0	0	0	0	0	0	0	0	0	0	0	0	0	0	0	0	0	0	0	0	0	0	0	0	0	0	0	0	0	0	20	9a	9a	9a	9a	9a	9a	9a	9a	9a	9a	9a	9a	9a	9a	9a	9a	9a	9a	9a	9a	9a	9a	9a	9a	9a	9a	9a	9a	65c	65d	9a	9a	9a	9a	9a	9a	9a	9a	9a	9a	9a	9a	9a	9a	9a	9a	9a	9a	9a	9a	9a	9a	9a	9a	9a	9a	9a	9a	9a	9a	9a	9a	9a	9a	9a	9a	9a	9a
0	0	0	0	0	0	0	0	0	0	0	0	0	0	0	0	0	0	0	0	0	0	0	0	0	0	0	0	0	0	0	0	0	0	0	0	0	0	0	0	0	0	0	0	0	0	0	0	0	0	0	0	0	0	0	0	0	0	0	0	0	0	0	0	0	0	0	0	0	0	0	0	0	0	0	0	0	0	0	0	0	0	0	20	120	0	0	0	0	0	0	0	9a	9a	9a	9a	9a	9a	9a	9a	9a	9a	9a	9a	9a	9a	9a	9a	9a	9a	9a	9a	9a	9a	9a	9a	9a	9a	9a	9a	9a	9a	9a	9a	9a	9a	9a	9a	0	0	0	0	0	0	0	0	0	0	0	0	0	0	0	0	0	0	0	0	0	0	0	0	0	0	0	0	0	0	0	0	0	0	0	0	0	0	0	0	0	0	0	0	0	0	0	0	0	0	0	0	0	0	0	0	0	0	0	0	0	0	0	0	0	0	0	0	0	0	0	0	0	0	0	0	0	0	0	0	0	0	0	20	120	0	0	0	0	0	0	0	9a	9a	9a	9a	9a	9a	9a	9a	9a	9a	9a	9a	9a	9a	9a	9a	9a	9a	9a	9a	9a	9a	9a	9a	9a	9a	9a	9a	9a	9a	9a	9a	9a	9a	9a	9a	0	0	0	0	0	0	0	0	0	0	0	0	0	0	0	0	0	0	0	0	0	0	0	0	0	0	0	0	0	0	0	0	0	0	0	0	0	0	0	0	0	0	0	0	0	0	0	0	0	0	0	0	0	0	0	0	0	0	0	20	9a	9a	9a	9a	9a	9a	9a	9a	9a	9a	9a	9a	9a	9a	9a	9a	9a	9a	9a	9a	9a	9a	9a	9a	9a	9a	9a	9a	65c	65d	9a	9a	9a	9a	9a	9a	9a	9a	9a	9a	9a	9a	9a	9a	9a	9a	9a	9a	9a	9a	9a	9a	9a	9a	9a	9a	9a	9a	9a	9a	9a	9a	9a	9a	9a	9a	9a	9a	0	0	0	0	0	0	0	0	0	0	0	0	0	0	0	0	0	0	0	0	0	0	0	0	0	0	0	0	0	0	0	0	0	0	0	0	0	0	0	0	0	0	0	0	0	0	0	0	0	0	0	0	0	0	0	0	0	0	0	20	9a	9a	9a	9a	9a	9a	9a	9a	9a	9a	9a	9a	9a	9a	9a	9a	9a	9a	9a	9a	9a	9a	9a	9a	9a	9a	9a	9a	65c	65d	9a	9a	9a	9a	9a	9a	9a	9a	9a	9a	9a	9a	9a	9a	9a	9a	9a	9a	9a	9a	9a	9a	9a	9a	9a	9a	9a	9a	9a	9a	9a	9a	9a	9a	9a	9a	9a	9a
0	0	0	0	0	0	0	0	0	0	0	0	0	0	0	0	0	0	0	0	0	0	0	0	0	0	0	0	0	0	0	0	0	0	0	0	0	0	0	0	0	0	0	0	0	0	0	0	0	0	0	0	0	0	0	0	0	0	0	0	0	0	0	0	0	0	0	0	0	0	0	0	0	0	0	0	0	0	0	0	0	0	0	20	120	0	0	0	0	0	0	0	9a	9a	9a	9a	9a	9a	9a	9a	9a	9a	9a	9a	9a	9a	9a	9a	9a	9a	9a	9a	9a	9a	9a	9a	9a	9a	9a	9a	9a	9a	9a	9a	9a	9a	9a	9a	0	0	0	0	0	0	0	0	0	0	0	0	0	0	0	0	0	0	0	0	0	0	0	0	0	0	0	0	0	0	0	0	0	0	0	0	0	0	0	0	0	0	0	0	0	0	0	0	0	0	0	0	0	0	0	0	0	0	0	0	0	0	0	0	0	0	0	0	0	0	0	0	0	0	0	0	0	0	0	0	0	0	0	20	120	0	0	0	0	0	0	0	9a	9a	9a	9a	9a	9a	9a	9a	9a	9a	9a	9a	9a	9a	9a	9a	9a	9a	9a	9a	9a	9a	9a	9a	9a	9a	9a	9a	9a	9a	9a	9a	9a	9a	9a	9a	0	0	0	0	0	0	0	0	0	0	0	0	0	0	0	0	0	0	0	0	0	0	0	0	0	0	0	0	0	0	0	0	0	0	0	0	0	0	0	0	0	0	0	0	0	0	0	0	0	0	0	0	0	0	0	0	0	0	0	20	9a	9a	9a	9a	9a	9a	9a	9a	9a	9a	9a	9a	9a	9a	9a	9a	9a	9a	9a	9a	9a	9a	9a	9a	9a	9a	9a	9a	65c	65d	0	9a	9a	9a	9a	9a	9a	9a	9a	9a	9a	9a	9a	9a	9a	9a	9a	9a	9a	9a	9a	9a	9a	9a	9a	9a	9a	9a	9a	9a	9a	9a	9a	9a	9a	9a	9a	9a	0	0	0	0	0	0	0	0	0	0	0	0	0	0	0	0	0	0	0	0	0	0	0	0	0	0	0	0	0	0	0	0	0	0	0	0	0	0	0	0	0	0	0	0	0	0	0	0	0	0	0	0	0	0	0	0	0	0	0	20	9a	9a	9a	9a	9a	9a	9a	9a	9a	9a	9a	9a	9a	9a	9a	9a	9a	9a	9a	9a	9a	9a	9a	9a	9a	9a	9a	9a	65c	65d	0	9a	9a	9a	9a	9a	9a	9a	9a	9a	9a	9a	9a	9a	9a	9a	9a	9a	9a	9a	9a	9a	9a	9a	9a	9a	9a	9a	9a	9a	9a	9a	9a	9a	9a	9a	9a	9a
0	0	0	0	0	0	0	0	0	0	0	0	0	0	0	0	0	0	0	0	0	0	0	0	0	0	0	0	0	0	0	0	0	0	0	0	0	0	0	0	0	0	0	0	0	0	0	0	0	0	0	0	0	0	0	0	0	0	0	0	0	0	0	0	0	0	0	0	0	0	0	0	0	0	0	0	0	0	0	0	0	0	0	20	120	0	0	0	0	0	0	0	9a	9a	9a	9a	9a	9a	9a	9a	9a	9a	9a	9a	9a	9a	9a	9a	9a	9a	9a	9a	9a	9a	9a	9a	9a	9a	9a	9a	9a	9a	9a	9a	9a	9a	9a	9a	0	0	0	0	0	0	0	0	0	0	0	0	0	0	0	0	0	0	0	0	0	0	0	0	0	0	0	0	0	0	0	0	0	0	0	0	0	0	0	0	0	0	0	0	0	0	0	0	0	0	0	0	0	0	0	0	0	0	0	0	0	0	0	0	0	0	0	0	0	0	0	0	0	0	0	0	0	0	0	0	0	0	0	20	120	0	0	0	0	0	0	0	9a	9a	9a	9a	9a	9a	9a	9a	9a	9a	9a	9a	9a	9a	9a	9a	9a	9a	9a	9a	9a	9a	9a	9a	9a	9a	9a	9a	9a	9a	9a	9a	9a	9a	9a	9a	0	0	0	0	0	0	0	0	0	0	0	0	0	0	0	0	0	0	0	0	0	0	0	0	0	0	0	0	0	0	0	0	0	0	0	0	0	0	0	0	0	0	0	0	0	0	0	0	0	0	0	0	0	0	0	0	0	0	0	20	9a	9a	9a	9a	9a	9a	9a	9a	9a	9a	9a	9a	9a	9a	9a	9a	9a	9a	9a	9a	9a	9a	9a	9a	9a	9a	9a	9a	65c	65d	0	9a	9a	9a	9a	9a	9a	9a	9a	9a	9a	9a	9a	9a	9a	9a	9a	9a	9a	9a	9a	9a	9a	9a	9a	9a	9a	9a	9a	9a	9a	9a	9a	9a	9a	9a	9a	9a	0	0	0	0	0	0	0	0	0	0	0	0	0	0	0	0	0	0	0	0	0	0	0	0	0	0	0	0	0	0	0	0	0	0	0	0	0	0	0	0	0	0	0	0	0	0	0	0	0	0	0	0	0	0	0	0	0	0	0	20	9a	9a	9a	9a	9a	9a	9a	9a	9a	9a	9a	9a	9a	9a	9a	9a	9a	9a	9a	9a	9a	9a	9a	9a	9a	9a	9a	9a	65c	65d	0	9a	9a	9a	9a	9a	9a	9a	9a	9a	9a	9a	9a	9a	9a	9a	9a	9a	9a	9a	9a	9a	9a	9a	9a	9a	9a	9a	9a	9a	9a	9a	9a	9a	9a	9a	9a	9a
0	0	0	0	0	0	0	0	0	0	0	0	0	0	0	0	0	0	0	0	0	0	0	0	0	0	0	0	0	0	0	0	0	0	0	0	0	0	0	0	0	0	0	0	0	0	0	0	0	0	0	0	0	0	0	0	0	0	0	0	0	0	0	0	0	0	0	0	0	0	0	0	0	0	0	0	0	0	0	0	0	0	0	20	120	0	0	0	0	0	0	0	0	0	0	0	0	0	0	0	0	0	0	0	0	0	0	0	0	0	0	0	0	0	0	0	0	0	0	0	0	0	0	0	0	0	0	0	0	0	0	0	0	0	0	0	0	0	0	0	0	0	0	0	0	0	0	0	0	0	0	0	0	0	0	0	0	0	0	0	0	0	0	0	0	0	0	0	0	0	0	0	0	0	0	0	0	0	0	0	0	0	0	0	0	0	0	0	0	0	0	0	0	0	0	0	0	0	0	0	0	0	0	0	0	0	0	0	0	0	0	20	120	0	0	0	0	0	0	0	0	0	0	0	0	0	0	0	0	0	0	0	0	0	0	0	0	0	0	0	0	0	0	0	0	0	0	0	0	0	0	0	0	0	0	0	0	0	0	0	0	0	0	0	0	0	0	0	0	0	0	0	0	0	0	0	0	0	0	0	0	0	0	0	0	0	0	0	0	0	0	0	0	0	0	0	0	0	0	0	0	0	0	0	0	0	0	0	0	0	0	0	0	0	0	0	0	0	0	0	0	0	0	0	0	0	0	0	0	0	0	0	0	0	0	0	0	0	0	0	0	0	0	0	7de	7df	6	7e0	7e0	7e0	7e0	7e0	7e0	7e0	7e0	7e0	7e0	7e0	7e0	7e0	7e0	7e0	7e0	7e0	7e0	7e0	7e0	7e0	7e0	7e0	7e0	7e0	7e0	7e0	7e0	7e0	7e0	7e0	7e0	7e0	7e0	7e0	7e0	7e0	0	0	0	0	0	0	0	0	0	0	0	0	0	0	0	0	0	0	0	0	0	0	0	0	0	0	0	0	0	0	0	0	0	0	0	0	0	0	0	0	0	0	0	0	0	0	0	0	0	0	0	0	0	0	0	0	0	0	0	0	0	0	0	0	0	0	0	0	0	0	0	0	0	0	0	0	0	0	0	0	0	0	0	0	0	0	0	0	7de	7df	6	7e0	7e0	7e0	7e0	7e0	7e0	7e0	7e0	7e0	7e0	7e0	7e0	7e0	7e0	7e0	7e0	7e0	7e0	7e0	7e0	7e0	7e0	7e0	7e0	7e0	7e0	7e0	7e0	7e0	7e0	7e0	7e0	7e0	7e0	7e0	7e0	7e0
0	0	0	0	0	0	0	0	0	0	0	0	0	0	0	0	0	0	0	0	0	0	0	0	0	0	0	0	0	0	0	0	0	0	0	0	0	0	0	0	0	0	0	0	0	0	0	0	0	0	0	0	0	0	0	0	0	0	0	0	0	0	0	0	0	0	0	0	0	0	0	0	0	0	0	0	0	0	0	0	0	0	0	20	120	0	0	0	0	0	0	0	0	0	0	0	0	0	0	0	0	0	0	0	0	0	0	0	0	0	0	0	0	0	0	0	0	0	0	0	0	0	0	0	0	0	0	0	0	0	0	0	0	0	0	0	0	0	0	0	0	0	0	0	0	0	0	0	0	0	0	0	0	0	0	0	0	0	0	0	0	0	0	0	0	0	0	0	0	0	0	0	0	0	0	0	0	0	0	0	0	0	0	0	0	0	0	0	0	0	0	0	0	0	0	0	0	0	0	0	0	0	0	0	0	0	0	0	0	0	0	20	120	0	0	0	0	0	0	0	0	0	0	0	0	0	0	0	0	0	0	0	0	0	0	0	0	0	0	0	0	0	0	0	0	0	0	0	0	0	0	0	0	0	0	0	0	0	0	0	0	0	0	0	0	0	0	0	0	0	0	0	0	0	0	0	0	0	0	0	0	0	0	0	0	0	0	0	0	0	0	0	0	0	0	0	0	0	0	0	0	0	0	0	0	0	0	0	0	0	0	0	0	0	0	0	0	0	0	0	0	0	0	0	0	0	0	0	0	0	0	0	0	0	0	0	0	0	0	0	0	0	0	0	806	9	9	9	9	9	9	9	9	9	9	9	9	9	9	9	9	9	9	9	9	9	9	9	9	9	9	9	9	9	9	9	9	9	9	9	9	9	9	9	0	0	0	0	0	0	0	0	0	0	0	0	0	0	0	0	0	0	0	0	0	0	0	0	0	0	0	0	0	0	0	0	0	0	0	0	0	0	0	0	0	0	0	0	0	0	0	0	0	0	0	0	0	0	0	0	0	0	0	0	0	0	0	0	0	0	0	0	0	0	0	0	0	0	0	0	0	0	0	0	0	0	0	0	0	0	0	0	806	9	9	9	9	9	9	9	9	9	9	9	9	9	9	9	9	9	9	9	9	9	9	9	9	9	9	9	9	9	9	9	9	9	9	9	9	9	9	9
0	0	0	0	0	0	0	0	0	0	0	0	0	0	0	0	0	0	0	0	0	0	0	0	0	0	0	0	0	0	0	0	0	0	0	0	0	0	0	0	0	0	0	0	0	0	0	0	0	0	0	0	0	0	0	0	0	0	0	0	0	0	0	0	0	0	0	0	0	0	0	0	0	0	0	0	0	0	0	0	0	0	0	20	120	0	0	0	0	0	0	0	0	0	0	0	0	0	0	0	0	0	0	0	0	0	0	0	0	0	0	0	0	0	0	0	0	0	0	0	0	0	0	0	0	0	0	0	0	0	0	0	0	0	0	0	0	0	0	0	0	0	0	0	0	0	0	0	0	0	0	0	0	0	0	0	0	0	0	0	0	0	0	0	0	0	0	0	0	0	0	0	0	0	0	0	0	0	0	0	0	0	0	0	0	0	0	0	0	0	0	0	0	0	0	0	0	0	0	0	0	0	0	0	0	0	0	0	0	0	0	20	120	0	0	0	0	0	0	0	0	0	0	0	0	0	0	0	0	0	0	0	0	0	0	0	0	0	0	0	0	0	0	0	0	0	0	0	0	0	0	0	0	0	0	0	0	0	0	0	0	0	0	0	0	0	0	0	0	0	0	0	0	0	0	0	0	0	0	0	0	0	0	0	0	0	0	0	0	0	0	0	0	0	0	0	0	0	0	0	0	0	0	0	0	0	0	0	0	0	0	0	0	0	0	0	0	0	0	0	0	0	0	0	0	0	0	0	0	0	0	0	0	0	0	0	0	0	0	0	0	0	0	0	806	9	9	9	9	9	9	9	9	9	9	9	9	9	9	9	9	9	9	9	9	9	9	9	9	9	9	9	9	9	9	9	9	9	9	9	9	9	9	9	0	0	0	0	0	0	0	0	0	0	0	0	0	0	0	0	0	0	0	0	0	0	0	0	0	0	0	0	0	0	0	0	0	0	0	0	0	0	0	0	0	0	0	0	0	0	0	0	0	0	0	0	0	0	0	0	0	0	0	0	0	0	0	0	0	0	0	0	0	0	0	0	0	0	0	0	0	0	0	0	0	0	0	0	0	0	0	0	806	9	9	9	9	9	9	9	9	9	9	9	9	9	9	9	9	9	9	9	9	9	9	9	9	9	9	9	9	9	9	9	9	9	9	9	9	9	9	9
0	0	0	0	0	0	0	0	0	0	0	0	0	0	0	0	0	0	0	0	0	0	0	0	0	0	0	0	0	0	0	0	0	0	0	0	0	0	0	0	0	0	0	0	0	0	0	0	0	0	0	0	0	0	0	0	0	0	0	0	0	0	0	0	0	0	0	0	0	0	0	0	0	0	0	0	0	0	0	0	0	0	0	20	120	0	0	0	0	0	0	0	0	0	0	0	0	0	0	0	0	0	0	0	0	0	0	0	0	0	0	0	0	0	0	0	0	0	0	0	0	0	0	0	0	0	0	0	0	0	0	0	0	0	0	0	0	0	0	0	0	0	0	0	0	0	0	0	0	0	0	0	0	0	0	0	0	0	0	0	0	0	0	0	0	0	0	0	0	0	0	0	0	0	0	0	0	0	0	0	0	0	0	0	0	0	0	0	0	0	0	0	0	0	0	0	0	0	0	0	0	0	0	0	0	0	0	0	0	0	0	20	120	0	0	0	0	0	0	0	0	0	0	0	0	0	0	0	0	0	0	0	0	0	0	0	0	0	0	0	0	0	0	0	0	0	0	0	0	0	0	0	0	0	0	0	0	0	0	0	0	0	0	0	0	0	0	0	0	0	0	0	0	0	0	0	0	0	0	0	0	0	0	0	0	0	0	0	0	0	0	0	0	0	0	0	0	0	0	0	0	0	0	0	0	0	0	0	0	0	0	0	0	0	0	0	0	0	0	0	0	0	0	0	0	0	0	0	0	0	0	0	0	0	0	0	0	0	0	0	0	0	0	0	806	9	9	9	9	9	9	9	9	9	9	9	9	9	9	9	9	9	9	9	9	9	9	9	9	9	9	9	9	9	9	9	9	9	9	9	9	9	9	9	0	0	0	0	0	0	0	0	0	0	0	0	0	0	0	0	0	0	0	0	0	0	0	0	0	0	0	0	0	0	0	0	0	0	0	0	0	0	0	0	0	0	0	0	0	0	0	0	0	0	0	0	0	0	0	0	0	0	0	0	0	0	0	0	0	0	0	0	0	0	0	0	0	0	0	0	0	0	0	0	0	0	0	0	0	0	0	0	806	9	9	9	9	9	9	9	9	9	9	9	9	9	9	9	9	9	9	9	9	9	9	9	9	9	9	9	9	9	9	9	9	9	9	9	9	9	9	9
0	0	0	0	0	0	0	0	0	0	0	0	0	0	0	0	0	0	0	0	0	0	0	0	0	0	0	0	0	0	0	0	0	0	0	0	0	0	0	0	0	0	0	0	0	0	0	0	0	0	0	0	0	0	0	0	0	0	0	0	0	0	0	0	0	0	0	0	0	0	0	0	0	0	0	0	0	0	0	0	0	0	0	20	120	0	0	0	0	0	0	0	0	0	0	0	0	0	0	0	0	0	0	0	0	0	0	0	0	0	0	0	0	0	0	0	0	0	0	0	0	0	0	0	0	0	0	0	0	0	0	0	0	0	0	0	0	0	0	0	0	0	0	0	0	0	0	0	0	0	0	0	0	0	0	0	0	0	0	0	0	0	0	0	0	0	0	0	0	0	0	0	0	0	0	0	0	0	0	0	0	0	0	0	0	0	0	0	0	0	0	0	0	0	0	0	0	0	0	0	0	0	0	0	0	0	0	0	0	0	0	20	120	0	0	0	0	0	0	0	0	0	0	0	0	0	0	0	0	0	0	0	0	0	0	0	0	0	0	0	0	0	0	0	0	0	0	0	0	0	0	0	0	0	0	0	0	0	0	0	0	0	0	0	0	0	0	0	0	0	0	0	0	0	0	0	0	0	0	0	0	0	0	0	0	0	0	0	0	0	0	0	0	0	0	0	0	0	0	0	0	0	0	0	0	0	0	0	0	0	0	0	0	0	0	0	0	0	0	0	0	0	0	0	0	0	0	0	0	0	0	0	0	0	0	0	0	0	0	0	0	0	0	0	806	9	9	9	9	9	9	9	9	9	9	9	9	9	9	9	9	9	9	9	9	9	9	9	9	9	9	9	9	9	9	9	9	9	9	9	9	9	9	9	0	0	0	0	0	0	0	0	0	0	0	0	0	0	0	0	0	0	0	0	0	0	0	0	0	0	0	0	0	0	0	0	0	0	0	0	0	0	0	0	0	0	0	0	0	0	0	0	0	0	0	0	0	0	0	0	0	0	0	0	0	0	0	0	0	0	0	0	0	0	0	0	0	0	0	0	0	0	0	0	0	0	0	0	0	0	0	0	806	9	9	9	9	9	9	9	9	9	9	9	9	9	9	9	9	9	9	9	9	9	9	9	9	9	9	9	9	9	9	9	9	9	9	9	9	9	9	9
0	0	0	0	0	0	0	0	0	0	0	0	0	0	0	0	0	0	0	0	0	0	0	0	0	0	0	0	0	0	0	0	0	0	0	0	0	0	0	0	0	0	0	0	0	0	0	0	0	0	0	0	0	0	0	0	0	0	0	0	0	0	0	0	0	0	0	0	0	0	0	0	0	0	0	0	0	0	0	0	0	0	0	0	0	0	0	0	806	9	9	9	9	9	9	9	9	9	9	9	9	9	9	9	9	9	9	9	9	9	9	9	9	9	9	9	9	9	9	9	9	9	9	9	9	9	9	9	0	0	0	0	0	0	0	0	0	0	0	0	0	0	0	0	0	0	0	0	0	0	0	0	0	0	0	0	0	0	0	0	0	0	0	0	0	0	0	0	0	0	0	0	0	0	0	0	0	0	0	0	0	0	0	0	0	0	0	0	0	0	0	0	0	0	0	0	0	0	0	0	0	0	0	0	0	0	0	0	0	0	0	0	0	0	0	0	806	9	9	9	9	9	9	9	9	9	9	9	9	9	9	9	9	9	9	9	9	9	9	9	9	9	9	9	9	9	9	9	9	9	9	9	9	9	9	9	0	0	0	0	0	0	0	0	0	0	0	0	0	0	0	0	0	0	0	0	0	0	0	0	0	0	0	0	0	0	0	0	9	9	9	9	9	9	9	9	9	9	9	9	9	9	9	9	9	9	9	9	9	9	9	9	9	9	9	9	9	9	9	9	9	9	9	9	9	9	0	0	0	0	0	0	0	0	0	0	0	0	0	0	0	0	0	9	9	9	9	9	9	9	9	9	9	9	9	9	9	9	9	9	9	9	9	9	9	9	9	9	9	9	9	9	9	9	9	9	9	9	9	9	9	9	9	9	0	0	0	0	0	0	0	0	0	0	0	0	0	0	0	0	0	0	0	0	0	0	0	0	0	0	0	0	0	0	0	0	9	9	9	9	9	9	9	9	9	9	9	9	9	9	9	9	9	9	9	9	9	9	9	9	9	9	9	9	9	9	9	9	9	9	9	9	9	9	0	0	0	0	0	0	0	0	0	0	0	0	0	0	0	0	0	9	9	9	9	9	9	9	9	9	9	9	9	9	9	9	9	9	9	9	9	9	9	9	9	9	9	9	9	9	9	9	9	9	9	9	9	9	9	9	9	9
0	0	0	0	0	0	0	0	0	0	0	0	0	0	0	0	0	0	0	0	0	0	0	0	0	0	0	0	0	0	0	0	0	0	0	0	0	0	0	0	0	0	0	0	0	0	0	0	0	0	0	0	0	0	0	0	0	0	0	0	0	0	0	0	0	0	0	0	0	0	0	0	0	0	0	0	0	0	0	0	0	0	0	0	0	0	0	0	806	9	9	9	9	9	9	9	9	9	9	9	9	9	9	9	9	9	9	9	9	9	9	9	9	9	9	9	9	9	9	9	9	9	9	9	9	9	9	9	0	0	0	0	0	0	0	0	0	0	0	0	0	0	0	0	0	0	0	0	0	0	0	0	0	0	0	0	0	0	0	0	0	0	0	0	0	0	0	0	0	0	0	0	0	0	0	0	0	0	0	0	0	0	0	0	0	0	0	0	0	0	0	0	0	0	0	0	0	0	0	0	0	0	0	0	0	0	0	0	0	0	0	0	0	0	0	0	806	9	9	9	9	9	9	9	9	9	9	9	9	9	9	9	9	9	9	9	9	9	9	9	9	9	9	9	9	9	9	9	9	9	9	9	9	9	9	9	0	0	0	0	0	0	0	0	0	0	0	0	0	0	0	0	0	0	0	0	0	0	0	0	0	0	0	0	0	0	0	0	9	9	9	9	9	9	9	9	9	9	9	9	9	9	9	9	9	9	9	9	9	9	9	9	9	9	9	9	9	9	9	9	9	9	9	9	9	9	5fc	5fc	5fc	5fc	5fc	5fc	5fc	5fc	5fc	5fc	5fc	5fc	5fc	5fc	5fc	5fc	5fc	9	9	9	9	9	9	9	9	9	9	9	9	9	9	9	9	9	9	9	9	9	9	9	9	9	9	9	9	9	9	9	9	9	9	9	9	9	9	9	9	9	0	0	0	0	0	0	0	0	0	0	0	0	0	0	0	0	0	0	0	0	0	0	0	0	0	0	0	0	0	0	0	0	9	9	9	9	9	9	9	9	9	9	9	9	9	9	9	9	9	9	9	9	9	9	9	9	9	9	9	9	9	9	9	9	9	9	9	9	9	9	5fc	5fc	5fc	5fc	5fc	5fc	5fc	5fc	5fc	5fc	5fc	5fc	5fc	5fc	5fc	5fc	5fc	9	9	9	9	9	9	9	9	9	9	9	9	9	9	9	9	9	9	9	9	9	9	9	9	9	9	9	9	9	9	9	9	9	9	9	9	9	9	9	9	9
0	0	0	0	0	0	0	0	0	0	0	0	0	0	0	0	0	0	0	0	0	0	0	0	0	0	0	0	0	0	0	0	0	0	0	0	0	0	0	0	0	0	0	0	0	0	0	0	0	0	0	0	0	0	0	0	0	0	0	0	0	0	0	0	0	0	0	0	0	0	0	0	0	0	0	0	0	0	0	0	0	0	0	0	0	0	0	0	806	9	9	9	9	9	9	9	9	9	9	9	9	9	9	9	9	9	9	9	9	9	9	9	9	9	9	9	9	9	9	9	9	9	9	9	9	9	9	9	0	0	0	0	0	0	0	0	0	0	0	0	0	0	0	0	0	0	0	0	0	0	0	0	0	0	0	0	0	0	0	0	0	0	0	0	0	0	0	0	0	0	0	0	0	0	0	0	0	0	0	0	0	0	0	0	0	0	0	0	0	0	0	0	0	0	0	0	0	0	0	0	0	0	0	0	0	0	0	0	0	0	0	0	0	0	0	0	806	9	9	9	9	9	9	9	9	9	9	9	9	9	9	9	9	9	9	9	9	9	9	9	9	9	9	9	9	9	9	9	9	9	9	9	9	9	9	9	0	0	0	0	0	0	0	0	0	0	0	0	0	0	0	0	0	0	0	0	0	0	0	0	0	0	0	0	0	0	0	0	9	9	9	9	9	9	9	9	9	9	9	9	9	9	9	9	9	9	9	9	9	9	9	9	9	9	9	9	9	9	9	9	9	9	9	9	9	9	65d	65d	65d	65d	65d	65d	65d	65d	65d	65d	65d	65d	65d	65d	65d	65d	65d	9	9	9	9	9	9	9	9	9	9	9	9	9	9	9	9	9	9	9	9	9	9	9	9	9	9	9	9	9	9	9	9	9	9	9	9	9	9	9	9	9	0	0	0	0	0	0	0	0	0	0	0	0	0	0	0	0	0	0	0	0	0	0	0	0	0	0	0	0	0	0	0	0	9	9	9	9	9	9	9	9	9	9	9	9	9	9	9	9	9	9	9	9	9	9	9	9	9	9	9	9	9	9	9	9	9	9	9	9	9	9	65d	65d	65d	65d	65d	65d	65d	65d	65d	65d	65d	65d	65d	65d	65d	65d	65d	9	9	9	9	9	9	9	9	9	9	9	9	9	9	9	9	9	9	9	9	9	9	9	9	9	9	9	9	9	9	9	9	9	9	9	9	9	9	9	9	9
0	0	0	0	0	0	0	0	0	0	0	0	0	0	0	0	0	0	0	0	0	0	0	0	0	0	0	0	0	0	0	0	0	0	0	0	0	0	0	0	0	0	0	0	0	0	0	0	0	0	0	0	0	0	0	0	0	0	0	0	0	0	0	0	0	0	0	0	0	0	0	0	0	0	0	0	0	0	0	0	0	0	0	0	0	0	0	0	806	9	9	9	9	9	9	9	9	9	9	9	9	9	9	9	9	9	9	9	9	9	9	9	9	9	9	9	9	9	9	9	9	9	9	9	9	9	9	9	0	0	0	0	0	0	0	0	0	0	0	0	0	0	0	0	0	0	0	0	0	0	0	0	0	0	0	0	0	0	0	0	0	0	0	0	0	0	0	0	0	0	0	0	0	0	0	0	0	0	0	0	0	0	0	0	0	0	0	0	0	0	0	0	0	0	0	0	0	0	0	0	0	0	0	0	0	0	0	0	0	0	0	0	0	0	0	0	806	9	9	9	9	9	9	9	9	9	9	9	9	9	9	9	9	9	9	9	9	9	9	9	9	9	9	9	9	9	9	9	9	9	9	9	9	9	9	9	0	0	0	0	0	0	0	0	0	0	0	0	0	0	0	0	0	0	0	0	0	0	0	0	0	0	0	0	0	0	0	0	9	9	9	9	9	9	9	9	9	9	9	9	9	9	9	9	9	9	9	9	9	9	9	9	9	9	9	9	9	9	9	9	9	9	9	9	9	9	65d	65d	65d	65d	65d	65d	65d	65d	65d	65d	65d	65d	65d	65d	65d	65d	65d	9	9	9	9	9	9	9	9	9	9	9	9	9	9	9	9	9	9	9	9	9	9	9	9	9	9	9	9	9	9	9	9	9	9	9	9	9	9	9	9	9	0	0	0	0	0	0	0	0	0	0	0	0	0	0	0	0	0	0	0	0	0	0	0	0	0	0	0	0	0	0	0	0	9	9	9	9	9	9	9	9	9	9	9	9	9	9	9	9	9	9	9	9	9	9	9	9	9	9	9	9	9	9	9	9	9	9	9	9	9	9	65d	65d	65d	65d	65d	65d	65d	65d	65d	65d	65d	65d	65d	65d	65d	65d	65d	9	9	9	9	9	9	9	9	9	9	9	9	9	9	9	9	9	9	9	9	9	9	9	9	9	9	9	9	9	9	9	9	9	9	9	9	9	9	9	9	9
0	0	0	0	0	0	0	0	0	0	0	0	0	0	0	0	0	0	0	0	0	0	0	0	0	0	0	0	0	0	0	0	0	0	0	0	0	0	0	0	0	0	0	0	0	0	0	0	0	0	0	0	0	0	0	0	0	0	0	20	120	0	0	0	0	0	0	0	0	0	0	0	0	0	0	0	0	0	0	0	0	0	0	0	0	0	0	0	941	942	9	9	9	9	9	9	9	9	9	9	9	9	9	9	9	9	9	9	9	9	9	9	9	9	9	9	9	9	9	9	9	9	9	9	9	9	9	9	0	0	0	0	0	0	0	0	0	0	0	0	0	0	0	0	0	0	0	0	0	0	0	0	0	0	0	0	0	0	0	0	0	0	0	0	0	0	0	0	0	0	0	0	0	0	0	0	0	0	0	0	0	0	0	0	0	0	0	20	120	0	0	0	0	0	0	0	0	0	0	0	0	0	0	0	0	0	0	0	0	0	0	0	0	0	0	0	941	942	9	9	9	9	9	9	9	9	9	9	9	9	9	9	9	9	9	9	9	9	9	9	9	9	9	9	9	9	9	9	9	9	9	9	9	9	9	9	0	0	0	0	0	0	0	0	0	0	0	0	0	0	0	0	0	0	0	0	0	0	0	0	0	0	0	0	0	0	0	0	9	9	9	9	9	9	9	9	9	9	9	9	9	9	9	9	9	9	9	9	9	9	9	9	9	9	9	9	9	9	9	9	9	9	9	9	9	9	65d	65d	65d	65d	65d	65d	65d	65d	65d	65d	65d	65d	65d	65d	65d	65d	65d	9	9	9	970	970	970	970	970	970	970	970	970	970	970	970	970	970	970	970	970	970	970	970	970	970	970	970	970	970	970	970	970	970	970	970	970	970	970	970	970	970	0	0	0	0	0	0	0	0	0	0	0	0	0	0	0	0	0	0	0	0	0	0	0	0	0	0	0	0	0	0	0	0	9	9	9	9	9	9	9	9	9	9	9	9	9	9	9	9	9	9	9	9	9	9	9	9	9	9	9	9	9	9	9	9	9	9	9	9	9	9	65d	65d	65d	65d	65d	65d	65d	65d	65d	65d	65d	65d	65d	65d	65d	65d	65d	9	9	9	970	970	970	970	970	970	970	970	970	970	970	970	970	970	970	970	970	970	970	970	970	970	970	970	970	970	970	970	970	970	970	970	970	970	970	970	970	970
0	0	0	0	0	0	0	0	0	0	0	0	0	0	0	0	0	0	0	0	0	0	0	0	0	0	0	0	0	0	0	0	0	0	0	0	0	0	0	0	0	0	0	0	0	0	0	0	0	0	0	0	0	0	0	0	0	0	0	20	120	0	0	0	0	0	0	0	0	0	0	0	0	0	0	0	0	0	0	0	0	0	0	0	0	0	0	0	96e	96f	970	970	970	970	970	970	970	970	970	970	970	970	970	970	970	970	970	970	970	970	970	970	970	970	970	970	970	970	970	970	970	970	970	970	970	970	970	970	0	0	0	0	0	0	0	0	0	0	0	0	0	0	0	0	0	0	0	0	0	0	0	0	0	0	0	0	0	0	0	0	0	0	0	0	0	0	0	0	0	0	0	0	0	0	0	0	0	0	0	0	0	0	0	0	0	0	0	20	120	0	0	0	0	0	0	0	0	0	0	0	0	0	0	0	0	0	0	0	0	0	0	0	0	0	0	0	96e	96f	970	970	970	970	970	970	970	970	970	970	970	970	970	970	970	970	970	970	970	970	970	970	970	970	970	970	970	970	970	970	970	970	970	970	970	970	970	970	0	0	0	0	0	0	0	0	0	0	0	0	0	0	0	0	0	0	0	0	0	0	0	0	0	0	0	0	0	0	0	0	9	9	9	9	9	9	9	9	9	9	9	9	9	9	9	9	9	9	9	9	9	9	9	9	9	9	9	9	9	9	9	9	9	9	9	9	9	9	65d	65d	65d	65d	65d	65d	65d	65d	65d	65d	65d	65d	65d	65d	65d	65d	65d	9	9	9	65d	65d	65d	65d	65d	65d	65d	65d	65d	65d	65d	65d	65d	65d	65d	65d	65d	65d	65d	65d	65d	65d	65d	65d	65d	65d	65d	65d	65d	65d	65d	65d	65d	65d	65d	65d	65d	65d	0	0	0	0	0	0	0	0	0	0	0	0	0	0	0	0	0	0	0	0	0	0	0	0	0	0	0	0	0	0	0	0	9	9	9	9	9	9	9	9	9	9	9	9	9	9	9	9	9	9	9	9	9	9	9	9	9	9	9	9	9	9	9	9	9	9	9	9	9	9	65d	65d	65d	65d	65d	65d	65d	65d	65d	65d	65d	65d	65d	65d	65d	65d	65d	9	9	9	65d	65d	65d	65d	65d	65d	65d	65d	65d	65d	65d	65d	65d	65d	65d	65d	65d	65d	65d	65d	65d	65d	65d	65d	65d	65d	65d	65d	65d	65d	65d	65d	65d	65d	65d	65d	65d	65d
0	0	0	0	0	0	0	0	0	0	0	0	0	0	0	0	0	0	0	0	0	0	0	0	0	0	0	0	0	0	0	0	0	0	0	0	0	0	0	0	0	0	0	0	0	0	0	0	0	0	0	0	0	0	0	0	0	0	0	20	120	0	0	0	0	0	0	0	0	0	0	0	0	0	0	0	0	0	0	0	0	0	0	0	0	0	0	0	96e	96f	65d	65d	65d	65d	65d	65d	65d	65d	65d	65d	65d	65d	65d	65d	65d	65d	65d	65d	65d	65d	65d	65d	65d	65d	65d	65d	65d	65d	65d	65d	65d	65d	65d	65d	65d	65d	65d	65d	0	0	0	0	0	0	0	0	0	0	0	0	0	0	0	0	0	0	0	0	0	0	0	0	0	0	0	0	0	0	0	0	0	0	0	0	0	0	0	0	0	0	0	0	0	0	0	0	0	0	0	0	0	0	0	0	0	0	0	20	120	0	0	0	0	0	0	0	0	0	0	0	0	0	0	0	0	0	0	0	0	0	0	0	0	0	0	0	96e	96f	65d	65d	65d	65d	65d	65d	65d	65d	65d	65d	65d	65d	65d	65d	65d	65d	65d	65d	65d	65d	65d	65d	65d	65d	65d	65d	65d	65d	65d	65d	65d	65d	65d	65d	65d	65d	65d	65d	0	0	0	0	0	0	0	0	0	0	0	0	0	0	0	0	0	0	0	0	0	0	0	0	0	0	0	0	0	0	0	0	9	9	9	9	9	9	9	9	9	9	9	9	9	9	9	9	9	9	9	9	9	9	9	9	9	9	9	9	9	9	9	9	9	9	9	9	9	9	65d	65d	65d	65d	65d	65d	65d	65d	65d	65d	65d	65d	65d	65d	65d	65d	65d	9	9	9	65d	65d	65d	65d	65d	65d	65d	65d	65d	65d	65d	65d	65d	65d	65d	65d	65d	65d	65d	65d	65d	65d	65d	65d	65d	65d	65d	65d	65d	65d	65d	65d	65d	65d	65d	65d	65d	65d	0	0	0	0	0	0	0	0	0	0	0	0	0	0	0	0	0	0	0	0	0	0	0	0	0	0	0	0	0	0	0	0	9	9	9	9	9	9	9	9	9	9	9	9	9	9	9	9	9	9	9	9	9	9	9	9	9	9	9	9	9	9	9	9	9	9	9	9	9	9	65d	65d	65d	65d	65d	65d	65d	65d	65d	65d	65d	65d	65d	65d	65d	65d	65d	9	9	9	65d	65d	65d	65d	65d	65d	65d	65d	65d	65d	65d	65d	65d	65d	65d	65d	65d	65d	65d	65d	65d	65d	65d	65d	65d	65d	65d	65d	65d	65d	65d	65d	65d	65d	65d	65d	65d	65d
0	0	0	0	0	0	0	0	0	0	0	0	0	0	0	0	0	0	0	0	0	0	0	0	0	0	0	0	0	0	0	0	0	0	0	0	0	0	0	0	0	0	0	0	0	0	0	0	0	0	0	0	0	0	0	0	0	0	0	20	120	0	0	0	0	0	0	0	0	0	0	0	0	0	0	0	0	0	0	0	0	0	0	0	0	0	0	0	96e	96f	65d	65d	65d	65d	65d	65d	65d	65d	65d	65d	65d	65d	65d	65d	65d	65d	65d	65d	65d	65d	65d	65d	65d	65d	65d	65d	65d	65d	65d	65d	65d	65d	65d	65d	65d	65d	65d	65d	0	0	0	0	0	0	0	0	0	0	0	0	0	0	0	0	0	0	0	0	0	0	0	0	0	0	0	0	0	0	0	0	0	0	0	0	0	0	0	0	0	0	0	0	0	0	0	0	0	0	0	0	0	0	0	0	0	0	0	20	120	0	0	0	0	0	0	0	0	0	0	0	0	0	0	0	0	0	0	0	0	0	0	0	0	0	0	0	96e	96f	65d	65d	65d	65d	65d	65d	65d	65d	65d	65d	65d	65d	65d	65d	65d	65d	65d	65d	65d	65d	65d	65d	65d	65d	65d	65d	65d	65d	65d	65d	65d	65d	65d	65d	65d	65d	65d	65d	0	0	0	0	0	0	0	0	0	0	0	0	0	0	0	0	0	0	0	0	0	0	0	0	0	0	0	0	0	0	0	0	970	970	970	970	970	970	970	970	970	970	970	970	970	970	970	970	970	970	970	970	970	970	970	970	970	970	970	970	970	970	970	970	970	970	970	970	970	970	65d	65d	65d	65d	65d	65d	65d	65d	65d	65d	65d	65d	65d	65d	65d	65d	65d	9	9	9	65d	65d	65d	65d	65d	65d	65d	65d	65d	65d	65d	65d	65d	65d	65d	65d	65d	65d	65d	65d	65d	65d	65d	65d	65d	65d	65d	65d	65d	65d	65d	65d	65d	65d	65d	65d	65d	65d	0	0	0	0	0	0	0	0	0	0	0	0	0	0	0	0	0	0	0	0	0	0	0	0	0	0	0	0	0	0	0	0	970	970	970	970	970	970	970	970	970	970	970	970	970	970	970	970	970	970	970	970	970	970	970	970	970	970	970	970	970	970	970	970	970	970	970	970	970	970	65d	65d	65d	65d	65d	65d	65d	65d	65d	65d	65d	65d	65d	65d	65d	65d	65d	9	9	9	65d	65d	65d	65d	65d	65d	65d	65d	65d	65d	65d	65d	65d	65d	65d	65d	65d	65d	65d	65d	65d	65d	65d	65d	65d	65d	65d	65d	65d	65d	65d	65d	65d	65d	65d	65d	65d	65d
0	0	0	0	0	0	0	0	0	0	0	0	0	0	0	0	0	0	0	0	0	0	0	0	0	0	0	0	0	0	0	0	0	0	0	0	0	0	0	0	0	0	0	0	0	0	0	0	0	0	0	0	0	0	0	0	0	0	0	20	120	0	0	0	0	0	0	0	0	0	0	0	0	0	0	0	0	0	0	0	0	0	0	0	0	0	0	0	96e	96f	65d	65d	65d	65d	65d	65d	65d	65d	65d	65d	65d	65d	65d	65d	65d	65d	65d	65d	65d	65d	65d	65d	65d	65d	65d	65d	65d	65d	65d	65d	65d	65d	65d	65d	65d	65d	65d	65d	0	0	0	0	0	0	0	0	0	0	0	0	0	0	0	0	0	0	0	0	0	0	0	0	0	0	0	0	0	0	0	0	0	0	0	0	0	0	0	0	0	0	0	0	0	0	0	0	0	0	0	0	0	0	0	0	0	0	0	20	120	0	0	0	0	0	0	0	0	0	0	0	0	0	0	0	0	0	0	0	0	0	0	0	0	0	0	0	96e	96f	65d	65d	65d	65d	65d	65d	65d	65d	65d	65d	65d	65d	65d	65d	65d	65d	65d	65d	65d	65d	65d	65d	65d	65d	65d	65d	65d	65d	65d	65d	65d	65d	65d	65d	65d	65d	65d	65d	0	0	0	0	0	0	0	0	0	0	0	0	0	0	0	0	0	0	0	0	0	0	0	0	0	0	0	0	0	0	0	0	65d	65d	65d	65d	65d	65d	65d	65d	65d	65d	65d	65d	65d	65d	65d	65d	65d	65d	65d	65d	65d	65d	65d	65d	65d	65d	65d	65d	65d	65d	65d	65d	65d	65d	65d	65d	65d	65d	65d	65d	65d	65d	65d	65d	65d	65d	65d	65d	65d	65d	65d	65d	65d	65d	65d	970	970	970	65d	65d	65d	65d	65d	65d	65d	65d	65d	65d	65d	65d	65d	65d	65d	65d	65d	65d	65d	65d	65d	65d	65d	65d	65d	65d	65d	65d	65d	65d	65d	65d	65d	65d	65d	65d	65d	65d	0	0	0	0	0	0	0	0	0	0	0	0	0	0	0	0	0	0	0	0	0	0	0	0	0	0	0	0	0	0	0	0	65d	65d	65d	65d	65d	65d	65d	65d	65d	65d	65d	65d	65d	65d	65d	65d	65d	65d	65d	65d	65d	65d	65d	65d	65d	65d	65d	65d	65d	65d	65d	65d	65d	65d	65d	65d	65d	65d	65d	65d	65d	65d	65d	65d	65d	65d	65d	65d	65d	65d	65d	65d	65d	65d	65d	970	970	970	65d	65d	65d	65d	65d	65d	65d	65d	65d	65d	65d	65d	65d	65d	65d	65d	65d	65d	65d	65d	65d	65d	65d	65d	65d	65d	65d	65d	65d	65d	65d	65d	65d	65d	65d	65d	65d	65d
0	0	0	0	0	0	0	0	0	0	0	0	0	0	0	0	0	0	0	0	0	0	0	0	0	0	0	0	0	0	0	0	0	0	0	0	0	0	0	0	0	0	0	0	0	0	0	0	0	0	0	0	0	0	0	0	0	0	0	20	120	0	0	0	0	0	0	0	0	0	0	0	0	0	0	0	0	0	0	0	0	0	0	0	0	0	0	0	96e	96f	65d	65d	65d	65d	65d	65d	65d	65d	65d	65d	65d	65d	65d	65d	65d	65d	65d	65d	65d	65d	65d	65d	65d	65d	65d	65d	65d	65d	65d	65d	65d	65d	65d	65d	65d	65d	65d	65d	0	0	0	0	0	0	0	0	0	0	0	0	0	0	0	0	0	0	0	0	0	0	0	0	0	0	0	0	0	0	0	0	0	0	0	0	0	0	0	0	0	0	0	0	0	0	0	0	0	0	0	0	0	0	0	0	0	0	0	20	120	0	0	0	0	0	0	0	0	0	0	0	0	0	0	0	0	0	0	0	0	0	0	0	0	0	0	0	96e	96f	65d	65d	65d	65d	65d	65d	65d	65d	65d	65d	65d	65d	65d	65d	65d	65d	65d	65d	65d	65d	65d	65d	65d	65d	65d	65d	65d	65d	65d	65d	65d	65d	65d	65d	65d	65d	65d	65d	0	0	0	0	0	0	0	0	0	0	0	0	0	0	0	0	0	0	0	0	0	0	0	0	0	0	0	0	0	0	0	0	65d	65d	65d	65d	65d	65d	65d	65d	65d	65d	65d	65d	65d	65d	65d	65d	65d	65d	65d	65d	65d	65d	65d	65d	65d	65d	65d	65d	65d	65d	65d	65d	65d	65d	65d	65d	65d	65d	65d	65d	65d	65d	65d	65d	65d	65d	65d	65d	65d	65d	65d	65d	65d	65d	65d	65d	65d	65d	65d	65d	65d	65d	65d	65d	65d	65d	65d	65d	65d	65d	65d	65d	65d	65d	65d	65d	65d	65d	65d	65d	65d	65d	65d	65d	65d	65d	65d	65d	65d	65d	65d	65d	65d	65d	65d	65d	0	0	0	0	0	0	0	0	0	0	0	0	0	0	0	0	0	0	0	0	0	0	0	0	0	0	0	0	0	0	0	0	65d	65d	65d	65d	65d	65d	65d	65d	65d	65d	65d	65d	65d	65d	65d	65d	65d	65d	65d	65d	65d	65d	65d	65d	65d	65d	65d	65d	65d	65d	65d	65d	65d	65d	65d	65d	65d	65d	65d	65d	65d	65d	65d	65d	65d	65d	65d	65d	65d	65d	65d	65d	65d	65d	65d	65d	65d	65d	65d	65d	65d	65d	65d	65d	65d	65d	65d	65d	65d	65d	65d	65d	65d	65d	65d	65d	65d	65d	65d	65d	65d	65d	65d	65d	65d	65d	65d	65d	65d	65d	65d	65d	65d	65d	65d	65d
0	0	0	0	0	0	0	0	0	0	0	0	0	0	0	0	0	0	0	0	0	0	0	0	0	0	0	0	0	0	0	0	0	0	0	0	0	0	0	0	0	0	0	0	0	0	0	0	0	0	0	0	0	0	0	0	0	0	0	20	120	0	0	0	0	0	0	0	0	0	0	0	0	0	0	0	0	0	0	0	0	0	0	0	0	0	0	0	96e	96f	7df	7df	7df	7df	7df	7df	7df	7df	7df	7df	7df	7df	7df	7df	7df	7df	7df	7df	7df	7df	7df	7df	7df	7df	7df	7df	7df	7df	7df	7df	7df	7df	7df	7df	7df	7df	7df	7df	0	0	0	0	0	0	0	0	0	0	0	0	0	0	0	0	0	0	0	0	0	0	0	0	0	0	0	0	0	0	0	0	0	0	0	0	0	0	0	0	0	0	0	0	0	0	0	0	0	0	0	0	0	0	0	0	0	0	0	20	120	0	0	0	0	0	0	0	0	0	0	0	0	0	0	0	0	0	0	0	0	0	0	0	0	0	0	0	96e	96f	7df	7df	7df	7df	7df	7df	7df	7df	7df	7df	7df	7df	7df	7df	7df	7df	7df	7df	7df	7df	7df	7df	7df	7df	7df	7df	7df	7df	7df	7df	7df	7df	7df	7df	7df	7df	7df	7df	0	0	0	0	0	0	0	0	0	0	0	0	0	0	0	0	0	0	0	0	0	0	0	0	0	0	0	0	0	0	0	0	65d	65d	65d	65d	65d	65d	65d	65d	65d	65d	65d	65d	65d	65d	65d	65d	65d	65d	65d	65d	65d	65d	65d	65d	65d	65d	65d	65d	65d	65d	65d	65d	65d	65d	65d	65d	65d	65d	65d	65d	65d	65d	65d	65d	65d	65d	65d	65d	65d	65d	65d	65d	65d	65d	65d	65d	65d	65d	65d	65d	65d	65d	65d	65d	65d	65d	65d	65d	65d	65d	65d	65d	65d	65d	65d	65d	65d	65d	65d	65d	65d	65d	65d	65d	65d	65d	65d	65d	65d	65d	65d	65d	65d	65d	65d	65d	0	0	0	0	0	0	0	0	0	0	0	0	0	0	0	0	0	0	0	0	0	0	0	0	0	0	0	0	0	0	0	0	65d	65d	65d	65d	65d	65d	65d	65d	65d	65d	65d	65d	65d	65d	65d	65d	65d	65d	65d	65d	65d	65d	65d	65d	65d	65d	65d	65d	65d	65d	65d	65d	65d	65d	65d	65d	65d	65d	65d	65d	65d	65d	65d	65d	65d	65d	65d	65d	65d	65d	65d	65d	65d	65d	65d	65d	65d	65d	65d	65d	65d	65d	65d	65d	65d	65d	65d	65d	65d	65d	65d	65d	65d	65d	65d	65d	65d	65d	65d	65d	65d	65d	65d	65d	65d	65d	65d	65d	65d	65d	65d	65d	65d	65d	65d	65d
0	0	0	0	0	0	0	0	0	0	0	0	0	0	0	0	0	0	0	0	0	0	0	0	0	0	0	0	0	0	0	0	0	0	0	0	0	0	0	0	0	0	0	0	0	0	0	0	0	0	0	0	0	0	0	0	0	0	0	20	120	0	0	0	0	0	0	0	0	0	0	0	0	0	0	0	0	0	0	0	0	0	0	0	0	0	0	0	96e	96f	9	9	9	9	9	9	9	9	9	9	9	9	9	9	9	9	9	9	9	9	9	9	9	9	9	9	9	9	9	9	9	9	9	9	9	9	9	9	0	0	0	0	0	0	0	0	0	0	0	0	0	0	0	0	0	0	0	0	0	0	0	0	0	0	0	0	0	0	0	0	0	0	0	0	0	0	0	0	0	0	0	0	0	0	0	0	0	0	0	0	0	0	0	0	0	0	0	20	120	0	0	0	0	0	0	0	0	0	0	0	0	0	0	0	0	0	0	0	0	0	0	0	0	0	0	0	96e	96f	9	9	9	9	9	9	9	9	9	9	9	9	9	9	9	9	9	9	9	9	9	9	9	9	9	9	9	9	9	9	9	9	9	9	9	9	9	9	0	0	0	0	0	0	0	0	0	0	0	0	0	0	0	0	0	0	0	0	0	0	0	0	0	0	0	0	0	0	0	0	65d	65d	65d	65d	65d	65d	65d	65d	65d	65d	65d	65d	65d	65d	65d	65d	65d	65d	65d	65d	65d	65d	65d	65d	65d	65d	65d	65d	65d	65d	65d	65d	65d	65d	65d	65d	65d	65d	7df	7df	7df	7df	7df	7df	7df	7df	7df	7df	7df	7df	7df	7df	7df	7df	7df	65d	65d	65d	65d	65d	65d	65d	65d	65d	65d	65d	65d	65d	65d	65d	65d	65d	65d	65d	65d	65d	65d	65d	65d	65d	65d	65d	65d	65d	65d	65d	65d	65d	65d	65d	65d	65d	65d	65d	65d	65d	0	0	0	0	0	0	0	0	0	0	0	0	0	0	0	0	0	0	0	0	0	0	0	0	0	0	0	0	0	0	0	0	65d	65d	65d	65d	65d	65d	65d	65d	65d	65d	65d	65d	65d	65d	65d	65d	65d	65d	65d	65d	65d	65d	65d	65d	65d	65d	65d	65d	65d	65d	65d	65d	65d	65d	65d	65d	65d	65d	7df	7df	7df	7df	7df	7df	7df	7df	7df	7df	7df	7df	7df	7df	7df	7df	7df	65d	65d	65d	65d	65d	65d	65d	65d	65d	65d	65d	65d	65d	65d	65d	65d	65d	65d	65d	65d	65d	65d	65d	65d	65d	65d	65d	65d	65d	65d	65d	65d	65d	65d	65d	65d	65d	65d	65d	65d	65d
0	0	0	0	0	0	0	0	0	0	0	0	0	0	0	0	0	0	0	0	0	0	0	0	0	0	0	0	0	0	0	0	0	0	0	0	0	0	0	0	0	0	0	0	0	0	0	0	0	0	0	0	0	0	0	0	0	0	0	20	120	0	0	0	0	0	0	0	0	0	0	0	0	0	0	0	0	0	0	0	0	0	0	0	0	0	0	0	96e	96f	9	9	9	9	9	9	9	9	9	9	9	9	9	9	9	9	9	9	9	9	9	9	9	9	9	9	9	9	9	9	9	9	9	9	9	9	9	9	0	0	0	0	0	0	0	0	0	0	0	0	0	0	0	0	0	0	0	0	0	0	0	0	0	0	0	0	0	0	0	0	0	0	0	0	0	0	0	0	0	0	0	0	0	0	0	0	0	0	0	0	0	0	0	0	0	0	0	20	120	0	0	0	0	0	0	0	0	0	0	0	0	0	0	0	0	0	0	0	0	0	0	0	0	0	0	0	96e	96f	9	9	9	9	9	9	9	9	9	9	9	9	9	9	9	9	9	9	9	9	9	9	9	9	9	9	9	9	9	9	9	9	9	9	9	9	9	9	0	0	0	0	0	0	0	0	0	0	0	0	0	0	0	0	0	0	0	0	0	0	0	0	0	0	0	0	0	0	0	0	65d	65d	65d	65d	65d	65d	65d	65d	65d	65d	65d	65d	65d	65d	65d	65d	65d	65d	65d	65d	65d	65d	65d	65d	65d	65d	65d	65d	65d	65d	65d	65d	65d	65d	65d	65d	65d	65d	9	9	9	9	9	9	9	9	9	9	9	9	9	9	9	9	9	65d	65d	65d	65d	65d	65d	65d	65d	65d	65d	65d	65d	65d	65d	65d	65d	65d	65d	65d	65d	65d	65d	65d	65d	65d	65d	65d	65d	65d	65d	65d	65d	65d	65d	65d	65d	65d	65d	65d	65d	65d	0	0	0	0	0	0	0	0	0	0	0	0	0	0	0	0	0	0	0	0	0	0	0	0	0	0	0	0	0	0	0	0	65d	65d	65d	65d	65d	65d	65d	65d	65d	65d	65d	65d	65d	65d	65d	65d	65d	65d	65d	65d	65d	65d	65d	65d	65d	65d	65d	65d	65d	65d	65d	65d	65d	65d	65d	65d	65d	65d	9	9	9	9	9	9	9	9	9	9	9	9	9	9	9	9	9	65d	65d	65d	65d	65d	65d	65d	65d	65d	65d	65d	65d	65d	65d	65d	65d	65d	65d	65d	65d	65d	65d	65d	65d	65d	65d	65d	65d	65d	65d	65d	65d	65d	65d	65d	65d	65d	65d	65d	65d	65d
0	0	0	0	0	0	0	0	0	0	0	0	0	0	0	0	0	0	0	0	0	0	0	0	0	0	0	0	0	0	0	0	6	6	6	6	6	6	6	6	6	6	6	6	6	6	6	6	6	6	6	6	6	6	6	6	6	6	6	a5a	7e0	a5b	6	6	6	6	6	6	6	6	0	0	0	0	0	0	0	0	0	0	0	0	0	0	0	0	0	0	96e	a5c	9	9	9	9	9	9	9	9	9	9	9	9	9	9	9	9	9	9	9	9	9	9	9	9	9	9	9	9	9	9	9	9	9	9	9	9	9	9	0	0	0	0	0	0	0	0	0	0	0	0	0	0	0	0	0	0	0	0	0	0	0	0	0	0	0	0	0	0	0	0	6	6	6	6	6	6	6	6	6	6	6	6	6	6	6	6	6	6	6	6	6	6	6	6	6	6	6	a5a	7e0	a5b	6	6	6	6	6	6	6	6	0	0	0	0	0	0	0	0	0	0	0	0	0	0	0	0	0	0	96e	a5c	9	9	9	9	9	9	9	9	9	9	9	9	9	9	9	9	9	9	9	9	9	9	9	9	9	9	9	9	9	9	9	9	9	9	9	9	9	9	0	0	0	0	0	0	0	0	0	0	0	0	0	0	0	0	0	0	0	0	0	0	0	0	0	0	0	0	0	0	0	0	65d	65d	65d	65d	65d	65d	65d	65d	65d	65d	65d	65d	65d	65d	65d	65d	65d	65d	65d	65d	65d	65d	65d	65d	65d	65d	65d	65d	65d	65d	65d	65d	65d	65d	65d	65d	65d	65d	9	9	9	9	9	9	9	9	9	9	9	9	9	9	9	9	9	65d	65d	65d	7df	65d	65d	65d	65d	65d	65d	65d	65d	65d	65d	65d	65d	65d	65d	65d	65d	65d	65d	65d	65d	65d	65d	65d	65d	65d	65d	65d	65d	65d	65d	65d	65d	65d	65d	65d	65d	65d	0	0	0	0	0	0	0	0	0	0	0	0	0	0	0	0	0	0	0	0	0	0	0	0	0	0	0	0	0	0	0	0	65d	65d	65d	65d	65d	65d	65d	65d	65d	65d	65d	65d	65d	65d	65d	65d	65d	65d	65d	65d	65d	65d	65d	65d	65d	65d	65d	65d	65d	65d	65d	65d	65d	65d	65d	65d	65d	65d	9	9	9	9	9	9	9	9	9	9	9	9	9	9	9	9	9	65d	65d	65d	7df	65d	65d	65d	65d	65d	65d	65d	65d	65d	65d	65d	65d	65d	65d	65d	65d	65d	65d	65d	65d	65d	65d	65d	65d	65d	65d	65d	65d	65d	65d	65d	65d	65d	65d	65d	65d	65d
0	0	0	0	0	0	0	0	0	0	0	0	0	0	0	0	0	0	0	0	0	0	0	0	0	0	0	0	0	0	0	0	9	9	9	9	9	9	9	9	9	9	9	9	9	9	9	9	9	9	9	9	9	9	9	9	9	9	9	9	9	9	9	9	9	9	9	9	9	9	0	0	0	0	0	0	0	0	0	0	0	0	0	0	0	0	0	6	a7f	7df	9	9	9	9	9	9	9	9	9	9	9	9	9	9	9	9	9	9	9	9	9	9	9	9	9	9	9	9	9	9	9	9	9	9	9	9	9	9	0	0	0	0	0	0	0	0	0	0	0	0	0	0	0	0	0	0	0	0	0	0	0	0	0	0	0	0	0	0	0	0	9	9	9	9	9	9	9	9	9	9	9	9	9	9	9	9	9	9	9	9	9	9	9	9	9	9	9	9	9	9	9	9	9	9	9	9	9	9	0	0	0	0	0	0	0	0	0	0	0	0	0	0	0	0	0	6	a7f	7df	9	9	9	9	9	9	9	9	9	9	9	9	9	9	9	9	9	9	9	9	9	9	9	9	9	9	9	9	9	9	9	9	9	9	9	9	9	9	0	0	0	0	0	0	0	0	0	0	0	0	0	0	0	0	0	0	0	0	0	0	0	0	0	0	0	0	0	0	0	0	65d	65d	65d	65d	65d	65d	65d	65d	65d	65d	65d	65d	65d	65d	65d	65d	65d	65d	65d	65d	65d	65d	65d	65d	65d	65d	65d	65d	65d	65d	65d	65d	65d	65d	65d	65d	65d	65d	9	9	9	9	9	9	9	9	9	9	9	9	9	9	9	9	9	65d	65d	65d	9	65d	65d	65d	65d	65d	65d	65d	65d	65d	65d	65d	65d	65d	65d	65d	65d	65d	65d	65d	65d	65d	65d	65d	65d	65d	65d	65d	65d	65d	65d	65d	65d	65d	65d	65d	65d	65d	0	0	0	0	0	0	0	0	0	0	0	0	0	0	0	0	0	0	0	0	0	0	0	0	0	0	0	0	0	0	0	0	65d	65d	65d	65d	65d	65d	65d	65d	65d	65d	65d	65d	65d	65d	65d	65d	65d	65d	65d	65d	65d	65d	65d	65d	65d	65d	65d	65d	65d	65d	65d	65d	65d	65d	65d	65d	65d	65d	9	9	9	9	9	9	9	9	9	9	9	9	9	9	9	9	9	65d	65d	65d	9	65d	65d	65d	65d	65d	65d	65d	65d	65d	65d	65d	65d	65d	65d	65d	65d	65d	65d	65d	65d	65d	65d	65d	65d	65d	65d	65d	65d	65d	65d	65d	65d	65d	65d	65d	65d	65d
0	0	0	0	0	0	0	0	0	0	0	0	0	0	0	0	0	0	0	0	0	0	0	0	0	0	0	0	0	0	0	0	9	9	9	9	9	9	9	9	9	9	9	9	9	9	9	9	9	9	9	9	9	9	9	9	9	9	9	9	9	9	9	9	9	9	9	9	9	9	0	0	0	0	0	0	0	0	0	0	0	0	0	0	0	0	0	9	9	9	9	9	9	9	9	9	9	9	9	9	9	9	9	9	9	9	9	9	9	9	9	9	9	9	9	9	9	9	9	9	9	9	9	9	9	9	9	9	0	0	0	0	0	0	0	0	0	0	0	0	0	0	0	0	0	0	0	0	0	0	0	0	0	0	0	0	0	0	0	0	9	9	9	9	9	9	9	9	9	9	9	9	9	9	9	9	9	9	9	9	9	9	9	9	9	9	9	9	9	9	9	9	9	9	9	9	9	9	0	0	0	0	0	0	0	0	0	0	0	0	0	0	0	0	0	9	9	9	9	9	9	9	9	9	9	9	9	9	9	9	9	9	9	9	9	9	9	9	9	9	9	9	9	9	9	9	9	9	9	9	9	9	9	9	9	9	0	0	0	0	0	0	0	0	0	0	0	0	0	0	0	0	0	0	0	0	0	0	0	0	0	0	0	0	0	0	0	0	65d	65d	65d	65d	65d	65d	65d	65d	65d	65d	65d	65d	65d	65d	65d	65d	65d	65d	65d	65d	65d	65d	65d	65d	65d	65d	65d	65d	65d	65d	65d	65d	65d	65d	65d	65d	65d	65d	9	9	9	9	9	9	9	9	9	9	9	9	9	9	9	9	9	65d	65d	65d	9	65d	65d	65d	65d	65d	65d	65d	65d	65d	65d	65d	65d	65d	65d	65d	65d	65d	65d	65d	65d	65d	65d	65d	65d	65d	65d	65d	65d	65d	65d	65d	65d	65d	65d	65d	65d	65d	0	0	0	0	0	0	0	0	0	0	0	0	0	0	0	0	0	0	0	0	0	0	0	0	0	0	0	0	0	0	0	0	65d	65d	65d	65d	65d	65d	65d	65d	65d	65d	65d	65d	65d	65d	65d	65d	65d	65d	65d	65d	65d	65d	65d	65d	65d	65d	65d	65d	65d	65d	65d	65d	65d	65d	65d	65d	65d	65d	9	9	9	9	9	9	9	9	9	9	9	9	9	9	9	9	9	65d	65d	65d	9	65d	65d	65d	65d	65d	65d	65d	65d	65d	65d	65d	65d	65d	65d	65d	65d	65d	65d	65d	65d	65d	65d	65d	65d	65d	65d	65d	65d	65d	65d	65d	65d	65d	65d	65d	65d	65d
0	0	0	0	0	0	0	0	0	0	0	0	0	0	0	0	0	0	0	0	0	0	0	0	0	0	0	0	0	0	0	0	7df	65d	65d	65d	65d	65d	65d	65d	65d	65d	65d	65d	65d	65d	65d	65d	65d	65d	65d	65d	65d	65d	65d	65d	65d	65d	65d	65d	65d	65d	65d	65d	65d	65d	65d	65d	65d	65d	9	9	9	9	9	9	9	9	9	9	9	9	9	9	9	9	9	65d	65d	65d	9	65d	65d	65d	65d	65d	65d	65d	65d	65d	65d	65d	65d	65d	65d	65d	65d	65d	65d	65d	65d	65d	65d	65d	65d	65d	65d	65d	65d	65d	65d	65d	65d	65d	65d	65d	65d	65d	0	0	0	0	0	0	0	0	0	0	0	0	0	0	0	0	0	0	0	0	0	0	0	0	0	0	0	0	0	0	0	0	7df	65d	65d	65d	65d	65d	65d	65d	65d	65d	65d	65d	65d	65d	65d	65d	65d	65d	65d	65d	65d	65d	65d	65d	65d	65d	65d	65d	65d	65d	65d	65d	65d	65d	65d	65d	65d	65d	9	9	9	9	9	9	9	9	9	9	9	9	9	9	9	9	9	65d	65d	65d	9	65d	65d	65d	65d	65d	65d	65d	65d	65d	65d	65d	65d	65d	65d	65d	65d	65d	65d	65d	65d	65d	65d	65d	65d	65d	65d	65d	65d	65d	65d	65d	65d	65d	65d	65d	65d	65d	0	0	0	0	0	0	0	0	0	0	0	0	0	0	9	9	9	9	9	9	9	9	9	9	9	9	9	9	9	9	9	9	9	9	9	9	9	9	9	9	9	9	9	9	9	9	9	9	9	9	9	9	9a	9a	9a	9a	9a	9a	9a	9a	9a	c00	9	9	9	9	9	9	9	9	9	9	9	9	9	9	9	9	9	9	9	9	9	9	9	9	9	9	9	9	9	9	0	806	9	9	9	9	9	9	9	9	9	9	9	9	9	9	9	9	9	9	9	9	9	9	9	9	9	9	9	9	9	9	9	9	9	9	0	0	0	0	0	0	0	0	0	0	0	0	0	0	9	9	9	9	9	9	9	9	9	9	9	9	9	9	9	9	9	9	9	9	9	9	9	9	9	9	9	9	9	9	9	9	9	9	9	9	9	9	9a	9a	9a	9a	9a	9a	9a	9a	9a	c00	9	9	9	9	9	9	9	9	9	9	9	9	9	9	9	9	9	9	9	9	9	9	9	9	9	9	9	9	9	9	0	806	9	9	9	9	9	9	9	9	9	9	9	9	9	9	9	9	9	9	9	9	9	9	9	9	9	9	9	9	9	9	9	9	9	9
0	0	0	0	0	0	0	0	0	0	0	0	0	0	0	0	0	0	0	0	0	0	0	0	0	0	0	0	0	0	0	0	9	65d	65d	65d	65d	65d	65d	65d	65d	65d	65d	65d	65d	65d	65d	65d	65d	65d	65d	65d	65d	65d	65d	65d	65d	65d	65d	65d	65d	65d	65d	65d	65d	65d	65d	65d	65d	65d	9	9	9	9	9	9	9	9	9	9	9	9	9	9	9	9	9	7df	65d	65d	9	65d	65d	65d	65d	65d	65d	65d	65d	65d	65d	65d	65d	65d	65d	65d	65d	65d	65d	65d	65d	65d	65d	65d	65d	65d	65d	65d	65d	65d	65d	65d	65d	65d	65d	65d	65d	65d	0	0	0	0	0	0	0	0	0	0	0	0	0	0	0	0	0	0	0	0	0	0	0	0	0	0	0	0	0	0	0	0	9	65d	65d	65d	65d	65d	65d	65d	65d	65d	65d	65d	65d	65d	65d	65d	65d	65d	65d	65d	65d	65d	65d	65d	65d	65d	65d	65d	65d	65d	65d	65d	65d	65d	65d	65d	65d	65d	9	9	9	9	9	9	9	9	9	9	9	9	9	9	9	9	9	7df	65d	65d	9	65d	65d	65d	65d	65d	65d	65d	65d	65d	65d	65d	65d	65d	65d	65d	65d	65d	65d	65d	65d	65d	65d	65d	65d	65d	65d	65d	65d	65d	65d	65d	65d	65d	65d	65d	65d	65d	0	0	0	0	0	0	0	0	0	0	0	0	0	0	9	9	9	9	9	9	9	9	9	9	9	9	9	9	9	9	9	9	9	9	9	9	9	9	9	9	9	9	9	9	9	9	9	9	9	9	9	9	9a	9a	9a	9a	9a	9a	9a	9a	9a	c00	9	9	9	9	9	9	9	9	9	9	9	9	9	9	9	9	9	9	9	9	9	9	9	9	9	9	9	9	9	9	0	806	9	9	9	9	9	9	9	9	9	9	9	9	9	9	9	9	9	9	9	9	9	9	9	9	9	9	9	9	9	9	9	9	9	9	0	0	0	0	0	0	0	0	0	0	0	0	0	0	9	9	9	9	9	9	9	9	9	9	9	9	9	9	9	9	9	9	9	9	9	9	9	9	9	9	9	9	9	9	9	9	9	9	9	9	9	9	9a	9a	9a	9a	9a	9a	9a	9a	9a	c00	9	9	9	9	9	9	9	9	9	9	9	9	9	9	9	9	9	9	9	9	9	9	9	9	9	9	9	9	9	9	0	806	9	9	9	9	9	9	9	9	9	9	9	9	9	9	9	9	9	9	9	9	9	9	9	9	9	9	9	9	9	9	9	9	9	9
0	0	0	0	0	0	0	0	0	0	0	0	0	0	0	0	0	0	0	0	0	0	0	0	0	0	0	0	0	0	0	0	9	65d	65d	65d	65d	65d	65d	65d	65d	65d	65d	65d	65d	65d	65d	65d	65d	65d	65d	65d	65d	65d	65d	65d	65d	65d	65d	65d	65d	65d	65d	65d	65d	65d	65d	65d	65d	65d	9	9	9	9	9	9	9	9	9	9	9	9	9	9	9	9	9	9	65d	65d	9	65d	65d	65d	65d	65d	65d	65d	65d	65d	65d	65d	65d	65d	65d	65d	65d	65d	65d	65d	65d	65d	65d	65d	65d	65d	65d	65d	65d	65d	65d	65d	65d	65d	65d	65d	65d	65d	0	0	0	0	0	0	0	0	0	0	0	0	0	0	0	0	0	0	0	0	0	0	0	0	0	0	0	0	0	0	0	0	9	65d	65d	65d	65d	65d	65d	65d	65d	65d	65d	65d	65d	65d	65d	65d	65d	65d	65d	65d	65d	65d	65d	65d	65d	65d	65d	65d	65d	65d	65d	65d	65d	65d	65d	65d	65d	65d	9	9	9	9	9	9	9	9	9	9	9	9	9	9	9	9	9	9	65d	65d	9	65d	65d	65d	65d	65d	65d	65d	65d	65d	65d	65d	65d	65d	65d	65d	65d	65d	65d	65d	65d	65d	65d	65d	65d	65d	65d	65d	65d	65d	65d	65d	65d	65d	65d	65d	65d	65d	0	0	0	0	0	0	0	0	0	0	0	0	0	0	9	9	9	9	9	9	9	9	9	9	9	9	9	9	9	9	9	9	9	9	9	9	9	9	9	9	9	9	9	9	9	9	9	9	9	9	9	9	9a	9a	9a	9a	9a	9a	9a	9a	9a	c00	9	9	9	9	9	9	9	9	9	9	9	9	9	9	9	9	9	9	9	9	9	9	9	9	9	9	9	9	9	9	0	941	970	970	970	970	970	970	970	970	970	970	970	970	970	970	970	970	970	970	970	970	970	970	970	970	970	970	970	970	970	970	970	970	970	970	0	0	0	0	0	0	0	0	0	0	0	0	0	0	9	9	9	9	9	9	9	9	9	9	9	9	9	9	9	9	9	9	9	9	9	9	9	9	9	9	9	9	9	9	9	9	9	9	9	9	9	9	9a	9a	9a	9a	9a	9a	9a	9a	9a	c00	9	9	9	9	9	9	9	9	9	9	9	9	9	9	9	9	9	9	9	9	9	9	9	9	9	9	9	9	9	9	0	941	970	970	970	970	970	970	970	970	970	970	970	970	970	970	970	970	970	970	970	970	970	970	970	970	970	970	970	970	970	970	970	970	970	970
0	0	0	0	0	0	0	0	0	0	0	0	0	0	0	0	0	0	0	0	0	0	0	0	0	0	0	0	0	0	0	0	9	65d	65d	65d	65d	65d	65d	65d	65d	65d	65d	65d	65d	65d	65d	65d	65d	65d	65d	65d	65d	65d	65d	65d	65d	65d	65d	65d	65d	65d	65d	65d	65d	65d	65d	65d	65d	65d	9	9	9	9	9	9	9	9	9	9	9	9	9	9	9	9	9	9	65d	65d	9	65d	65d	65d	65d	65d	65d	65d	65d	65d	65d	65d	65d	65d	65d	65d	65d	65d	65d	65d	65d	65d	65d	65d	65d	65d	65d	65d	65d	65d	65d	65d	65d	65d	65d	65d	65d	65d	0	0	0	0	0	0	0	0	0	0	0	0	0	0	0	0	0	0	0	0	0	0	0	0	0	0	0	0	0	0	0	0	9	65d	65d	65d	65d	65d	65d	65d	65d	65d	65d	65d	65d	65d	65d	65d	65d	65d	65d	65d	65d	65d	65d	65d	65d	65d	65d	65d	65d	65d	65d	65d	65d	65d	65d	65d	65d	65d	9	9	9	9	9	9	9	9	9	9	9	9	9	9	9	9	9	9	65d	65d	9	65d	65d	65d	65d	65d	65d	65d	65d	65d	65d	65d	65d	65d	65d	65d	65d	65d	65d	65d	65d	65d	65d	65d	65d	65d	65d	65d	65d	65d	65d	65d	65d	65d	65d	65d	65d	65d	0	0	0	0	0	0	0	0	0	0	0	0	0	0	970	970	970	970	970	970	970	970	970	970	970	970	970	970	970	970	970	970	970	970	970	970	970	970	970	970	970	970	970	970	970	970	970	970	970	970	970	970	9a	9a	9a	9a	9a	9a	9a	9a	9a	c00	9	9	9	9	9	9	9	9	9	9	9	9	9	9	9	9	9	9	9	9	9	9	9	9	9	9	9	9	9	9	0	96e	65d	65d	65d	65d	65d	65d	65d	65d	65d	65d	65d	65d	65d	65d	65d	65d	65d	65d	65d	65d	65d	65d	65d	65d	65d	65d	65d	65d	65d	65d	65d	65d	65d	65d	0	0	0	0	0	0	0	0	0	0	0	0	0	0	970	970	970	970	970	970	970	970	970	970	970	970	970	970	970	970	970	970	970	970	970	970	970	970	970	970	970	970	970	970	970	970	970	970	970	970	970	970	9a	9a	9a	9a	9a	9a	9a	9a	9a	c00	9	9	9	9	9	9	9	9	9	9	9	9	9	9	9	9	9	9	9	9	9	9	9	9	9	9	9	9	9	9	0	96e	65d	65d	65d	65d	65d	65d	65d	65d	65d	65d	65d	65d	65d	65d	65d	65d	65d	65d	65d	65d	65d	65d	65d	65d	65d	65d	65d	65d	65d	65d	65d	65d	65d	65d
0	0	0	0	0	0	0	0	0	0	0	0	0	0	0	0	0	0	0	0	0	0	0	0	0	0	0	0	0	0	0	0	9	65d	65d	65d	65d	65d	65d	65d	65d	65d	65d	65d	65d	65d	65d	65d	65d	65d	65d	65d	65d	65d	65d	65d	65d	65d	65d	65d	65d	65d	65d	65d	65d	65d	65d	65d	65d	65d	9	9	9	9	9	9	9	9	9	9	9	9	9	9	9	9	9	9	65d	65d	9	65d	65d	65d	65d	65d	65d	65d	65d	65d	65d	65d	65d	65d	65d	65d	65d	65d	65d	65d	65d	65d	65d	65d	65d	65d	65d	65d	65d	65d	65d	65d	65d	65d	65d	65d	65d	65d	0	0	0	0	0	0	0	0	0	0	0	0	0	0	0	0	0	0	0	0	0	0	0	0	0	0	0	0	0	0	0	0	9	65d	65d	65d	65d	65d	65d	65d	65d	65d	65d	65d	65d	65d	65d	65d	65d	65d	65d	65d	65d	65d	65d	65d	65d	65d	65d	65d	65d	65d	65d	65d	65d	65d	65d	65d	65d	65d	9	9	9	9	9	9	9	9	9	9	9	9	9	9	9	9	9	9	65d	65d	9	65d	65d	65d	65d	65d	65d	65d	65d	65d	65d	65d	65d	65d	65d	65d	65d	65d	65d	65d	65d	65d	65d	65d	65d	65d	65d	65d	65d	65d	65d	65d	65d	65d	65d	65d	65d	65d	0	0	0	0	0	0	0	0	0	0	0	0	0	0	65d	65d	65d	65d	65d	65d	65d	65d	65d	65d	65d	65d	65d	65d	65d	65d	65d	65d	65d	65d	65d	65d	65d	65d	65d	65d	65d	65d	65d	65d	65d	65d	65d	65d	65d	65d	65d	65d	0	0	0	0	0	0	0	0	0	941	970	970	970	970	970	970	970	970	970	970	970	970	970	970	970	970	970	970	970	970	970	970	970	970	970	970	970	970	970	970	0	96e	65d	65d	65d	65d	65d	65d	65d	65d	65d	65d	65d	65d	65d	65d	65d	65d	65d	65d	65d	65d	65d	65d	65d	65d	65d	65d	65d	65d	65d	65d	65d	65d	65d	65d	0	0	0	0	0	0	0	0	0	0	0	0	0	0	65d	65d	65d	65d	65d	65d	65d	65d	65d	65d	65d	65d	65d	65d	65d	65d	65d	65d	65d	65d	65d	65d	65d	65d	65d	65d	65d	65d	65d	65d	65d	65d	65d	65d	65d	65d	65d	65d	0	0	0	0	0	0	0	0	0	941	970	970	970	970	970	970	970	970	970	970	970	970	970	970	970	970	970	970	970	970	970	970	970	970	970	970	970	970	970	970	0	96e	65d	65d	65d	65d	65d	65d	65d	65d	65d	65d	65d	65d	65d	65d	65d	65d	65d	65d	65d	65d	65d	65d	65d	65d	65d	65d	65d	65d	65d	65d	65d	65d	65d	65d
0	0	0	0	0	0	0	0	0	0	0	0	0	0	0	0	0	0	0	0	0	0	0	0	0	0	0	0	0	0	0	0	9	65d	65d	65d	65d	65d	65d	65d	65d	65d	65d	65d	65d	65d	65d	65d	65d	65d	65d	65d	65d	65d	65d	65d	65d	65d	65d	65d	65d	65d	65d	65d	65d	65d	65d	65d	65d	65d	9a	9a	9a	9a	9a	9a	9a	9a	9a	9a	9a	9a	9a	9a	9a	9a	9a	9a	9a	9a	9a	9a	9a	65c	65d	65d	65d	65d	65d	65d	65d	65d	65d	65d	65d	65d	65d	65d	65d	65d	65d	65d	65d	65d	65d	65d	65d	65d	65d	65d	65d	65d	65d	65d	65d	65d	65d	65d	0	0	0	0	0	0	0	0	0	0	0	0	0	0	0	0	0	0	0	0	0	0	0	0	0	0	0	0	0	0	0	0	9	65d	65d	65d	65d	65d	65d	65d	65d	65d	65d	65d	65d	65d	65d	65d	65d	65d	65d	65d	65d	65d	65d	65d	65d	65d	65d	65d	65d	65d	65d	65d	65d	65d	65d	65d	65d	65d	9a	9a	9a	9a	9a	9a	9a	9a	9a	9a	9a	9a	9a	9a	9a	9a	9a	9a	9a	9a	9a	9a	9a	65c	65d	65d	65d	65d	65d	65d	65d	65d	65d	65d	65d	65d	65d	65d	65d	65d	65d	65d	65d	65d	65d	65d	65d	65d	65d	65d	65d	65d	65d	65d	65d	65d	65d	65d	0	0	0	0	0	0	0	0	0	0	0	0	0	0	65d	65d	65d	65d	65d	65d	65d	65d	65d	65d	65d	65d	65d	65d	65d	65d	65d	65d	65d	65d	65d	65d	65d	65d	65d	65d	65d	65d	65d	65d	65d	65d	65d	65d	65d	65d	65d	65d	0	0	0	0	0	0	0	0	0	96e	65d	65d	65d	65d	65d	65d	65d	65d	65d	65d	65d	65d	65d	65d	65d	65d	65d	65d	65d	65d	65d	65d	65d	65d	65d	65d	65d	65d	65d	65d	0	20	9a	9a	9a	9a	65c	65d	65d	65d	65d	65d	65d	65d	65d	65d	65d	65d	65d	65d	65d	65d	65d	65d	65d	65d	65d	65d	65d	65d	65d	65d	65d	65d	65d	65d	0	0	0	0	0	0	0	0	0	0	0	0	0	0	65d	65d	65d	65d	65d	65d	65d	65d	65d	65d	65d	65d	65d	65d	65d	65d	65d	65d	65d	65d	65d	65d	65d	65d	65d	65d	65d	65d	65d	65d	65d	65d	65d	65d	65d	65d	65d	65d	0	0	0	0	0	0	0	0	0	96e	65d	65d	65d	65d	65d	65d	65d	65d	65d	65d	65d	65d	65d	65d	65d	65d	65d	65d	65d	65d	65d	65d	65d	65d	65d	65d	65d	65d	65d	65d	0	20	9a	9a	9a	9a	65c	65d	65d	65d	65d	65d	65d	65d	65d	65d	65d	65d	65d	65d	65d	65d	65d	65d	65d	65d	65d	65d	65d	65d	65d	65d	65d	65d	65d	65d
0	0	0	0	0	0	0	0	0	0	0	0	0	0	0	0	0	0	0	0	0	0	0	0	0	0	0	0	0	0	0	0	9	65d	65d	65d	65d	65d	65d	65d	65d	65d	65d	65d	65d	65d	65d	65d	65d	65d	65d	65d	65d	65d	65d	65d	65d	65d	65d	65d	65d	65d	65d	65d	65d	65d	65d	65d	65d	65d	9a	9a	9a	9a	9a	9a	9a	9a	9a	9a	9a	9a	9a	9a	9a	9a	9a	9a	9a	9a	9a	9a	9a	65c	65d	65d	65d	65d	65d	65d	65d	65d	65d	65d	65d	65d	65d	65d	65d	65d	65d	65d	65d	65d	65d	65d	65d	65d	65d	65d	65d	65d	65d	65d	65d	65d	65d	65d	0	0	0	0	0	0	0	0	0	0	0	0	0	0	0	0	0	0	0	0	0	0	0	0	0	0	0	0	0	0	0	0	9	65d	65d	65d	65d	65d	65d	65d	65d	65d	65d	65d	65d	65d	65d	65d	65d	65d	65d	65d	65d	65d	65d	65d	65d	65d	65d	65d	65d	65d	65d	65d	65d	65d	65d	65d	65d	65d	9a	9a	9a	9a	9a	9a	9a	9a	9a	9a	9a	9a	9a	9a	9a	9a	9a	9a	9a	9a	9a	9a	9a	65c	65d	65d	65d	65d	65d	65d	65d	65d	65d	65d	65d	65d	65d	65d	65d	65d	65d	65d	65d	65d	65d	65d	65d	65d	65d	65d	65d	65d	65d	65d	65d	65d	65d	65d	0	0	0	0	0	0	0	0	0	0	0	0	0	0	65d	65d	65d	65d	65d	65d	65d	65d	65d	65d	65d	65d	65d	65d	65d	65d	65d	65d	65d	65d	65d	65d	65d	65d	65d	65d	65d	65d	65d	65d	65d	65d	65d	65d	65d	65d	65d	65d	0	0	0	0	0	0	0	0	0	96e	65d	65d	65d	65d	65d	65d	65d	65d	65d	65d	65d	65d	65d	65d	65d	65d	65d	65d	65d	65d	65d	65d	65d	65d	65d	65d	65d	65d	65d	65d	0	20	9a	9a	9a	9a	65c	65d	65d	65d	65d	65d	65d	65d	65d	65d	65d	65d	65d	65d	65d	65d	65d	65d	65d	65d	65d	65d	65d	65d	65d	65d	65d	65d	65d	65d	0	0	0	0	0	0	0	0	0	0	0	0	0	0	65d	65d	65d	65d	65d	65d	65d	65d	65d	65d	65d	65d	65d	65d	65d	65d	65d	65d	65d	65d	65d	65d	65d	65d	65d	65d	65d	65d	65d	65d	65d	65d	65d	65d	65d	65d	65d	65d	0	0	0	0	0	0	0	0	0	96e	65d	65d	65d	65d	65d	65d	65d	65d	65d	65d	65d	65d	65d	65d	65d	65d	65d	65d	65d	65d	65d	65d	65d	65d	65d	65d	65d	65d	65d	65d	0	20	9a	9a	9a	9a	65c	65d	65d	65d	65d	65d	65d	65d	65d	65d	65d	65d	65d	65d	65d	65d	65d	65d	65d	65d	65d	65d	65d	65d	65d	65d	65d	65d	65d	65d
0	0	0	0	0	0	0	0	0	0	0	0	0	0	0	0	0	0	0	0	0	0	0	0	0	0	0	0	0	0	0	0	9	65d	65d	65d	65d	65d	65d	65d	65d	65d	65d	65d	65d	65d	65d	65d	65d	65d	65d	65d	65d	65d	65d	65d	65d	65d	65d	65d	65d	65d	65d	65d	65d	65d	65d	65d	65d	65d	9a	9a	9a	9a	9a	9a	9a	9a	9a	9a	9a	9a	9a	9a	9a	9a	9a	9a	9a	9a	9a	9a	9a	65c	65d	65d	65d	65d	65d	65d	65d	65d	65d	65d	65d	65d	65d	65d	65d	65d	65d	65d	65d	65d	65d	65d	65d	65d	65d	65d	65d	65d	65d	65d	65d	65d	65d	65d	0	0	0	0	0	0	0	0	0	0	0	0	0	0	0	0	0	0	0	0	0	0	0	0	0	0	0	0	0	0	0	0	9	65d	65d	65d	65d	65d	65d	65d	65d	65d	65d	65d	65d	65d	65d	65d	65d	65d	65d	65d	65d	65d	65d	65d	65d	65d	65d	65d	65d	65d	65d	65d	65d	65d	65d	65d	65d	65d	9a	9a	9a	9a	9a	9a	9a	9a	9a	9a	9a	9a	9a	9a	9a	9a	9a	9a	9a	9a	9a	9a	9a	65c	65d	65d	65d	65d	65d	65d	65d	65d	65d	65d	65d	65d	65d	65d	65d	65d	65d	65d	65d	65d	65d	65d	65d	65d	65d	65d	65d	65d	65d	65d	65d	65d	65d	65d	0	0	0	0	0	0	0	0	0	0	0	0	0	0	0	0	0	0	0	0	0	0	0	0	0	0	0	0	0	0	0	0	0	0	0	0	0	0	65d	65d	65d	65d	65d	65d	65d	65d	65d	65d	65d	65d	65d	65d	0	0	0	0	0	0	0	0	0	96e	65d	65d	65d	65d	65d	65d	65d	65d	65d	65d	65d	65d	65d	65d	65d	65d	65d	65d	65d	65d	65d	65d	65d	65d	65d	65d	65d	65d	65d	65d	0	20	9a	9a	9a	9a	65c	65d	65d	65d	65d	65d	65d	65d	65d	65d	65d	65d	65d	65d	65d	65d	65d	65d	65d	65d	65d	65d	65d	65d	65d	65d	65d	65d	65d	65d	0	0	0	0	0	0	0	0	0	0	0	0	0	0	0	0	0	0	0	0	0	0	0	0	0	0	0	0	0	0	0	0	0	0	0	0	0	0	65d	65d	65d	65d	65d	65d	65d	65d	65d	65d	65d	65d	65d	65d	0	0	0	0	0	0	0	0	0	96e	65d	65d	65d	65d	65d	65d	65d	65d	65d	65d	65d	65d	65d	65d	65d	65d	65d	65d	65d	65d	65d	65d	65d	65d	65d	65d	65d	65d	65d	65d	0	20	9a	9a	9a	9a	65c	65d	65d	65d	65d	65d	65d	65d	65d	65d	65d	65d	65d	65d	65d	65d	65d	65d	65d	65d	65d	65d	65d	65d	65d	65d	65d	65d	65d	65d
0	0	0	0	0	0	0	0	0	0	0	0	0	0	0	0	0	0	0	0	0	0	0	0	0	0	0	0	0	0	0	0	9	65d	65d	65d	65d	65d	65d	65d	65d	65d	65d	65d	65d	65d	65d	65d	65d	65d	65d	65d	65d	65d	65d	65d	65d	65d	65d	65d	65d	65d	65d	65d	65d	65d	65d	65d	65d	65d	9a	9a	9a	9a	9a	9a	9a	9a	9a	9a	9a	9a	9a	9a	9a	9a	9a	9a	9a	9a	9a	9a	9a	bf9	7df	7df	7df	7df	7df	7df	7df	7df	7df	7df	7df	7df	7df	7df	7df	7df	7df	7df	7df	7df	7df	7df	7df	7df	7df	7df	7df	7df	7df	7df	7df	7df	7df	7df	0	0	0	0	0	0	0	0	0	0	0	0	0	0	0	0	0	0	0	0	0	0	0	0	0	0	0	0	0	0	0	0	9	65d	65d	65d	65d	65d	65d	65d	65d	65d	65d	65d	65d	65d	65d	65d	65d	65d	65d	65d	65d	65d	65d	65d	65d	65d	65d	65d	65d	65d	65d	65d	65d	65d	65d	65d	65d	65d	9a	9a	9a	9a	9a	9a	9a	9a	9a	9a	9a	9a	9a	9a	9a	9a	9a	9a	9a	9a	9a	9a	9a	bf9	7df	7df	7df	7df	7df	7df	7df	7df	7df	7df	7df	7df	7df	7df	7df	7df	7df	7df	7df	7df	7df	7df	7df	7df	7df	7df	7df	7df	7df	7df	7df	7df	7df	7df	0	0	0	0	0	0	0	0	0	0	0	0	0	0	0	0	0	0	0	0	0	0	0	0	0	0	0	0	0	0	0	0	0	0	0	0	0	0	65d	65d	65d	65d	65d	65d	65d	65d	65d	65d	65d	65d	65d	65d	0	0	0	0	0	0	0	0	0	96e	65d	65d	65d	65d	65d	65d	65d	65d	65d	65d	65d	65d	65d	65d	65d	65d	65d	65d	65d	65d	65d	65d	65d	65d	65d	65d	65d	65d	65d	65d	0	20	9a	9a	9a	9a	65c	65d	65d	65d	65d	65d	65d	65d	65d	65d	65d	65d	65d	65d	65d	65d	65d	65d	65d	65d	65d	65d	65d	65d	65d	65d	65d	65d	65d	65d	0	0	0	0	0	0	0	0	0	0	0	0	0	0	0	0	0	0	0	0	0	0	0	0	0	0	0	0	0	0	0	0	0	0	0	0	0	0	65d	65d	65d	65d	65d	65d	65d	65d	65d	65d	65d	65d	65d	65d	0	0	0	0	0	0	0	0	0	96e	65d	65d	65d	65d	65d	65d	65d	65d	65d	65d	65d	65d	65d	65d	65d	65d	65d	65d	65d	65d	65d	65d	65d	65d	65d	65d	65d	65d	65d	65d	0	20	9a	9a	9a	9a	65c	65d	65d	65d	65d	65d	65d	65d	65d	65d	65d	65d	65d	65d	65d	65d	65d	65d	65d	65d	65d	65d	65d	65d	65d	65d	65d	65d	65d	65d
0	0	0	0	0	0	0	0	0	0	0	0	0	0	6	6	6	6	6	6	6	6	6	6	6	6	6	6	6	6	6	6	9	7df	7df	7df	7df	7df	7df	7df	7df	7df	7df	7df	7df	7df	7df	7df	7df	7df	7df	7df	65d	65d	65d	65d	65d	65d	65d	65d	65d	65d	65d	65d	65d	65d	65d	65d	65d	65d	9a	9a	9a	9a	9a	9a	9a	9a	9a	9a	9a	9a	9a	9a	9a	9a	9a	9a	9a	9a	9a	9a	9a	c00	9	9	9	9	9	9	9	9	9	9	9	9	9	9	9	9	9	9	9	9	9	9	9	9	9	9	9	9	9	9	9	9	9	9	0	0	0	0	0	0	0	0	0	0	0	0	0	0	6	6	6	6	6	6	6	6	6	6	6	6	6	6	6	6	6	6	9	7df	7df	7df	7df	7df	7df	7df	7df	7df	7df	7df	7df	7df	7df	7df	7df	7df	7df	7df	65d	65d	65d	65d	65d	65d	65d	65d	65d	65d	65d	65d	65d	65d	65d	65d	65d	65d	9a	9a	9a	9a	9a	9a	9a	9a	9a	9a	9a	9a	9a	9a	9a	9a	9a	9a	9a	9a	9a	9a	9a	c00	9	9	9	9	9	9	9	9	9	9	9	9	9	9	9	9	9	9	9	9	9	9	9	9	9	9	9	9	9	9	9	9	9	9	0	0	0	0	0	0	0	0	0	0	0	0	0	0	0	0	0	0	0	0	0	0	0	0	0	0	0	0	0	0	0	0	0	0	0	0	0	0	65d	65d	65d	65d	65d	65d	65d	65d	65d	65d	65d	65d	65d	65d	0	0	0	0	0	0	0	0	0	96e	65d	65d	65d	65d	65d	65d	65d	65d	65d	65d	65d	65d	65d	65d	65d	65d	65d	65d	65d	65d	65d	65d	65d	65d	65d	65d	65d	65d	65d	65d	0	20	9a	9a	9a	9a	65c	65d	65d	65d	65d	65d	65d	65d	65d	65d	65d	65d	65d	65d	65d	65d	65d	65d	65d	65d	65d	65d	65d	65d	65d	65d	65d	65d	65d	65d	0	0	0	0	0	0	0	0	0	0	0	0	0	0	0	0	0	0	0	0	0	0	0	0	0	0	0	0	0	0	0	0	0	0	0	0	0	0	65d	65d	65d	65d	65d	65d	65d	65d	65d	65d	65d	65d	65d	65d	0	0	0	0	0	0	0	0	0	96e	65d	65d	65d	65d	65d	65d	65d	65d	65d	65d	65d	65d	65d	65d	65d	65d	65d	65d	65d	65d	65d	65d	65d	65d	65d	65d	65d	65d	65d	65d	0	20	9a	9a	9a	9a	65c	65d	65d	65d	65d	65d	65d	65d	65d	65d	65d	65d	65d	65d	65d	65d	65d	65d	65d	65d	65d	65d	65d	65d	65d	65d	65d	65d	65d	65d
0	0	0	0	0	0	0	0	0	0	0	0	0	0	9	9	9	9	9	9	9	9	9	9	9	9	9	9	9	9	9	9	9	9	9	9	9	9	9	9	9	9	9	9	9	9	9	9	9	9	9	9	9a	9a	9a	9a	9a	9a	9a	9a	9a	65c	65d	65d	65d	65d	65d	65d	65d	65d	7e0	7e0	7e0	7e0	7e0	7e0	7e0	7e0	7e0	7e0	7e0	7e0	7e0	7e0	7e0	7e0	7e0	7e0	7e0	7e0	7e0	7e0	9a	c00	9	9	9	9	9	9	9	9	9	9	9	9	9	9	9	9	9	9	9	9	9	9	9	9	9	9	9	9	9	9	9	9	9	9	0	0	0	0	0	0	0	0	0	0	0	0	0	0	9	9	9	9	9	9	9	9	9	9	9	9	9	9	9	9	9	9	9	9	9	9	9	9	9	9	9	9	9	9	9	9	9	9	9	9	9	9	9a	9a	9a	9a	9a	9a	9a	9a	9a	65c	65d	65d	65d	65d	65d	65d	65d	65d	7e0	7e0	7e0	7e0	7e0	7e0	7e0	7e0	7e0	7e0	7e0	7e0	7e0	7e0	7e0	7e0	7e0	7e0	7e0	7e0	7e0	7e0	9a	c00	9	9	9	9	9	9	9	9	9	9	9	9	9	9	9	9	9	9	9	9	9	9	9	9	9	9	9	9	9	9	9	9	9	9	0	0	0	0	0	0	0	0	0	0	0	0	0	0	0	0	0	0	0	0	0	0	0	0	0	0	0	0	0	0	0	0	0	0	0	0	0	0	65d	65d	65d	65d	65d	65d	65d	65d	65d	65d	65d	65d	65d	65d	0	0	0	0	0	0	0	0	0	96e	65d	65d	65d	65d	65d	65d	65d	65d	65d	65d	65d	65d	65d	65d	65d	65d	65d	65d	65d	65d	65d	65d	65d	65d	65d	65d	65d	65d	65d	65d	0	20	9a	9a	9a	9a	65c	65d	65d	65d	65d	65d	65d	65d	65d	65d	65d	65d	65d	65d	65d	65d	65d	65d	65d	65d	65d	65d	65d	65d	65d	65d	65d	65d	65d	65d	0	0	0	0	0	0	0	0	0	0	0	0	0	0	0	0	0	0	0	0	0	0	0	0	0	0	0	0	0	0	0	0	0	0	0	0	0	0	65d	65d	65d	65d	65d	65d	65d	65d	65d	65d	65d	65d	65d	65d	0	0	0	0	0	0	0	0	0	96e	65d	65d	65d	65d	65d	65d	65d	65d	65d	65d	65d	65d	65d	65d	65d	65d	65d	65d	65d	65d	65d	65d	65d	65d	65d	65d	65d	65d	65d	65d	0	20	9a	9a	9a	9a	65c	65d	65d	65d	65d	65d	65d	65d	65d	65d	65d	65d	65d	65d	65d	65d	65d	65d	65d	65d	65d	65d	65d	65d	65d	65d	65d	65d	65d	65d
0	0	0	0	0	0	0	0	0	0	0	0	0	0	9	9	9	9	9	9	9	9	9	9	9	9	9	9	9	9	9	9	9	9	9	9	9	9	9	9	9	9	9	9	9	9	9	9	9	9	9	9	9a	9a	9a	9a	9a	9a	9a	9a	9a	65c	65d	65d	65d	65d	65d	65d	65d	65d	9	9	9	9	9	9	9	9	9	9	9	9	9	9	9	9	9	9	9	9	9	9	9a	c00	9	9	9	9	9	9	9	9	9	9	9	9	9	9	9	9	9	9	9	9	9	9	9	9	9	9	9	9	9	9	9	9	9	9	0	0	0	0	0	0	0	0	0	0	0	0	0	0	9	9	9	9	9	9	9	9	9	9	9	9	9	9	9	9	9	9	9	9	9	9	9	9	9	9	9	9	9	9	9	9	9	9	9	9	9	9	9a	9a	9a	9a	9a	9a	9a	9a	9a	65c	65d	65d	65d	65d	65d	65d	65d	65d	9	9	9	9	9	9	9	9	9	9	9	9	9	9	9	9	9	9	9	9	9	9	9a	c00	9	9	9	9	9	9	9	9	9	9	9	9	9	9	9	9	9	9	9	9	9	9	9	9	9	9	9	9	9	9	9	9	9	9	0	0	0	0	0	0	0	0	0	0	0	0	0	0	0	0	0	0	0	0	0	0	0	0	0	0	0	0	0	0	0	0	0	0	0	0	0	0	65d	65d	65d	65d	65d	65d	65d	65d	65d	65d	65d	65d	65d	65d	0	0	0	0	0	0	0	0	0	96e	65d	65d	65d	65d	65d	65d	65d	65d	65d	65d	65d	65d	65d	65d	65d	65d	65d	65d	65d	65d	65d	65d	65d	65d	65d	65d	65d	65d	65d	65d	0	20	9a	9a	9a	9a	65c	65d	65d	65d	65d	65d	65d	65d	65d	65d	65d	65d	65d	65d	65d	65d	65d	65d	65d	65d	65d	65d	65d	65d	65d	65d	65d	65d	65d	65d	0	0	0	0	0	0	0	0	0	0	0	0	0	0	0	0	0	0	0	0	0	0	0	0	0	0	0	0	0	0	0	0	0	0	0	0	0	0	65d	65d	65d	65d	65d	65d	65d	65d	65d	65d	65d	65d	65d	65d	0	0	0	0	0	0	0	0	0	96e	65d	65d	65d	65d	65d	65d	65d	65d	65d	65d	65d	65d	65d	65d	65d	65d	65d	65d	65d	65d	65d	65d	65d	65d	65d	65d	65d	65d	65d	65d	0	20	9a	9a	9a	9a	65c	65d	65d	65d	65d	65d	65d	65d	65d	65d	65d	65d	65d	65d	65d	65d	65d	65d	65d	65d	65d	65d	65d	65d	65d	65d	65d	65d	65d	65d
0	0	0	0	0	0	0	0	0	0	0	0	0	0	9	9	9	9	9	9	9	9	9	9	9	9	9	9	9	9	9	9	9	9	9	9	9	9	9	9	9	9	9	9	9	9	9	9	9	9	9	9	9a	9a	9a	9a	9a	9a	9a	9a	9a	65c	65d	65d	65d	65d	65d	65d	65d	65d	9	9	9	9	9	9	9	9	9	9	9	9	9	9	9	9	9	9	9	9	9	9	9a	c00	9	9	9	9	9	9	9	9	9	9	9	9	9	9	9	9	9	9	9	9	9	9	9	9	9	9	9	9	9	9	9	9	9	9	0	0	0	0	0	0	0	0	0	0	0	0	0	0	9	9	9	9	9	9	9	9	9	9	9	9	9	9	9	9	9	9	9	9	9	9	9	9	9	9	9	9	9	9	9	9	9	9	9	9	9	9	9a	9a	9a	9a	9a	9a	9a	9a	9a	65c	65d	65d	65d	65d	65d	65d	65d	65d	9	9	9	9	9	9	9	9	9	9	9	9	9	9	9	9	9	9	9	9	9	9	9a	c00	9	9	9	9	9	9	9	9	9	9	9	9	9	9	9	9	9	9	9	9	9	9	9	9	9	9	9	9	9	9	9	9	9	9	0	0	0	0	0	0	0	0	0	0	0	0	0	0	0	0	0	0	0	0	0	0	0	0	0	0	0	0	0	0	0	0	0	0	0	0	0	0	65d	65d	65d	65d	65d	65d	65d	65d	65d	65d	65d	65d	65d	65d	0	0	0	0	0	0	0	0	0	96e	65d	65d	65d	65d	65d	65d	65d	65d	65d	65d	65d	65d	65d	65d	65d	65d	65d	65d	65d	65d	65d	65d	65d	65d	65d	65d	65d	65d	65d	65d	0	20	9a	9a	9a	9a	65c	65d	65d	65d	65d	65d	65d	65d	65d	65d	65d	65d	65d	65d	65d	65d	65d	65d	65d	65d	65d	65d	65d	65d	65d	65d	65d	65d	65d	65d	0	0	0	0	0	0	0	0	0	0	0	0	0	0	0	0	0	0	0	0	0	0	0	0	0	0	0	0	0	0	0	0	0	0	0	0	0	0	65d	65d	65d	65d	65d	65d	65d	65d	65d	65d	65d	65d	65d	65d	0	0	0	0	0	0	0	0	0	96e	65d	65d	65d	65d	65d	65d	65d	65d	65d	65d	65d	65d	65d	65d	65d	65d	65d	65d	65d	65d	65d	65d	65d	65d	65d	65d	65d	65d	65d	65d	0	20	9a	9a	9a	9a	65c	65d	65d	65d	65d	65d	65d	65d	65d	65d	65d	65d	65d	65d	65d	65d	65d	65d	65d	65d	65d	65d	65d	65d	65d	65d	65d	65d	65d	65d
0	0	0	0	0	0	0	0	0	0	0	0	0	0	9	9	9	9	9	9	9	9	9	9	9	9	9	9	9	9	9	9	9	9	9	9	9	9	9	9	9	9	9	9	9	9	9	9	9	9	9	9	9a	9a	9a	9a	9a	9a	9a	9a	9a	65c	65d	65d	65d	65d	65d	65d	65d	65d	9	9	9	9	9	9	9	9	9	9	9	9	9	9	9	9	9	9	9	9	9	9	9a	c00	9	9	9	9	9	9	9	9	9	9	9	9	9	9	9	9	9	9	9	9	9	9	9	9	9	9	9	9	9	9	9	9	9	9	0	0	0	0	0	0	0	0	0	0	0	0	0	0	9	9	9	9	9	9	9	9	9	9	9	9	9	9	9	9	9	9	9	9	9	9	9	9	9	9	9	9	9	9	9	9	9	9	9	9	9	9	9a	9a	9a	9a	9a	9a	9a	9a	9a	65c	65d	65d	65d	65d	65d	65d	65d	65d	9	9	9	9	9	9	9	9	9	9	9	9	9	9	9	9	9	9	9	9	9	9	9a	c00	9	9	9	9	9	9	9	9	9	9	9	9	9	9	9	9	9	9	9	9	9	9	9	9	9	9	9	9	9	9	9	9	9	9	0	0	0	0	0	0	0	0	0	0	0	0	0	0	0	0	0	0	0	0	0	0	0	0	0	0	0	0	0	0	0	0	0	0	0	0	0	0	65d	65d	65d	65d	65d	65d	65d	65d	65d	65d	65d	65d	65d	65d	0	0	0	0	0	0	0	0	0	96e	65d	65d	65d	65d	65d	65d	65d	65d	65d	65d	65d	65d	65d	65d	65d	65d	65d	65d	65d	65d	65d	65d	65d	65d	65d	65d	65d	65d	65d	65d	0	20	9a	9a	9a	9a	65c	65d	65d	65d	65d	65d	65d	65d	65d	65d	65d	65d	65d	65d	65d	65d	65d	65d	65d	65d	65d	65d	65d	65d	65d	65d	65d	65d	65d	65d	0	0	0	0	0	0	0	0	0	0	0	0	0	0	0	0	0	0	0	0	0	0	0	0	0	0	0	0	0	0	0	0	0	0	0	0	0	0	65d	65d	65d	65d	65d	65d	65d	65d	65d	65d	65d	65d	65d	65d	0	0	0	0	0	0	0	0	0	96e	65d	65d	65d	65d	65d	65d	65d	65d	65d	65d	65d	65d	65d	65d	65d	65d	65d	65d	65d	65d	65d	65d	65d	65d	65d	65d	65d	65d	65d	65d	0	20	9a	9a	9a	9a	65c	65d	65d	65d	65d	65d	65d	65d	65d	65d	65d	65d	65d	65d	65d	65d	65d	65d	65d	65d	65d	65d	65d	65d	65d	65d	65d	65d	65d	65d
0	0	0	0	0	0	0	0	0	0	0	0	0	0	9	9	9	9	9	9	9	9	9	9	9	9	9	9	9	9	9	9	9	9	9	9	9	9	9	9	9	9	9	9	9	9	9	9	9	9	9	9	9a	9a	9a	9a	9a	9a	9a	9a	9a	65c	65d	65d	65d	65d	65d	65d	65d	65d	9	9	9	9	9	9	9	9	9	9	9	9	9	9	9	9	9	9	9	9	9	9	9a	c00	9	9	9	9	9	9	9	9	9	9	9	9	9	9	9	9	9	9	9	9	9	9	9	9	9	9	9	9	9	9	9	9	9	9	0	0	0	0	0	0	0	0	0	0	0	0	0	0	9	9	9	9	9	9	9	9	9	9	9	9	9	9	9	9	9	9	9	9	9	9	9	9	9	9	9	9	9	9	9	9	9	9	9	9	9	9	9a	9a	9a	9a	9a	9a	9a	9a	9a	65c	65d	65d	65d	65d	65d	65d	65d	65d	9	9	9	9	9	9	9	9	9	9	9	9	9	9	9	9	9	9	9	9	9	9	9a	c00	9	9	9	9	9	9	9	9	9	9	9	9	9	9	9	9	9	9	9	9	9	9	9	9	9	9	9	9	9	9	9	9	9	9	0	0	0	0	0	0	0	0	0	0	0	0	0	0	0	0	0	0	0	0	0	0	0	0	0	0	0	0	0	0	0	0	0	0	0	0	0	0	65d	65d	65d	65d	65d	65d	65d	65d	65d	65d	65d	65d	65d	65d	0	0	0	0	0	0	0	0	0	96e	65d	65d	65d	65d	65d	65d	65d	65d	65d	65d	65d	65d	65d	65d	65d	65d	65d	65d	65d	65d	65d	65d	65d	65d	65d	65d	65d	65d	65d	65d	0	20	9a	9a	9a	9a	65c	65d	65d	65d	65d	65d	65d	65d	65d	65d	65d	65d	65d	65d	65d	65d	65d	65d	65d	65d	65d	65d	65d	65d	65d	65d	65d	65d	65d	65d	0	0	0	0	0	0	0	0	0	0	0	0	0	0	0	0	0	0	0	0	0	0	0	0	0	0	0	0	0	0	0	0	0	0	0	0	0	0	65d	65d	65d	65d	65d	65d	65d	65d	65d	65d	65d	65d	65d	65d	0	0	0	0	0	0	0	0	0	96e	65d	65d	65d	65d	65d	65d	65d	65d	65d	65d	65d	65d	65d	65d	65d	65d	65d	65d	65d	65d	65d	65d	65d	65d	65d	65d	65d	65d	65d	65d	0	20	9a	9a	9a	9a	65c	65d	65d	65d	65d	65d	65d	65d	65d	65d	65d	65d	65d	65d	65d	65d	65d	65d	65d	65d	65d	65d	65d	65d	65d	65d	65d	65d	65d	65d
0	0	0	0	0	0	0	0	0	0	0	0	0	0	9	9	9	9	9	9	9	9	9	9	9	9	9	9	9	9	9	9	9	9	9	9	9	9	9	9	9	9	9	9	9	9	9	9	9	9	9	9	9a	9a	9a	9a	9a	9a	9a	9a	9a	bf9	7df	7df	7df	7df	7df	7df	7df	7df	9	9	9	9	9	9	9	9	9	9	9	9	9	9	9	9	9	9	9	9	9	9	0	806	9	9	9	9	9	9	9	9	9	9	9	9	9	9	9	9	9	9	9	9	9	9	9	9	9	9	9	9	9	9	9	9	9	9	0	0	0	0	0	0	0	0	0	0	0	0	0	0	9	9	9	9	9	9	9	9	9	9	9	9	9	9	9	9	9	9	9	9	9	9	9	9	9	9	9	9	9	9	9	9	9	9	9	9	9	9	9a	9a	9a	9a	9a	9a	9a	9a	9a	bf9	7df	7df	7df	7df	7df	7df	7df	7df	9	9	9	9	9	9	9	9	9	9	9	9	9	9	9	9	9	9	9	9	9	9	0	806	9	9	9	9	9	9	9	9	9	9	9	9	9	9	9	9	9	9	9	9	9	9	9	9	9	9	9	9	9	9	9	9	9	9	0	0	0	0	0	0	0	0	0	0	0	0	0	0	0	0	0	0	0	0	0	0	0	0	0	0	0	0	0	0	0	0	0	0	0	0	0	0	65d	65d	65d	65d	65d	65d	65d	65d	65d	65d	65d	65d	65d	65d	0	0	0	0	0	0	0	0	0	96e	65d	65d	65d	65d	65d	65d	65d	65d	65d	65d	65d	65d	65d	65d	65d	65d	65d	65d	65d	65d	65d	65d	65d	65d	65d	65d	65d	65d	65d	65d	0	0	0	0	0	0	96e	65d	65d	65d	65d	65d	65d	65d	65d	65d	65d	65d	65d	65d	65d	65d	65d	65d	65d	65d	65d	65d	65d	65d	65d	65d	65d	65d	65d	65d	0	0	0	0	0	0	0	0	0	0	0	0	0	0	0	0	0	0	0	0	0	0	0	0	0	0	0	0	0	0	0	0	0	0	0	0	0	0	65d	65d	65d	65d	65d	65d	65d	65d	65d	65d	65d	65d	65d	65d	0	0	0	0	0	0	0	0	0	96e	65d	65d	65d	65d	65d	65d	65d	65d	65d	65d	65d	65d	65d	65d	65d	65d	65d	65d	65d	65d	65d	65d	65d	65d	65d	65d	65d	65d	65d	65d	0	0	0	0	0	0	96e	65d	65d	65d	65d	65d	65d	65d	65d	65d	65d	65d	65d	65d	65d	65d	65d	65d	65d	65d	65d	65d	65d	65d	65d	65d	65d	65d	65d	65d
c80	c80	c80	c80	c80	c80	c80	c80	c80	c80	c80	c80	c80	c80	c80	c80	c80	c80	c80	c80	c80	c80	c80	c80	c80	c80	c80	c80	c80	c80	c80	c80	c80	c80	c80	c80	c80	c80	c80	c80	c80	c80	c80	c80	c80	c80	c80	c80	c80	c80	c80	c80	c80	c80	c80	c80	c80	c80	c80	c80	c80	c80	c80	c80	c80	c80	c80	c80	c80	c80	c80	c80	c80	c80	c80	c80	c80	c80	c80	c80	c80	c80	c80	c80	c80	c80	c80	c80	c80	c80	c80	c80	c80	c80	c80	c80	c80	c80	c80	c80	c80	c80	c80	c80	c80	c80	c80	c80	c80	c80	c80	c80	c80	c80	c80	c80	c80	c80	c80	c80	c80	c80	c80	c80	c80	c80	c80	c80	100040d	1000432	100047b	100001b	100060b	100027f	100046a	100001b	1000372	100060c	100060d	100003b	1000039	100020c	100060e	100060f	c80	c80	c80	c80	c80	c80	c80	c80	c80	c80	c80	c80	c80	c80	c80	c80	0	0	0	0	0	0	0	0	0	0	0	0	0	0	0	0	0	0	0	0	0	0	0	0	0	0	0	1	2	3	4	0	0	0	0	0	0	0	0	0	0	0	0	0	0	0	0	0	c80	c80	c80	c80	c80	c80	c80	c80	c80	c80	c80	c80	c80	c80	c80	c80	c80	c80	c80	c80	c80	c80	c80	c80	c80	c80	c80	c80	c80	c80	c80	c80	c80	c80	c80	c80	c80	c80	c80	c80	c80	c80	c80	c80	c80	c80	c80	c80	c80	c80	c80	c80	c80	c80	c80	c80	c80	c80	c80	c80	c80	c80	c80	c80	c80	c80	c80	c80	c80	c80	c80	c80	c80	c80	c80	c80	c80	c80	c80	c80	c80	c80	c80	c80	c80	c80	c80	c80	c80	c80	c80	c80	c80	c80	c80	c80	c80	c80	c80	c80	c80	c80	c80	c80	c80	c80	c80	c80	c80	c80	c80	c80	c80	c80	c80	c80	c80	c80	c80	c80	c80	c80	c80	c80	c80	c80	c80	c80	c80	c80	c80	c80	c80	c80	c80	c80	c80	c80	c80	c80	c80	c80	c80	c80	c80	c80	c80	c80	c80	c80	c80	c80	c80	c80	c80	c80	c80	c80	c80	c80	c80	c80	c80	c80	c80	c80	c80	c80	c80	c80	c80	c80	c80	c80	c80	c80	c80	c80	c80	c80	c80	c80	c80	c80	c80	c80	c80	c80	c80	c80	c80	c80	c80	c80	c80	c80	c80	c80	c80	c80	c80	c80	c80	c80	c80	c80	c80	c80	0	0	0	cb2	146	147	148	8000001b	80000149	9500014a	95000637	9500001b	1500001b	15000132	15000133	1500003b	15000066	150007e1	15000cb3	1500001b	15000c04	15000cb4	150002a9	15000630	1500066e	1500098d	1500001b	15000027	1500001b	1500001b	1500001b	1500001b	150000f2	1500003d	150001f1	150009a7	15000cb5	1500001b	15000027	1500001b	15000028	1500003a	1500003b	39	138	df	e3	bf	c80	c80	c80	c80	c80	c80	c80	c80	c80	c80	c80	c80	c80	c80	c80	c80	c80	c80	c80	c80	c80	c80	c80	c80	c80	c80	c80	c80	c80	c80	c80	c80	c80	c80	c80	c80	c80	c80	c80	c80	c80	c80	c80	c80	c80	c80	c80	c80
c80	c80	c80	c80	c80	c80	c80	c80	c80	c80	c80	c80	c80	c80	c80	c80	c80	c80	c80	c80	c80	c80	c80	c80	c80	c80	c80	c80	c80	c80	c80	c80	c80	c80	c80	c80	c80	c80	c80	c80	c80	c80	c80	c80	c80	c80	c80	c80	c80	c80	c80	c80	c80	c80	c80	c80	c80	c80	c80	c80	c80	c80	c80	c80	c80	c80	c80	c80	c80	c80	c80	c80	c80	c80	c80	c80	c80	c80	c80	c80	c80	c80	c80	c80	c80	c80	c80	c80	c80	c80	c80	c80	c80	c80	c80	c80	c80	c80	c80	c80	c80	c80	c80	c80	c80	c80	c80	c80	c80	c80	c80	c80	c80	c80	c80	c80	c80	c80	c80	c80	c80	c80	c80	c80	c80	c80	c80	c80	1000635	1000636	100001b	10003c8	1000637	100001b	100001b	10004fb	1000638	1000639	100028e	1000323	10000ab	100063a	100063b	100063c	c80	c80	c80	c80	c80	c80	c80	c80	c80	c80	c80	c80	c80	c80	c80	c80	0	0	0	0	0	0	0	0	15000000	15000000	15000000	15000000	15000000	15000000	15000001	15000001	15000000	15000000	15000001	15000001	15000002	15000004	15000000	15000000	15000000	15000000	15000002	15000003	15000003	15000003	15000003	15000005	15000000	15000000	15000000	15000000	15000000	15000000	15000000	15000000	15000000	15000000	15000000	15000000	15000000	15000000	0	0	c80	c80	c80	c80	c80	c80	c80	c80	c80	c80	c80	c80	c80	c80	c80	c80	c80	c80	c80	c80	c80	c80	c80	c80	c80	c80	c80	c80	c80	c80	c80	c80	c80	c80	c80	c80	c80	c80	c80	c80	c80	c80	c80	c80	c80	c80	c80	c80	c80	c80	c80	c80	c80	c80	c80	c80	c80	c80	c80	c80	c80	c80	c80	c80	c80	c80	c80	c80	c80	c80	c80	c80	c80	c80	c80	c80	c80	c80	c80	c80	c80	c80	c80	c80	c80	c80	c80	c80	c80	c80	c80	c80	c80	c80	c80	c80	c80	c80	c80	c80	c80	c80	c80	c80	c80	c80	c80	c80	c80	c80	c80	c80	c80	c80	c80	c80	c80	c80	c80	c80	c80	c80	c80	c80	c80	c80	c80	c80	c80	c80	c80	c80	c80	c80	c80	c80	c80	c80	c80	c80	c80	c80	c80	c80	c80	c80	c80	c80	c80	c80	c80	c80	c80	c80	c80	c80	c80	c80	c80	c80	c80	c80	c80	c80	c80	c80	c80	c80	c80	c80	c80	c80	c80	c80	c80	c80	c80	c80	c80	c80	c80	c80	c80	c80	c80	c80	c80	c80	c80	c80	c80	c80	c80	c80	c80	c80	c80	c80	c80	c80	c80	c80	c80	c80	c80	c80	c80	c80	0	0	0	0	0	c75	c76	80000163	80000164	80000079	95000165	95000166	15000036	15000152	15000153	1500003b	15000039	150002f5	15000246	150006ee	15000054	15000245	15000cb6	15000cb7	15000cb8	150000d0	1500001b	150000e9	1500003b	1500003c	1500003d	1500003d	15000cab	150000cf	15000cb9	15000cba	1500003a	1500003b	1500003c	1500003d	1500003e	15000039	3c	ec	1b	152	f9	179	c80	c80	c80	c80	c80	c80	c80	c80	c80	c80	c80	c80	c80	c80	c80	c80	c80	c80	c80	c80	c80	c80	c80	c80	c80	c80	c80	c80	c80	c80	c80	c80	c80	c80	c80	c80	c80	c80	c80	c80	c80	c80	c80	c80	c80	c80	c80	c80
c80	c80	c80	c80	c80	c80	c80	c80	c80	c80	c80	c80	c80	c80	c80	c80	c80	c80	c80	c80	c80	c80	c80	c80	c80	c80	c80	c80	c80	c80	c80	c80	c80	c80	c80	c80	c80	c80	c80	c80	c80	c80	c80	c80	c80	c80	c80	c80	c80	c80	c80	c80	c80	c80	c80	c80	c80	c80	c80	c80	c80	c80	c80	c80	c80	c80	c80	c80	c80	c80	c80	c80	c80	c80	c80	c80	c80	c80	c80	c80	c80	c80	c80	c80	c80	c80	c80	c80	c80	c80	c80	c80	c80	c80	c80	c80	c80	c80	c80	c80	c80	c80	c80	c80	c80	c80	c80	c80	c80	c80	c80	c80	c80	c80	c80	c80	c80	c80	c80	c80	c80	c80	c80	c80	c80	c80	c80	c80	1000664	1000665	1000666	1000667	100008a	10005f0	1000080	1000668	1000669	100066a	100066b	100036d	100066c	10001f8	100066d	1000630	c80	c80	c80	c80	c80	c80	c80	c80	c80	c80	c80	c80	c80	c80	c80	c80	0	0	0	0	0	0	0	0	15000000	15000001	15000001	15000001	15000001	15000002	15000003	15000003	15000004	15000002	15000003	15000003	15000003	15000003	15000004	15000001	15000001	15000002	15000003	15000007	15000007	15000003	15000008	15000000	15000000	15000000	15000000	15000000	15000000	15000000	15000000	15000000	15000000	15000000	15000000	15000000	15000000	15000000	0	0	c80	c80	c80	c80	c80	c80	c80	c80	c80	c80	c80	c80	c80	c80	c80	c80	c80	c80	c80	c80	c80	c80	c80	c80	c80	c80	c80	c80	c80	c80	c80	c80	c80	c80	c80	c80	c80	c80	c80	c80	c80	c80	c80	c80	c80	c80	c80	c80	c80	c80	c80	c80	c80	c80	c80	c80	c80	c80	c80	c80	c80	c80	c80	c80	c80	c80	c80	c80	c80	c80	c80	c80	c80	c80	c80	c80	c80	c80	c80	c80	c80	c80	c80	c80	c80	c80	c80	c80	c80	c80	c80	c80	c80	c80	c80	c80	c80	c80	c80	c80	c80	c80	c80	c80	c80	c80	c80	c80	c80	c80	c80	c80	c80	c80	c80	c80	c80	c80	c80	c80	c80	c80	c80	c80	c80	c80	c80	c80	c80	c80	c80	c80	c80	c80	c80	c80	c80	c80	c80	c80	c80	c80	c80	c80	c80	c80	c80	c80	c80	c80	c80	c80	c80	c80	c80	c80	c80	c80	c80	c80	c80	c80	c80	c80	c80	c80	c80	c80	c80	c80	c80	c80	c80	c80	c80	c80	c80	c80	c80	c80	c80	c80	c80	c80	c80	c80	c80	c80	c80	c80	c80	c80	c80	c80	c80	c80	c80	c80	c80	c80	c80	c80	c80	c80	c80	c80	c80	c80	0	0	0	0	0	0	0	80000cbb	8000018e	8000018f	95000cbc	95000cbd	1500017c	1500001b	1500001b	1500003c	150000ec	1500001b	15000028	1500039d	150000dd	1500017d	150000ec	1500017e	1500017f	15000180	1500001b	15000066	1500003c	1500003d	150000ec	15000027	150000ed	150000ee	15000cbe	1500048e	15000183	15000184	1500003d	15000137	15000136	ec	1b	27	1b	28	1b	3c	c80	c80	c80	c80	c80	c80	c80	c80	c80	c80	c80	c80	c80	c80	c80	c80	c80	c80	c80	c80	c80	c80	c80	c80	c80	c80	c80	c80	c80	c80	c80	c80	c80	c80	c80	c80	c80	c80	c80	c80	c80	c80	c80	c80	c80	c80	c80	c80
c80	c80	c80	c80	c80	c80	c80	c80	c80	c80	c80	c80	c80	c80	c80	c80	c80	c80	c80	c80	c80	c80	c80	c80	c80	c80	c80	c80	c80	c80	c80	c80	c80	c80	c80	c80	c80	c80	c80	c80	c80	c80	c80	c80	c80	c80	c80	c80	c80	c80	c80	c80	c80	c80	c80	c80	c80	c80	c80	c80	c80	c80	c80	c80	c80	c80	c80	c80	c80	c80	c80	c80	c80	c80	c80	c80	c80	c80	c80	c80	c80	c80	c80	c80	c80	c80	c80	c80	c80	c80	c80	c80	c80	c80	c80	c80	c80	c80	c80	c80	c80	c80	c80	c80	c80	c80	c80	c80	c80	c80	c80	c80	c80	c80	c80	c80	c80	c80	c80	c80	c80	c80	c80	c80	c80	c80	c80	c80	10002df	100069c	100069d	10001f3	100020c	10002bb	100069e	100023d	10003cd	1000443	100069f	1000339	10000e6	10003fe	10003cd	10006a0	c80	c80	c80	c80	c80	c80	c80	c80	c80	c80	c80	c80	c80	c80	c80	c80	0	0	0	0	0	0	0	0	15000000	15000003	15000003	15000003	15000003	1500000b	15000007	15000007	15000003	15000003	15000007	15000007	1500000c	1500000d	15000003	15000003	15000003	15000003	1500000c	1500000e	1500000e	1500000d	15000003	15000005	15000000	15000000	15000000	15000000	15000000	15000000	15000000	15000000	15000000	15000000	15000000	15000000	15000000	15000000	0	0	c80	c80	c80	c80	c80	c80	c80	c80	c80	c80	c80	c80	c80	c80	c80	c80	c80	c80	c80	c80	c80	c80	c80	c80	c80	c80	c80	c80	c80	c80	c80	c80	c80	c80	c80	c80	c80	c80	c80	c80	c80	c80	c80	c80	c80	c80	c80	c80	c80	c80	c80	c80	c80	c80	c80	c80	c80	c80	c80	c80	c80	c80	c80	c80	c80	c80	c80	c80	c80	c80	c80	c80	c80	c80	c80	c80	c80	c80	c80	c80	c80	c80	c80	c80	c80	c80	c80	c80	c80	c80	c80	c80	c80	c80	c80	c80	c80	c80	c80	c80	c80	c80	c80	c80	c80	c80	c80	c80	c80	c80	c80	c80	c80	c80	c80	c80	c80	c80	c80	c80	c80	c80	c80	c80	c80	c80	c80	c80	c80	c80	c80	c80	c80	c80	c80	c80	c80	c80	c80	c80	c80	c80	c80	c80	c80	c80	c80	c80	c80	c80	c80	c80	c80	c80	c80	c80	c80	c80	c80	c80	c80	c80	c80	c80	c80	c80	c80	c80	c80	c80	c80	c80	c80	c80	c80	c80	c80	c80	c80	c80	c80	c80	c80	c80	c80	c80	c80	c80	c80	c80	c80	c80	c80	c80	c80	c80	c80	c80	c80	c80	c80	c80	c80	c80	c80	c80	c80	c80	0	0	0	0	0	0	0	0	0	0	0	0	1500012a	1500012b	150001a2	1500003b	1500003c	1500003d	1500003e	15000039	1500003c	15000066	1500001b	150001a3	150001a4	150001a5	150000d7	15000028	150001a6	150001a7	1b	3a	3b	39	1b	17e	17f	180	1b	17d	ec	3a	3b	3c	3d	3e	39	1b	c80	c80	c80	c80	c80	c80	c80	c80	c80	c80	c80	c80	c80	c80	c80	c80	c80	c80	c80	c80	c80	c80	c80	c80	c80	c80	c80	c80	c80	c80	c80	c80	c80	c80	c80	c80	c80	c80	c80	c80	c80	c80	c80	c80	c80	c80	c80	c80
c80	c80	c80	c80	c80	c80	c80	c80	c80	c80	c80	c80	c80	c80	c80	c80	c80	c80	c80	c80	c80	c80	c80	c80	c80	c80	c80	c80	c80	c80	c80	c80	c80	c80	c80	c80	c80	c80	c80	c80	c80	c80	c80	c80	c80	c80	c80	c80	c80	c80	c80	c80	c80	c80	c80	c80	c80	c80	c80	c80	c80	c80	c80	c80	c80	c80	c80	c80	c80	c80	c80	c80	c80	c80	c80	c80	c80	c80	c80	c80	c80	c80	c80	c80	c80	c80	c80	c80	c80	c80	c80	c80	c80	c80	c80	c80	c80	c80	c80	c80	c80	c80	c80	c80	c80	c80	c80	c80	c80	c80	c80	c80	c80	c80	c80	c80	c80	c80	c80	c80	c80	c80	c80	c80	c80	c80	c80	c80	10002b8	10006c3	10002ba	10002ba	10006c4	10006c5	1000250	10000c1	10006c6	100021e	10006c7	1000386	10006c8	10006c9	100061f	10002ba	c80	c80	c80	c80	c80	c80	c80	c80	c80	c80	c80	c80	c80	c80	c80	c80	0	0	0	0	0	0	0	0	15000000	1500000d	15000007	15000007	1500000c	1500000e	1500000e	1500000e	1500000d	1500000c	1500000e	15000011	1500000e	1500000e	1500000d	15000007	15000007	1500000c	1500000e	15000012	15000013	1500000e	15000014	15000004	15000000	15000000	15000000	15000000	15000000	15000000	15000000	15000000	15000001	15000000	15000000	15000000	15000000	15000000	0	0	c80	c80	c80	c80	c80	c80	c80	c80	c80	c80	c80	c80	c80	c80	c80	c80	c80	c80	c80	c80	c80	c80	c80	c80	c80	c80	c80	c80	c80	c80	c80	c80	c80	c80	c80	c80	c80	c80	c80	c80	c80	c80	c80	c80	c80	c80	c80	c80	c80	c80	c80	c80	c80	c80	c80	c80	c80	c80	c80	c80	c80	c80	c80	c80	c80	c80	c80	c80	c80	c80	c80	c80	c80	c80	c80	c80	c80	c80	c80	c80	c80	c80	c80	c80	c80	c80	c80	c80	c80	c80	c80	c80	c80	c80	c80	c80	c80	c80	c80	c80	c80	c80	c80	c80	c80	c80	c80	c80	c80	c80	c80	c80	c80	c80	c80	c80	c80	c80	c80	c80	c80	c80	c80	c80	c80	c80	c80	c80	c80	c80	c80	c80	c80	c80	c80	c80	c80	c80	c80	c80	c80	c80	c80	c80	c80	c80	c80	c80	c80	c80	c80	c80	c80	c80	c80	c80	c80	c80	c80	c80	c80	c80	c80	c80	c80	c80	c80	c80	c80	c80	c80	c80	c80	c80	c80	c80	c80	c80	c80	c80	c80	c80	c80	c80	c80	c80	c80	c80	c80	c80	c80	c80	c80	c80	c80	c80	c80	c80	c80	c80	c80	c80	c80	c80	c80	c80	c80	c80	0	0	0	0	0	0	0	0	0	0	0	0	0	cb2	1bb	1bc	3d	1bd	3c	ec	1b	66	1b	27	1c0	1c1	3d	ec	8aa	1df	1b	1b	3c	ec	27	1b	39	1b	200003c	2000066	200001b	2000cbf	200003c	200003d	2000137	2000136	20000ec	20000d7	c80	c80	c80	c80	c80	c80	c80	c80	c80	c80	c80	c80	c80	c80	c80	c80	c80	c80	c80	c80	c80	c80	c80	c80	c80	c80	c80	c80	c80	c80	c80	c80	c80	c80	c80	c80	c80	c80	c80	c80	c80	c80	c80	c80	c80	c80	c80	c80
c80	c80	c80	c80	c80	c80	c80	c80	c80	c80	c80	c80	c80	c80	c80	c80	c80	c80	c80	c80	c80	c80	c80	c80	c80	c80	c80	c80	c80	c80	c80	c80	c80	c80	c80	c80	c80	c80	c80	c80	c80	c80	c80	c80	c80	c80	c80	c80	c80	c80	c80	c80	c80	c80	c80	c80	c80	c80	c80	c80	c80	c80	c80	c80	c80	c80	c80	c80	c80	c80	c80	c80	c80	c80	c80	c80	c80	c80	c80	c80	c80	c80	c80	c80	c80	c80	c80	c80	c80	c80	c80	c80	c80	c80	c80	c80	c80	c80	c80	c80	c80	c80	c80	c80	c80	c80	c80	c80	c80	c80	c80	c80	c80	c80	c80	c80	c80	c80	c80	c80	c80	c80	c80	c80	c80	c80	c80	c80	10006f0	10006f1	1000555	100037b	10006f2	1000250	1000248	100027a	100047f	10006f3	10006f4	10006f5	10006f6	100020c	400060e	40006f7	c80	c80	c80	c80	c80	c80	c80	c80	c80	c80	c80	c80	c80	c80	c80	c80	0	0	0	0	0	0	0	21	15000022	15000023	1500000e	1500000e	15000016	15000017	15000017	15000018	1500000e	15000019	1500001a	1500001b	1500001c	1500000e	1500000e	1500001d	15000013	15000011	1500000e	1500001e	1500001b	1500001f	1500000d	15000003	15000004	15000000	15000000	15000001	15000002	15000004	15000000	15000002	15000003	15000005	15000000	15000002	15000004	15000000	0	0	c80	c80	c80	c80	c80	c80	c80	c80	c80	c80	c80	c80	c80	c80	c80	c80	c80	c80	c80	c80	c80	c80	c80	c80	c80	c80	c80	c80	c80	c80	c80	c80	c80	c80	c80	c80	c80	c80	c80	c80	c80	c80	c80	c80	c80	c80	c80	c80	c80	c80	c80	c80	c80	c80	c80	c80	c80	c80	c80	c80	c80	c80	c80	c80	c80	c80	c80	c80	c80	c80	c80	c80	c80	c80	c80	c80	c80	c80	c80	c80	c80	c80	c80	c80	c80	c80	c80	c80	c80	c80	c80	c80	c80	c80	c80	c80	c80	c80	c80	c80	c80	c80	c80	c80	c80	c80	c80	c80	c80	c80	c80	c80	c80	c80	c80	c80	c80	c80	c80	c80	c80	c80	c80	c80	c80	c80	c80	c80	c80	c80	c80	c80	c80	c80	c80	c80	c80	c80	c80	c80	c80	c80	c80	c80	c80	c80	c80	c80	c80	c80	c80	c80	c80	c80	c80	c80	c80	c80	c80	c80	c80	c80	c80	c80	c80	c80	c80	c80	c80	c80	c80	c80	c80	c80	c80	c80	c80	c80	c80	c80	c80	c80	c80	c80	c80	c80	c80	c80	c80	c80	c80	c80	c80	c80	c80	c80	c80	c80	c80	c80	c80	c80	c80	c80	c80	c80	c80	c80	0	0	0	0	0	0	0	0	0	0	0	0	0	0	c7a	1cc	1cd	2000036	200001b	200001b	2000039	20001cf	200001b	200003c	200003d	20001d0	2000cc0	2000cc1	20008aa	2000027	20000ff	200001b	200003a	200003b	200003c	200003d	200003e	2000039	200001b	2000066	200001b	2000027	200001b	200001b	200001b	200001b	20000f2	200003d	c80	c80	c80	c80	c80	c80	c80	c80	c80	c80	c80	c80	c80	c80	c80	c80	c80	c80	c80	c80	c80	c80	c80	c80	c80	c80	c80	c80	c80	c80	c80	c80	c80	c80	c80	c80	c80	c80	c80	c80	c80	c80	c80	c80	c80	c80	c80	c80
c80	c80	c80	c80	c80	c80	c80	c80	c80	c80	c80	c80	c80	c80	c80	c80	c80	c80	c80	c80	c80	c80	c80	c80	c80	c80	c80	c80	c80	c80	c80	c80	c80	c80	c80	c80	c80	c80	c80	c80	c80	c80	c80	c80	c80	c80	c80	c80	c80	c80	c80	c80	c80	c80	c80	c80	c80	c80	c80	c80	c80	c80	c80	c80	c80	c80	c80	c80	c80	c80	c80	c80	c80	c80	c80	c80	c80	c80	c80	c80	c80	c80	c80	c80	c80	c80	c80	c80	c80	c80	c80	c80	c80	c80	c80	c80	c80	c80	c80	c80	c80	c80	c80	c80	c80	c80	c80	c80	c80	c80	c80	c80	c80	c80	c80	c80	c80	c80	c80	c80	c80	c80	c80	c80	c80	c80	c80	c80	100071f	10005f1	1000325	1000474	1000720	1000217	100015c	1000042	10000d4	10003fe	10003cd	1000721	100020c	100060e	4000722	4000723	c80	c80	c80	c80	c80	c80	c80	c80	c80	c80	c80	c80	c80	c80	c80	c80	0	0	0	0	0	0	0	35	15000036	15000037	15000038	1500001a	15000024	1500001b	1500001b	15000025	15000017	15000026	15000027	1500001b	15000039	15000029	1500002a	1500002b	1500002c	1500002d	1500002e	1500002f	15000030	15000031	15000032	15000003	15000003	15000004	15000002	15000003	15000003	15000003	15000033	15000003	15000003	15000004	15000002	15000003	15000003	15000004	0	0	c80	c80	c80	c80	c80	c80	c80	c80	c80	c80	c80	c80	c80	c80	c80	c80	c80	c80	c80	c80	c80	c80	c80	c80	c80	c80	c80	c80	c80	c80	c80	c80	c80	c80	c80	c80	c80	c80	c80	c80	c80	c80	c80	c80	c80	c80	c80	c80	c80	c80	c80	c80	c80	c80	c80	c80	c80	c80	c80	c80	c80	c80	c80	c80	c80	c80	c80	c80	c80	c80	c80	c80	c80	c80	c80	c80	c80	c80	c80	c80	c80	c80	c80	c80	c80	c80	c80	c80	c80	c80	c80	c80	c80	c80	c80	c80	c80	c80	c80	c80	c80	c80	c80	c80	c80	c80	c80	c80	c80	c80	c80	c80	c80	c80	c80	c80	c80	c80	c80	c80	c80	c80	c80	c80	c80	c80	c80	c80	c80	c80	c80	c80	c80	c80	c80	c80	c80	c80	c80	c80	c80	c80	c80	c80	c80	c80	c80	c80	c80	c80	c80	c80	c80	c80	c80	c80	c80	c80	c80	c80	c80	c80	c80	c80	c80	c80	c80	c80	c80	c80	c80	c80	c80	c80	c80	c80	c80	c80	c80	c80	c80	c80	c80	c80	c80	c80	c80	c80	c80	c80	c80	c80	c80	c80	c80	c80	c80	c80	c80	c80	c80	c80	c80	c80	c80	c80	c80	c80	0	0	0	0	0	0	0	0	0	0	0	0	0	0	0	0	c7a	2000cc2	2000027	20001f4	2000066	2000027	20001df	2000028	2000027	2000108	20000ee	20000ef	200001b	2000323	200003d	200003b	2000116	200003c	200003d	20000ab	2000136	20000ec	2000039	20001cf	200001b	20000e9	200003b	200003c	200003d	200003d	2000cab	20001e4	c80	c80	c80	c80	c80	c80	c80	c80	c80	c80	c80	c80	c80	c80	c80	c80	c80	c80	c80	c80	c80	c80	c80	c80	c80	c80	c80	c80	c80	c80	c80	c80	c80	c80	c80	c80	c80	c80	c80	c80	c80	c80	c80	c80	c80	c80	c80	c80
c80	c80	c80	c80	c80	c80	c80	c80	c80	c80	c80	c80	c80	c80	c80	c80	c80	c80	c80	c80	c80	c80	c80	c80	c80	c80	c80	c80	c80	c80	c80	c80	c80	c80	c80	c80	c80	c80	c80	c80	c80	c80	c80	c80	c80	c80	c80	c80	c80	c80	c80	c80	c80	c80	c80	c80	c80	c80	c80	c80	c80	c80	c80	c80	c80	c80	c80	c80	c80	c80	c80	c80	c80	c80	c80	c80	c80	c80	c80	c80	c80	c80	c80	c80	c80	c80	c80	c80	c80	c80	c80	c80	c80	c80	c80	c80	c80	c80	c80	c80	c80	c80	c80	c80	c80	c80	c80	c80	c80	c80	c80	c80	c80	c80	c80	c80	c80	c80	c80	c80	c80	c80	c80	c80	c80	c80	c80	c80	100074b	100074c	100074d	1000339	100074e	1000142	100074f	10003d0	1000750	1000751	1000752	10002ba	10006c4	753	4000754	4000755	c80	c80	c80	c80	c80	c80	c80	c80	c80	c80	c80	c80	c80	c80	c80	c80	0	0	0	0	0	0	0	4a	1500004b	1500001b	1500001b	1500001b	1500001b	1500001b	1500001b	1500001b	1500003a	1500003b	1500003c	1500003d	1500003e	15000039	1500003f	15000040	15000041	15000042	15000043	15000044	1500004c	1500004d	1500000d	15000003	15000003	15000003	15000003	15000007	15000007	15000007	15000003	15000003	15000003	15000003	15000003	1500000c	1500000d	15000003	4	1	c80	c80	c80	c80	c80	c80	c80	c80	c80	c80	c80	c80	c80	c80	c80	c80	c80	c80	c80	c80	c80	c80	c80	c80	c80	c80	c80	c80	c80	c80	c80	c80	c80	c80	c80	c80	c80	c80	c80	c80	c80	c80	c80	c80	c80	c80	c80	c80	c80	c80	c80	c80	c80	c80	c80	c80	c80	c80	c80	c80	c80	c80	c80	c80	c80	c80	c80	c80	c80	c80	c80	c80	c80	c80	c80	c80	c80	c80	c80	c80	c80	c80	c80	c80	c80	c80	c80	c80	c80	c80	c80	c80	c80	c80	c80	c80	c80	c80	c80	c80	c80	c80	c80	c80	c80	c80	c80	c80	c80	c80	c80	c80	c80	c80	c80	c80	c80	c80	c80	c80	c80	c80	c80	c80	c80	c80	c80	c80	c80	c80	c80	c80	c80	c80	c80	c80	c80	c80	c80	c80	c80	c80	c80	c80	c80	c80	c80	c80	c80	c80	c80	c80	c80	c80	c80	c80	c80	c80	c80	c80	c80	c80	c80	c80	c80	c80	c80	c80	c80	c80	c80	c80	c80	c80	c80	c80	c80	c80	c80	c80	c80	c80	c80	c80	c80	c80	c80	c80	c80	c80	c80	c80	c80	c80	c80	c80	c80	c80	c80	c80	c80	c80	c80	c80	c80	c80	c80	c80	0	0	0	0	0	0	0	0	0	0	0	0	0	0	0	0	0	200001b	200003a	200003d	20001f0	200003c	200003d	20001f1	20001f2	200003b	2000039	2000027	20001df	2000028	20001f3	2000132	2000133	200003b	2000066	20001f3	2000027	20001f4	2000066	200003a	200003b	2000039	20001f5	200003d	20000ab	2000027	20000ed	20000ee	c80	c80	c80	c80	c80	c80	c80	c80	c80	c80	c80	c80	c80	c80	c80	c80	c80	c80	c80	c80	c80	c80	c80	c80	c80	c80	c80	c80	c80	c80	c80	c80	c80	c80	c80	c80	c80	c80	c80	c80	c80	c80	c80	c80	c80	c80	c80	c80
c80	c80	c80	c80	c80	c80	c80	c80	c80	c80	c80	c80	c80	c80	c80	c80	c80	c80	c80	c80	c80	c80	c80	c80	c80	c80	c80	c80	c80	c80	c80	c80	c80	c80	c80	c80	c80	c80	c80	c80	c80	c80	c80	c80	c80	c80	c80	c80	c80	c80	c80	c80	c80	c80	c80	c80	c80	c80	c80	c80	c80	c80	c80	c80	c80	c80	c80	c80	c80	c80	c80	c80	c80	c80	c80	c80	c80	c80	c80	c80	c80	c80	c80	c80	c80	c80	c80	c80	c80	c80	c80	c80	c80	c80	c80	c80	c80	c80	c80	c80	c80	c80	c80	c80	c80	c80	c80	c80	c80	c80	c80	c80	c80	c80	c80	c80	c80	c80	c80	c80	c80	c80	c80	c80	c80	c80	c80	c80	10002e3	1000774	100021e	10001f3	100020c	10002ba	1000775	4000776	4000777	400046e	4000325	4000778	4000779	4000250	4000372	400077a	c80	c80	c80	c80	c80	c80	c80	c80	c80	c80	c80	c80	c80	c80	c80	c80	0	0	0	0	0	0	0	65	1500001b	1500001b	1500001b	1500001b	1500001b	1500001b	1500001b	1500001b	1500001b	1500003c	1500003d	1500004e	1500004f	15000050	15000051	15000052	15000053	15000054	15000055	15000056	15000057	15000058	15000032	15000003	1500000c	1500000d	1500000c	1500000e	1500000e	1500000e	1500000d	15000003	15000003	15000003	1500000c	1500000e	1500000e	1500000d	3	3	c80	c80	c80	c80	c80	c80	c80	c80	c80	c80	c80	c80	c80	c80	c80	c80	c80	c80	c80	c80	c80	c80	c80	c80	c80	c80	c80	c80	c80	c80	c80	c80	c80	c80	c80	c80	c80	c80	c80	c80	c80	c80	c80	c80	c80	c80	c80	c80	c80	c80	c80	c80	c80	c80	c80	c80	c80	c80	c80	c80	c80	c80	c80	c80	c80	c80	c80	c80	c80	c80	c80	c80	c80	c80	c80	c80	c80	c80	c80	c80	c80	c80	c80	c80	c80	c80	c80	c80	c80	c80	c80	c80	c80	c80	c80	c80	c80	c80	c80	c80	c80	c80	c80	c80	c80	c80	c80	c80	c80	c80	c80	c80	c80	c80	c80	c80	c80	c80	c80	c80	c80	c80	c80	c80	c80	c80	c80	c80	c80	c80	c80	c80	c80	c80	c80	c80	c80	c80	c80	c80	c80	c80	c80	c80	c80	c80	c80	c80	c80	c80	c80	c80	c80	c80	c80	c80	c80	c80	c80	c80	c80	c80	c80	c80	c80	c80	c80	c80	c80	c80	c80	c80	c80	c80	c80	c80	c80	c80	c80	c80	c80	c80	c80	c80	c80	c80	c80	c80	c80	c80	c80	c80	c80	c80	c80	c80	c80	c80	c80	c80	c80	c80	c80	c80	c80	c80	c80	c80	0	0	0	0	0	0	0	0	0	0	0	0	0	0	0	0	0	200001b	200001b	2000027	20001df	2000028	200003a	200003b	2000039	200003c	20000ec	200003c	200003d	2000226	2000cc3	2000cc4	2000153	200003b	2000039	20001fd	2000205	200003d	2000206	2000207	2000208	20000ec	2000209	200020a	20001f3	200020b	200003b	2000039	c80	c80	c80	c80	c80	c80	c80	c80	c80	c80	c80	c80	c80	c80	c80	c80	c80	c80	c80	c80	c80	c80	c80	c80	c80	c80	c80	c80	c80	c80	c80	c80	c80	c80	c80	c80	c80	c80	c80	c80	c80	c80	c80	c80	c80	c80	c80	c80
c80	c80	c80	c80	c80	c80	c80	c80	c80	c80	c80	c80	c80	c80	c80	c80	c80	c80	c80	c80	c80	c80	c80	c80	c80	c80	c80	c80	c80	c80	c80	c80	c80	c80	c80	c80	c80	c80	c80	c80	c80	c80	c80	c80	c80	c80	c80	c80	c80	c80	c80	c80	c80	c80	c80	c80	c80	c80	c80	c80	c80	c80	c80	c80	c80	c80	c80	c80	c80	c80	c80	c80	c80	c80	c80	c80	c80	c80	c80	c80	c80	c80	c80	c80	c80	c80	c80	c80	c80	c80	c80	c80	c80	c80	c80	c80	c80	c80	c80	c80	c80	c80	c80	c80	c80	c80	c80	c80	c80	c80	c80	c80	c80	c80	c80	c80	c80	c80	c80	c80	c80	c80	c80	c80	c80	c80	c80	c80	4000799	400079a	400079b	30002ba	30006c4	30002fb	4000776	400079c	400079d	4000042	4000527	400020c	400079e	400079f	4000397	400064d	c80	c80	c80	c80	c80	c80	c80	c80	c80	c80	c80	c80	c80	c80	c80	c80	0	0	0	0	0	83	84	26	1500001b	1500001b	1500001b	1500001b	1500001b	1500001b	1500001b	1500001b	1500001b	15000066	15000067	15000068	15000069	1500006a	1500006b	1500006c	1500006d	1500006e	1500006f	15000070	15000085	15000086	1500000d	1500000c	1500000e	1500000e	1500000e	15000073	15000074	1500000e	1500000e	1500000d	15000007	1500000c	1500000e	1500000e	15000075	1500000e	d	3	c80	c80	c80	c80	c80	c80	c80	c80	c80	c80	c80	c80	c80	c80	c80	c80	c80	c80	c80	c80	c80	c80	c80	c80	c80	c80	c80	c80	c80	c80	c80	c80	c80	c80	c80	c80	c80	c80	c80	c80	c80	c80	c80	c80	c80	c80	c80	c80	c80	c80	c80	c80	c80	c80	c80	c80	c80	c80	c80	c80	c80	c80	c80	c80	c80	c80	c80	c80	c80	c80	c80	c80	c80	c80	c80	c80	c80	c80	c80	c80	c80	c80	c80	c80	c80	c80	c80	c80	c80	c80	c80	c80	c80	c80	c80	c80	c80	c80	c80	c80	c80	c80	c80	c80	c80	c80	c80	c80	c80	c80	c80	c80	c80	c80	c80	c80	c80	c80	c80	c80	c80	c80	c80	c80	c80	c80	c80	c80	c80	c80	c80	c80	c80	c80	c80	c80	c80	c80	c80	c80	c80	c80	c80	c80	c80	c80	c80	c80	c80	c80	c80	c80	c80	c80	c80	c80	c80	c80	c80	c80	c80	c80	c80	c80	c80	c80	c80	c80	c80	c80	c80	c80	c80	c80	c80	c80	c80	c80	c80	c80	c80	c80	c80	c80	c80	c80	c80	c80	c80	c80	c80	c80	c80	c80	c80	c80	c80	c80	c80	c80	c80	c80	c80	c80	c80	c80	c80	c80	1b	0	0	0	0	0	0	0	0	0	0	0	0	0	0	1b	1b	20001a2	200003b	200003c	200003d	200003e	2000039	200003c	20001bd	200003f	2000219	200021a	200020c	200026f	2000cc5	20003cd	200030e	2000b44	2000cc6	2000cc7	2000207	200021f	2000220	2000221	2000051	2000222	200001b	2000223	2000224	2000225	20001f5	2000226	c80	c80	c80	c80	c80	c80	c80	c80	c80	c80	c80	c80	c80	c80	c80	c80	c80	c80	c80	c80	c80	c80	c80	c80	c80	c80	c80	c80	c80	c80	c80	c80	c80	c80	c80	c80	c80	c80	c80	c80	c80	c80	c80	c80	c80	c80	c80	c80
c80	c80	c80	c80	c80	c80	c80	c80	c80	c80	c80	c80	c80	c80	c80	c80	c80	c80	c80	c80	c80	c80	c80	c80	c80	c80	c80	c80	c80	c80	c80	c80	c80	c80	c80	c80	c80	c80	c80	c80	c80	c80	c80	c80	c80	c80	c80	c80	c80	c80	c80	c80	c80	c80	c80	c80	c80	c80	c80	c80	c80	c80	c80	c80	c80	c80	c80	c80	c80	c80	c80	c80	c80	c80	c80	c80	c80	c80	c80	c80	c80	c80	c80	c80	c80	c80	c80	c80	c80	c80	c80	c80	c80	c80	c80	c80	c80	c80	c80	c80	c80	c80	c80	c80	c80	c80	c80	c80	c80	c80	c80	c80	c80	c80	c80	c80	c80	c80	c80	c80	c80	c80	c80	c80	c80	c80	c80	c80	40002b6	400001b	40005f1	400044a	40002b3	40007c2	4000273	40007c3	4000725	40007c4	40007c5	40007c6	4000250	40007c7	40007c8	4000451	c80	c80	c80	c80	c80	c80	c80	c80	c80	c80	c80	c80	c80	c80	c80	c80	0	0	0	0	0	a4	1b	1b	1500001b	1500001b	1500001b	1500001b	1500001b	1500001b	1500001b	1500001b	150000d7	15000028	15000088	15000089	1500008a	1500008b	1500008c	1500008d	1500008e	150000a5	15000090	15000091	150000a6	1500000e	1500000e	15000093	15000011	1500000e	1500000e	15000094	150000a7	150000a8	15000063	15000023	1500000e	1500000e	15000096	1500001a	15000097	15000098	e	14	c80	c80	c80	c80	c80	c80	c80	c80	c80	c80	c80	c80	c80	c80	c80	c80	c80	c80	c80	c80	c80	c80	c80	c80	c80	c80	c80	c80	c80	c80	c80	c80	c80	c80	c80	c80	c80	c80	c80	c80	c80	c80	c80	c80	c80	c80	c80	c80	c80	c80	c80	c80	c80	c80	c80	c80	c80	c80	c80	c80	c80	c80	c80	c80	c80	c80	c80	c80	c80	c80	c80	c80	c80	c80	c80	c80	c80	c80	c80	c80	c80	c80	c80	c80	c80	c80	c80	c80	c80	c80	c80	c80	c80	c80	c80	c80	c80	c80	c80	c80	c80	c80	c80	c80	c80	c80	c80	c80	c80	c80	c80	c80	c80	c80	c80	c80	c80	c80	c80	c80	c80	c80	c80	c80	c80	c80	c80	c80	c80	c80	c80	c80	c80	c80	c80	c80	c80	c80	c80	c80	c80	c80	c80	c80	c80	c80	c80	c80	c80	c80	c80	c80	c80	c80	c80	c80	c80	c80	c80	c80	c80	c80	c80	c80	c80	c80	c80	c80	c80	c80	c80	c80	c80	c80	c80	c80	c80	c80	c80	c80	c80	c80	c80	c80	c80	c80	c80	c80	c80	c80	c80	c80	c80	c80	c80	c80	c80	c80	c80	c80	c80	c80	c80	c80	c80	c80	c80	c80	1b	0	0	0	0	0	0	0	0	0	0	1b	1b	1b	1b	1b	7e6	20001b5	200003c	200003d	20001bd	2000239	200023a	200023b	200020c	200023c	200023d	200023e	200023f	2000240	2000124	20003fe	20003cd	2000cc8	2000243	200042d	20003da	200006a	2000245	2000246	2000247	2000248	2000141	2000249	200024a	200024b	200024c	200024d	c80	c80	c80	c80	c80	c80	c80	c80	c80	c80	c80	c80	c80	c80	c80	c80	c80	c80	c80	c80	c80	c80	c80	c80	c80	c80	c80	c80	c80	c80	c80	c80	c80	c80	c80	c80	c80	c80	c80	c80	c80	c80	c80	c80	c80	c80	c80	c80
c80	c80	c80	c80	c80	c80	c80	c80	c80	c80	c80	c80	c80	c80	c80	c80	c80	c80	c80	c80	c80	c80	c80	c80	c80	c80	c80	c80	c80	c80	c80	c80	c80	c80	c80	c80	c80	c80	c80	c80	c80	c80	c80	c80	c80	c80	c80	c80	c80	c80	c80	c80	c80	c80	c80	c80	c80	c80	c80	c80	c80	c80	c80	c80	c80	c80	c80	c80	c80	c80	c80	c80	c80	c80	c80	c80	c80	c80	c80	c80	c80	c80	c80	c80	c80	c80	c80	c80	c80	c80	c80	c80	c80	c80	c80	c80	c80	c80	c80	c80	c80	c80	c80	c80	c80	c80	c80	c80	c80	c80	c80	c80	c80	c80	c80	c80	c80	c80	c80	c80	c80	c80	c80	c80	c80	c80	c80	c80	40007f0	400021a	40002eb	40007f1	400045c	40007f2	40007f3	40007f4	40007f5	40007f6	400060a	400070c	40007f7	400026a	40003bf	400001b	c80	c80	c80	c80	c80	c80	c80	c80	c80	c80	c80	c80	c80	c80	c80	c80	0	0	0	0	c5	1b	1b	1b	1500001b	1500001b	15000027	1500001b	1500001b	1500001b	1500001b	150000aa	1500003d	150000ab	150000ac	150000ad	1500002b	150000ae	150000af	15000c81	150000a6	1500000e	1500000e	15000c82	15000c83	150000b3	150000b4	15000c84	15000225	15000c85	15000016	15000c86	15000c87	15000bf3	1500079f	15000c88	150000b6	15000011	150000b7	1500001b	15000066	150000b8	e	d	c80	c80	c80	c80	c80	c80	c80	c80	c80	c80	c80	c80	c80	c80	c80	c80	c80	c80	c80	c80	c80	c80	c80	c80	c80	c80	c80	c80	c80	c80	c80	c80	c80	c80	c80	c80	c80	c80	c80	c80	c80	c80	c80	c80	c80	c80	c80	c80	c80	c80	c80	c80	c80	c80	c80	c80	c80	c80	c80	c80	c80	c80	c80	c80	c80	c80	c80	c80	c80	c80	c80	c80	c80	c80	c80	c80	c80	c80	c80	c80	c80	c80	c80	c80	c80	c80	c80	c80	c80	c80	c80	c80	c80	c80	c80	c80	c80	c80	c80	c80	c80	c80	c80	c80	c80	c80	c80	c80	c80	c80	c80	c80	c80	c80	c80	c80	c80	c80	c80	c80	c80	c80	c80	c80	c80	c80	c80	c80	c80	c80	c80	c80	c80	c80	c80	c80	c80	c80	c80	c80	c80	c80	c80	c80	c80	c80	c80	c80	c80	c80	c80	c80	c80	c80	c80	c80	c80	c80	c80	c80	c80	c80	c80	c80	c80	c80	c80	c80	c80	c80	c80	c80	c80	c80	c80	c80	c80	c80	c80	c80	c80	c80	c80	c80	c80	c80	c80	c80	c80	c80	c80	c80	c80	c80	c80	c80	c80	c80	c80	c80	c80	c80	c80	c80	c80	c80	c80	c80	1b	1b	0	0	1b	1b	1b	1b	1b	1b	1b	1b	1b	1b	1b	1b	a10	20001c6	20001b5	200025c	200025d	2000207	200025e	200025f	2000b8f	2000250	2000261	2000262	2000263	2000264	2000140	2000265	2000266	2000267	2000268	2000653	200026a	200026b	200026c	200026d	200026e	2000249	20000d4	200020c	200026f	2000270	2000271	2000272	c80	c80	c80	c80	c80	c80	c80	c80	c80	c80	c80	c80	c80	c80	c80	c80	c80	c80	c80	c80	c80	c80	c80	c80	c80	c80	c80	c80	c80	c80	c80	c80	c80	c80	c80	c80	c80	c80	c80	c80	c80	c80	c80	c80	c80	c80	c80	c80
c80	c80	c80	c80	c80	c80	c80	c80	c80	c80	c80	c80	c80	c80	c80	c80	c80	c80	c80	c80	c80	c80	c80	c80	c80	c80	c80	c80	c80	c80	c80	c80	c80	c80	c80	c80	c80	c80	c80	c80	c80	c80	c80	c80	c80	c80	c80	c80	c80	c80	c80	c80	c80	c80	c80	c80	c80	c80	c80	c80	c80	c80	c80	c80	c80	c80	c80	c80	c80	c80	c80	c80	c80	c80	c80	c80	c80	c80	c80	c80	c80	c80	c80	c80	c80	c80	c80	c80	c80	c80	c80	c80	c80	c80	c80	c80	c80	c80	c80	c80	c80	c80	c80	c80	c80	c80	c80	c80	c80	c80	c80	c80	c80	c80	c80	c80	c80	c80	c80	c80	c80	c80	c80	c80	c80	c80	c80	c80	4000263	400013e	4000141	4000817	40002d2	4000514	4000818	4000819	400062d	400081a	400081b	400081c	4000781	4000493	4000728	3000729	c80	c80	c80	c80	c80	c80	c80	c80	c80	c80	c80	c80	c80	c80	c80	c80	0	0	0	e8	1b	1b	1b	1b	1500001b	1500001b	150000e9	1500003b	1500003c	1500003d	1500003d	150001d0	150000cf	150000d0	150000d1	150000d2	150000d3	150000d4	150000d5	15000031	1500000e	1500000e	150000d6	15000c89	15000c8a	1500059d	15000c8b	15000c8c	15000c8d	1500068b	15000c8e	15000c8f	15000c90	15000c91	150007c7	15000360	150003f6	1500001b	1500001b	150000d7	15000028	15000c92	92	e	c80	c80	c80	c80	c80	c80	c80	c80	c80	c80	c80	c80	c80	c80	c80	c80	c80	c80	c80	c80	c80	c80	c80	c80	c80	c80	c80	c80	c80	c80	c80	c80	c80	c80	c80	c80	c80	c80	c80	c80	c80	c80	c80	c80	c80	c80	c80	c80	c80	c80	c80	c80	c80	c80	c80	c80	c80	c80	c80	c80	c80	c80	c80	c80	c80	c80	c80	c80	c80	c80	c80	c80	c80	c80	c80	c80	c80	c80	c80	c80	c80	c80	c80	c80	c80	c80	c80	c80	c80	c80	c80	c80	c80	c80	c80	c80	c80	c80	c80	c80	c80	c80	c80	c80	c80	c80	c80	c80	c80	c80	c80	c80	c80	c80	c80	c80	c80	c80	c80	c80	c80	c80	c80	c80	c80	c80	c80	c80	c80	c80	c80	c80	c80	c80	c80	c80	c80	c80	c80	c80	c80	c80	c80	c80	c80	c80	c80	c80	c80	c80	c80	c80	c80	c80	c80	c80	c80	c80	c80	c80	c80	c80	c80	c80	c80	c80	c80	c80	c80	c80	c80	c80	c80	c80	c80	c80	c80	c80	c80	c80	c80	c80	c80	c80	c80	c80	c80	c80	c80	c80	c80	c80	c80	c80	c80	c80	c80	c80	c80	c80	c80	c80	c80	c80	c80	c80	c80	c80	1b	1b	0	0	1b	1b	1b	1b	1b	1b	1b	1b	1b	1b	1b	1b	1b	20004f4	20001c6	20001c7	2000588	2000270	2000283	20007c2	2000cc9	2000285	200009d	2000263	200002c	2000286	20000d3	2000287	2000288	2000289	200028a	200028b	200028c	200028d	200028e	200028f	2000290	200025f	2000291	200023f	2000292	2000261	2000293	2000294	c80	c80	c80	c80	c80	c80	c80	c80	c80	c80	c80	c80	c80	c80	c80	c80	c80	c80	c80	c80	c80	c80	c80	c80	c80	c80	c80	c80	c80	c80	c80	c80	c80	c80	c80	c80	c80	c80	c80	c80	c80	c80	c80	c80	c80	c80	c80	c80
c80	c80	c80	c80	c80	c80	c80	c80	c80	c80	c80	c80	c80	c80	c80	c80	c80	c80	c80	c80	c80	c80	c80	c80	c80	c80	c80	c80	c80	c80	c80	c80	c80	c80	c80	c80	c80	c80	c80	c80	c80	c80	c80	c80	c80	c80	c80	c80	c80	c80	c80	c80	c80	c80	c80	c80	c80	c80	c80	c80	c80	c80	c80	c80	c80	c80	c80	c80	c80	c80	c80	c80	c80	c80	c80	c80	c80	c80	c80	c80	c80	c80	c80	c80	c80	c80	c80	c80	c80	c80	c80	c80	c80	c80	c80	c80	c80	c80	c80	c80	c80	c80	c80	c80	c80	c80	c80	c80	c80	c80	c80	c80	c80	c80	c80	c80	c80	c80	c80	c80	c80	c80	c80	c80	c80	c80	c80	c80	40000c0	400015c	400083a	4000207	400083b	400083c	40004e6	4000574	400083d	400083e	400083f	4000840	4000251	40000f6	40000e1	30000f7	c80	c80	c80	c80	c80	c80	c80	c80	c80	c80	c80	c80	c80	c80	c80	c80	0	0	0	fe	1b	1b	1b	1b	1b	1500001b	1500001b	1500003c	1500003d	150000ec	15000027	150000ed	150000ee	15000c93	15000c94	15000c95	15000c96	1500008e	15000c97	150000a6	15000016	15000c98	15000c99	15000c9a	15000c9b	15000555	15000c9c	15000c9d	1500081a	15000c9e	15000249	15000237	15000c9f	15000027	1500001b	1500001b	1500001b	1500001b	150000f2	1500003d	ec	f3	e	e	c80	c80	c80	c80	c80	c80	c80	c80	c80	c80	c80	c80	c80	c80	c80	c80	c80	c80	c80	c80	c80	c80	c80	c80	c80	c80	c80	c80	c80	c80	c80	c80	c80	c80	c80	c80	c80	c80	c80	c80	c80	c80	c80	c80	c80	c80	c80	c80	c80	c80	c80	c80	c80	c80	c80	c80	c80	c80	c80	c80	c80	c80	c80	c80	c80	c80	c80	c80	c80	c80	c80	c80	c80	c80	c80	c80	c80	c80	c80	c80	c80	c80	c80	c80	c80	c80	c80	c80	c80	c80	c80	c80	c80	c80	c80	c80	c80	c80	c80	c80	c80	c80	c80	c80	c80	c80	c80	c80	c80	c80	c80	c80	c80	c80	c80	c80	c80	c80	c80	c80	c80	c80	c80	c80	c80	c80	c80	c80	c80	c80	c80	c80	c80	c80	c80	c80	c80	c80	c80	c80	c80	c80	c80	c80	c80	c80	c80	c80	c80	c80	c80	c80	c80	c80	c80	c80	c80	c80	c80	c80	c80	c80	c80	c80	c80	c80	c80	c80	c80	c80	c80	c80	c80	c80	c80	c80	c80	c80	c80	c80	c80	c80	c80	c80	c80	c80	c80	c80	c80	c80	c80	c80	c80	c80	c80	c80	c80	c80	c80	c80	c80	c80	c80	c80	c80	c80	c80	c80	1b	1b	0	0	1b	1b	1b	1b	1b	1b	1b	1b	1b	1b	1b	1b	2a0	20002a1	20002a2	20002a3	20000bd	20002a4	20000e4	20001fc	20003a8	20002a6	20001f3	20002a7	20002a8	2000142	20002a9	20002aa	20002ab	2000222	20002ac	20002ad	20002ae	20002af	20002b0	20002b1	20002b2	20002b3	2000250	20002b4	20002b5	20002b6	20002b7	20002b8	c80	c80	c80	c80	c80	c80	c80	c80	c80	c80	c80	c80	c80	c80	c80	c80	c80	c80	c80	c80	c80	c80	c80	c80	c80	c80	c80	c80	c80	c80	c80	c80	c80	c80	c80	c80	c80	c80	c80	c80	c80	c80	c80	c80	c80	c80	c80	c80
c80	c80	c80	c80	c80	c80	c80	c80	c80	c80	c80	c80	c80	c80	c80	c80	c80	c80	c80	c80	c80	c80	c80	c80	c80	c80	c80	c80	c80	c80	c80	c80	c80	c80	c80	c80	c80	c80	c80	c80	c80	c80	c80	c80	c80	c80	c80	c80	c80	c80	c80	c80	c80	c80	c80	c80	c80	c80	c80	c80	c80	c80	c80	c80	c80	c80	c80	c80	c80	c80	c80	c80	c80	c80	c80	c80	c80	c80	c80	c80	c80	c80	c80	c80	c80	c80	c80	c80	c80	c80	c80	c80	c80	c80	c80	c80	c80	c80	c80	c80	c80	c80	c80	c80	c80	c80	c80	c80	c80	c80	c80	c80	c80	c80	c80	c80	c80	c80	c80	c80	c80	c80	c80	c80	c80	c80	c80	c80	400085f	4000860	4000861	4000862	4000674	4000432	4000863	400047b	40002f4	4000864	4000555	4000865	40000bd	40002a4	40007ca	300077d	c80	c80	c80	c80	c80	c80	c80	c80	c80	c80	c80	c80	c80	c80	c80	c80	0	0	10e	26	1b	1b	1b	1b	1b	1500001b	1500001b	15000027	150000ff	1500001b	1500003a	1500003b	15000039	15000919	15000ca0	150002a7	15000335	1500004d	1500000e	15000101	15000ca1	15000054	15000ca2	15000ca3	15000ca4	150004d4	15000ca5	15000ca6	15000ca7	15000ca8	15000066	15000ca9	15000caa	150000e9	1500003b	1500003c	1500003d	1500003d	15000cab	cf	d0	1b	115	23	c80	c80	c80	c80	c80	c80	c80	c80	c80	c80	c80	c80	c80	c80	c80	c80	c80	c80	c80	c80	c80	c80	c80	c80	c80	c80	c80	c80	c80	c80	c80	c80	c80	c80	c80	c80	c80	c80	c80	c80	c80	c80	c80	c80	c80	c80	c80	c80	c80	c80	c80	c80	c80	c80	c80	c80	c80	c80	c80	c80	c80	c80	c80	c80	c80	c80	c80	c80	c80	c80	c80	c80	c80	c80	c80	c80	c80	c80	c80	c80	c80	c80	c80	c80	c80	c80	c80	c80	c80	c80	c80	c80	c80	c80	c80	c80	c80	c80	c80	c80	c80	c80	c80	c80	c80	c80	c80	c80	c80	c80	c80	c80	c80	c80	c80	c80	c80	c80	c80	c80	c80	c80	c80	c80	c80	c80	c80	c80	c80	c80	c80	c80	c80	c80	c80	c80	c80	c80	c80	c80	c80	c80	c80	c80	c80	c80	c80	c80	c80	c80	c80	c80	c80	c80	c80	c80	c80	c80	c80	c80	c80	c80	c80	c80	c80	c80	c80	c80	c80	c80	c80	c80	c80	c80	c80	c80	c80	c80	c80	c80	c80	c80	c80	c80	c80	c80	c80	c80	c80	c80	c80	c80	c80	c80	c80	c80	c80	c80	c80	c80	c80	c80	c80	c80	c80	c80	c80	c80	1b	1b	0	0	1b	1b	1b	1b	1b	1b	1b	1b	1b	1b	1b	11a	2c6	20002c7	20000df	20000e0	20000e1	20000f7	20002c8	200027f	2000066	200058b	2000cca	20002cb	20002cc	20002cd	20002ce	20002cf	20002d0	200001b	2000066	2000241	20002d1	20002d2	20002d3	20002d4	20002d5	2000250	20002d6	20002d7	20002d8	20002d9	20002da	20002db	c80	c80	c80	c80	c80	c80	c80	c80	c80	c80	c80	c80	c80	c80	c80	c80	c80	c80	c80	c80	c80	c80	c80	c80	c80	c80	c80	c80	c80	c80	c80	c80	c80	c80	c80	c80	c80	c80	c80	c80	c80	c80	c80	c80	c80	c80	c80	c80
c80	c80	c80	c80	c80	c80	c80	c80	c80	c80	c80	c80	c80	c80	c80	c80	c80	c80	c80	c80	c80	c80	c80	c80	c80	c80	c80	c80	c80	c80	c80	c80	c80	c80	c80	c80	c80	c80	c80	c80	c80	c80	c80	c80	c80	c80	c80	c80	c80	c80	c80	c80	c80	c80	c80	c80	c80	c80	c80	c80	c80	c80	c80	c80	c80	c80	c80	c80	c80	c80	c80	c80	c80	c80	c80	c80	c80	c80	c80	c80	c80	c80	c80	c80	c80	c80	c80	c80	c80	c80	c80	c80	c80	c80	c80	c80	c80	c80	c80	c80	c80	c80	c80	c80	c80	c80	c80	c80	c80	c80	c80	c80	c80	c80	c80	c80	c80	c80	c80	c80	c80	c80	c80	c80	c80	c80	c80	c80	4000885	4000141	4000886	4000618	4000432	4000887	4000888	4000889	400088a	400088b	400088c	400088d	40000e1	40000f7	400088e	30000df	c80	c80	c80	c80	c80	c80	c80	c80	c80	c80	c80	c80	c80	c80	c80	c80	0	0	12a	12b	1b	1b	1b	1b	1b	1500001b	1500001b	15000323	1500003d	1500003b	15000116	1500003c	150000ec	15000cac	15000cad	150006dc	150002bd	15000cae	15000caf	150008fa	15000b4e	1500009d	1500001b	1500001b	15000223	150002ff	150002f8	1500001b	1500001b	150000d7	15000028	150003b1	15000cb0	15000cb1	150001f5	1500003d	150000ec	15000027	150000ed	ee	ef	1b	1b	37	c80	c80	c80	c80	c80	c80	c80	c80	c80	c80	c80	c80	c80	c80	c80	c80	c80	c80	c80	c80	c80	c80	c80	c80	c80	c80	c80	c80	c80	c80	c80	c80	c80	c80	c80	c80	c80	c80	c80	c80	c80	c80	c80	c80	c80	c80	c80	c80	c80	c80	c80	c80	c80	c80	c80	c80	c80	c80	c80	c80	c80	c80	c80	c80	c80	c80	c80	c80	c80	c80	c80	c80	c80	c80	c80	c80	c80	c80	c80	c80	c80	c80	c80	c80	c80	c80	c80	c80	c80	c80	c80	c80	c80	c80	c80	c80	c80	c80	c80	c80	c80	c80	c80	c80	c80	c80	c80	c80	c80	c80	c80	c80	c80	c80	c80	c80	c80	c80	c80	c80	c80	c80	c80	c80	c80	c80	c80	c80	c80	c80	c80	c80	c80	c80	c80	c80	c80	c80	c80	c80	c80	c80	c80	c80	c80	c80	c80	c80	c80	c80	c80	c80	c80	c80	c80	c80	c80	c80	c80	c80	c80	c80	c80	c80	c80	c80	c80	c80	c80	c80	c80	c80	c80	c80	c80	c80	c80	c80	c80	c80	c80	c80	c80	c80	c80	c80	c80	c80	c80	c80	c80	c80	c80	c80	c80	c80	c80	c80	c80	c80	c80	c80	c80	c80	c80	c80	c80	c80	1b	1b	0	0	1b	1b	1b	1b	1b	1b	1b	1b	1b	1b	1b	1b	2ef	20002f0	20002f1	20002f2	20000f7	20002f3	20002f4	2000703	2000028	2000ccb	2000246	20002f7	20000dd	20002f8	200001b	20002f9	20002fa	2000703	2000028	2000027	20000ff	2000241	20002fb	20002fc	20002fd	2000209	20002fe	20002ff	200008a	2000300	2000231	2000301	c80	c80	c80	c80	c80	c80	c80	c80	c80	c80	c80	c80	c80	c80	c80	c80	c80	c80	c80	c80	c80	c80	c80	c80	c80	c80	c80	c80	c80	c80	c80	c80	c80	c80	c80	c80	c80	c80	c80	c80	c80	c80	c80	c80	c80	c80	c80	c80
c80	c80	c80	c80	c80	c80	c80	c80	c80	c80	c80	c80	c80	c80	c80	c80	c80	c80	c80	c80	c80	c80	c80	c80	c80	c80	c80	c80	c80	c80	c80	c80	c80	c80	c80	c80	c80	c80	c80	c80	c80	c80	c80	c80	c80	c80	c80	c80	c80	c80	c80	c80	c80	c80	c80	c80	c80	c80	c80	c80	c80	c80	c80	c80	c80	c80	c80	c80	c80	c80	c80	c80	c80	c80	c80	c80	c80	c80	c80	c80	c80	c80	c80	c80	c80	c80	c80	c80	c80	c80	c80	c80	c80	c80	c80	c80	c80	c80	c80	c80	c80	c80	c80	c80	c80	c80	c80	c80	c80	c80	c80	c80	c80	c80	c80	c80	c80	c80	c80	c80	c80	c80	c80	c80	c80	c80	c80	c80	c80	c80	c80	c80	c80	c80	c80	c80	c80	c80	c80	c80	c80	c80	c80	c80	c80	c80	c80	c80	c80	c80	c80	c80	c80	c80	c80	c80	c80	c80	c80	c80	c80	c80	c80	c80	c80	c80	c80	c80	c80	c80	c80	c80	c80	c80	c80	c80	c80	c80	c80	c80	c80	c80	c80	c80	c80	c80	c80	c80	c80	c80	c80	c80	c80	c80	c80	c80	c80	c80	c80	c80	c80	c80	c80	c80	c80	c80	c80	c80	c80	c80	c80	c80	c80	c80	c80	c80	c80	c80	c80	c80	c80	c80	c80	c80	c80	c80	c80	c80	c80	c80	c80	c80	c80	c80	c80	c80	c80	c80	c80	c80	c80	c80	c80	c80	c80	c80	c80	c80	c80	c80	c80	c80	c80	c80	c80	c80	c80	c80	c80	c80	c80	c80	c80	c80	c80	c80	c80	c80	c80	c80	c80	c80	c80	c80	c80	c80	c80	c80	c80	c80	c80	c80	c80	c80	c80	c80	c80	c80	c80	c80	c80	c80	c80	c80	c80	c80	c80	c80	c80	c80	c80	c80	c80	c80	c80	c80	c80	c80	c80	c80	c80	c80	c80	c80	c80	c80	c80	c80	c80	c80	c80	c80	c80	c80	c80	c80	c80	c80	c80	c80	c80	c80	c80	c80	c80	c80	c80	c80	c80	c80	c80	c80	c80	c80	c80	c80	c80	c80	c80	c80	c80	c80	c80	c80	c80	c80	c80	c80	c80	c80	c80	c80	c80	c80	c80	c80	c80	c80	c80	c80	c80	c80	c80	c80	c80	c80	c80	c80	c80	c80	c80	c80	c80	c80	c80	c80	c80	c80	c80	c80	c80	c80	c80	c80	c80	c80	c80	c80	c80	c80	c80	c80	c80	c80	c80	c80	c80	c80	c80	c80	c80	c80	c80	c80	c80	c80	c80	c80	c80	c80	c80	c80	c80	c80	c80	c80	c80	c80	c80	c80	c80	c80	c80	c80	c80	c80	c80	c80	c80	c80	c80	c80	c80	c80	c80	c80	c80	c80	c80	c80	c80	c80	c80	c80	c80	c80	c80	c80	c80	c80	c80	c80	c80	c80	c80	c80	c80	c80	c80	c80	c80	c80	c80	c80	c80	c80	c80	c80	c80	c80	c80	c80	c80	c80	c80	c80	c80	c80	c80	c80	c80	c80	c80	c80	c80	c80	c80	c80	c80	c80	c80	c80	c80	c80	c80	c80	c80	c80	c80	c80	c80	c80
c80	c80	c80	c80	c80	c80	c80	c80	c80	c80	c80	c80	c80	c80	c80	c80	c80	c80	c80	c80	c80	c80	c80	c80	c80	c80	c80	c80	c80	c80	c80	c80	c80	c80	c80	c80	c80	c80	c80	c80	c80	c80	c80	c80	c80	c80	c80	c80	c80	c80	c80	c80	c80	c80	c80	c80	c80	c80	c80	c80	c80	c80	c80	c80	c80	c80	c80	c80	c80	c80	c80	c80	c80	c80	c80	c80	c80	c80	c80	c80	c80	c80	c80	c80	c80	c80	c80	c80	c80	c80	c80	c80	c80	c80	c80	c80	c80	c80	c80	c80	c80	c80	c80	c80	c80	c80	c80	c80	c80	c80	c80	c80	c80	c80	c80	c80	c80	c80	c80	c80	c80	c80	c80	c80	c80	c80	c80	c80	c80	c80	c80	c80	c80	c80	c80	c80	c80	c80	c80	c80	c80	c80	c80	c80	c80	c80	c80	c80	c80	c80	c80	c80	c80	c80	c80	c80	c80	c80	c80	c80	c80	c80	c80	c80	c80	c80	c80	c80	c80	c80	c80	c80	c80	c80	c80	c80	c80	c80	c80	c80	c80	c80	c80	c80	c80	c80	c80	c80	c80	c80	c80	c80	c80	c80	c80	c80	c80	c80	c80	c80	c80	c80	c80	c80	c80	c80	c80	c80	c80	c80	c80	c80	c80	c80	c80	c80	c80	c80	c80	c80	c80	c80	c80	c80	c80	c80	c80	c80	c80	c80	c80	c80	c80	c80	c80	c80	c80	c80	c80	c80	c80	c80	c80	c80	c80	c80	c80	c80	c80	c80	c80	c80	c80	c80	c80	c80	c80	c80	c80	c80	c80	c80	c80	c80	c80	c80	c80	c80	c80	c80	c80	c80	c80	c80	c80	c80	c80	c80	c80	c80	c80	c80	c80	c80	c80	c80	c80	c80	c80	c80	c80	c80	c80	c80	c80	c80	c80	c80	c80	c80	c80	c80	c80	c80	c80	c80	c80	c80	c80	c80	c80	c80	c80	c80	c80	c80	c80	c80	c80	c80	c80	c80	c80	c80	c80	c80	c80	c80	c80	c80	c80	c80	c80	c80	c80	c80	c80	c80	c80	c80	c80	c80	c80	c80	c80	c80	c80	c80	c80	c80	c80	c80	c80	c80	c80	c80	c80	c80	c80	c80	c80	c80	c80	c80	c80	c80	c80	c80	c80	c80	c80	c80	c80	c80	c80	c80	c80	c80	c80	c80	c80	c80	c80	c80	c80	c80	c80	c80	c80	c80	c80	c80	c80	c80	c80	c80	c80	c80	c80	c80	c80	c80	c80	c80	c80	c80	c80	c80	c80	c80	c80	c80	c80	c80	c80	c80	c80	c80	c80	c80	c80	c80	c80	c80	c80	c80	c80	c80	c80	c80	c80	c80	c80	c80	c80	c80	c80	c80	c80	c80	c80	c80	c80	c80	c80	c80	c80	c80	c80	c80	c80	c80	c80	c80	c80	c80	c80	c80	c80	c80	c80	c80	c80	c80	c80	c80	c80	c80	c80	c80	c80	c80	c80	c80	c80	c80	c80	c80	c80	c80	c80	c80	c80	c80	c80	c80	c80	c80	c80	c80	c80	c80	c80	c80	c80	c80	c80	c80	c80	c80	c80	c80	c80	c80	c80	c80	c80	c80	c80	c80	c80	c80
c80	c80	c80	c80	c80	c80	c80	c80	c80	c80	c80	c80	c80	c80	c80	c80	c80	c80	c80	c80	c80	c80	c80	c80	c80	c80	c80	c80	c80	c80	c80	c80	c80	c80	c80	c80	c80	c80	c80	c80	c80	c80	c80	c80	c80	c80	c80	c80	c80	c80	c80	c80	c80	c80	c80	c80	c80	c80	c80	c80	c80	c80	c80	c80	c80	c80	c80	c80	c80	c80	c80	c80	c80	c80	c80	c80	c80	c80	c80	c80	c80	c80	c80	c80	c80	c80	c80	c80	c80	c80	c80	c80	c80	c80	c80	c80	c80	c80	c80	c80	c80	c80	c80	c80	c80	c80	c80	c80	c80	c80	c80	c80	c80	c80	c80	c80	c80	c80	c80	c80	c80	c80	c80	c80	c80	c80	c80	c80	c80	c80	c80	c80	c80	c80	c80	c80	c80	c80	c80	c80	c80	c80	c80	c80	c80	c80	c80	c80	c80	c80	c80	c80	c80	c80	c80	c80	c80	c80	c80	c80	c80	c80	c80	c80	c80	c80	c80	c80	c80	c80	c80	c80	c80	c80	c80	c80	c80	c80	c80	c80	c80	c80	c80	c80	c80	c80	c80	c80	c80	c80	c80	c80	c80	c80	c80	c80	c80	c80	c80	c80	c80	c80	c80	c80	c80	c80	c80	c80	c80	c80	c80	c80	c80	c80	c80	c80	c80	c80	c80	c80	c80	c80	c80	c80	c80	c80	c80	c80	c80	c80	c80	c80	c80	c80	c80	c80	c80	c80	c80	c80	c80	c80	c80	c80	c80	c80	c80	c80	c80	c80	c80	c80	c80	c80	c80	c80	c80	c80	c80	c80	c80	c80	c80	c80	c80	c80	c80	c80	c80	c80	c80	c80	c80	c80	c80	c80	c80	c80	c80	c80	c80	c80	c80	c80	c80	c80	c80	c80	c80	c80	c80	c80	c80	c80	c80	c80	c80	c80	c80	c80	c80	c80	c80	c80	c80	c80	c80	c80	c80	c80	c80	c80	c80	c80	c80	c80	c80	c80	c80	c80	c80	c80	c80	c80	c80	c80	c80	c80	c80	c80	c80	c80	c80	c80	c80	c80	c80	c80	c80	c80	c80	c80	c80	c80	c80	c80	c80	c80	c80	c80	c80	c80	c80	c80	c80	c80	c80	c80	c80	c80	c80	c80	c80	c80	c80	c80	c80	c80	c80	c80	c80	c80	c80	c80	c80	c80	c80	c80	c80	c80	c80	c80	c80	c80	c80	c80	c80	c80	c80	c80	c80	c80	c80	c80	c80	c80	c80	c80	c80	c80	c80	c80	c80	c80	c80	c80	c80	c80	c80	c80	c80	c80	c80	c80	c80	c80	c80	c80	c80	c80	c80	c80	c80	c80	c80	c80	c80	c80	c80	c80	c80	c80	c80	c80	c80	c80	c80	c80	c80	c80	c80	c80	c80	c80	c80	c80	c80	c80	c80	c80	c80	c80	c80	c80	c80	c80	c80	c80	c80	c80	c80	c80	c80	c80	c80	c80	c80	c80	c80	c80	c80	c80	c80	c80	c80	c80	c80	c80	c80	c80	c80	c80	c80	c80	c80	c80	c80	c80	c80	c80	c80	c80	c80	c80	c80	c80	c80	c80	c80	c80	c80	c80	c80	c80	c80	c80	c80	c80	c80	c80	c80	c80
c80	c80	c80	c80	c80	c80	c80	c80	c80	c80	c80	c80	c80	c80	c80	c80	c80	c80	c80	c80	c80	c80	c80	c80	c80	c80	c80	c80	c80	c80	c80	c80	c80	c80	c80	c80	c80	c80	c80	c80	c80	c80	c80	c80	c80	c80	c80	c80	c80	c80	c80	c80	c80	c80	c80	c80	c80	c80	c80	c80	c80	c80	c80	c80	c80	c80	c80	c80	c80	c80	c80	c80	c80	c80	c80	c80	c80	c80	c80	c80	c80	c80	c80	c80	c80	c80	c80	c80	c80	c80	c80	c80	c80	c80	c80	c80	c80	c80	c80	c80	c80	c80	c80	c80	c80	c80	c80	c80	c80	c80	c80	c80	c80	c80	c80	c80	c80	c80	c80	c80	c80	c80	c80	c80	c80	c80	c80	c80	c80	c80	c80	c80	c80	c80	c80	c80	c80	c80	c80	c80	c80	c80	c80	c80	c80	c80	c80	c80	c80	c80	c80	c80	c80	c80	c80	c80	c80	c80	c80	c80	c80	c80	c80	c80	c80	c80	c80	c80	c80	c80	c80	c80	c80	c80	c80	c80	c80	c80	c80	c80	c80	c80	c80	c80	c80	c80	c80	c80	c80	c80	c80	c80	c80	c80	c80	c80	c80	c80	c80	c80	c80	c80	c80	c80	c80	c80	c80	c80	c80	c80	c80	c80	c80	c80	c80	c80	c80	c80	c80	c80	c80	c80	c80	c80	c80	c80	c80	c80	c80	c80	c80	c80	c80	c80	c80	c80	c80	c80	c80	c80	c80	c80	c80	c80	c80	c80	c80	c80	c80	c80	c80	c80	c80	c80	c80	c80	c80	c80	c80	c80	c80	c80	c80	c80	c80	c80	c80	c80	c80	c80	c80	c80	c80	c80	c80	c80	c80	c80	c80	c80	c80	c80	c80	c80	c80	c80	c80	c80	c80	c80	c80	c80	c80	c80	c80	c80	c80	c80	c80	c80	c80	c80	c80	c80	c80	c80	c80	c80	c80	c80	c80	c80	c80	c80	c80	c80	c80	c80	c80	c80	c80	c80	c80	c80	c80	c80	c80	c80	c80	c80	c80	c80	c80	c80	c80	c80	c80	c80	c80	c80	c80	c80	c80	c80	c80	c80	c80	c80	c80	c80	c80	c80	c80	c80	c80	c80	c80	c80	c80	c80	c80	c80	c80	c80	c80	c80	c80	c80	c80	c80	c80	c80	c80	c80	c80	c80	c80	c80	c80	c80	c80	c80	c80	c80	c80	c80	c80	c80	c80	c80	c80	c80	c80	c80	c80	c80	c80	c80	c80	c80	c80	c80	c80	c80	c80	c80	c80	c80	c80	c80	c80	c80	c80	c80	c80	c80	c80	c80	c80	c80	c80	c80	c80	c80	c80	c80	c80	c80	c80	c80	c80	c80	c80	c80	c80	c80	c80	c80	c80	c80	c80	c80	c80	c80	c80	c80	c80	c80	c80	c80	c80	c80	c80	c80	c80	c80	c80	c80	c80	c80	c80	c80	c80	c80	c80	c80	c80	c80	c80	c80	c80	c80	c80	c80	c80	c80	c80	c80	c80	c80	c80	c80	c80	c80	c80	c80	c80	c80	c80	c80	c80	c80	c80	c80	c80	c80	c80	c80	c80	c80	c80	c80	c80	c80	c80	c80	c80	c80	c80	c80	c80	c80
c80	c80	c80	c80	c80	c80	c80	c80	c80	c80	c80	c80	c80	c80	c80	c80	c80	c80	c80	c80	c80	c80	c80	c80	c80	c80	c80	c80	c80	c80	c80	c80	c80	c80	c80	c80	c80	c80	c80	c80	c80	c80	c80	c80	c80	c80	c80	c80	c80	c80	c80	c80	c80	c80	c80	c80	c80	c80	c80	c80	c80	c80	c80	c80	c80	c80	c80	c80	c80	c80	c80	c80	c80	c80	c80	c80	c80	c80	c80	c80	c80	c80	c80	c80	c80	c80	c80	c80	c80	c80	c80	c80	c80	c80	c80	c80	c80	c80	c80	c80	c80	c80	c80	c80	c80	c80	c80	c80	c80	c80	c80	c80	c80	c80	c80	c80	c80	c80	c80	c80	c80	c80	c80	c80	c80	c80	c80	c80	c80	c80	c80	c80	c80	c80	c80	c80	c80	c80	c80	c80	c80	c80	c80	c80	c80	c80	c80	c80	c80	c80	c80	c80	c80	c80	c80	c80	c80	c80	c80	c80	c80	c80	c80	c80	c80	c80	c80	c80	c80	c80	c80	c80	c80	c80	c80	c80	c80	c80	c80	c80	c80	c80	c80	c80	c80	c80	c80	c80	c80	c80	c80	c80	c80	c80	c80	c80	c80	c80	c80	c80	c80	c80	c80	c80	c80	c80	c80	c80	c80	c80	c80	c80	c80	c80	c80	c80	c80	c80	c80	c80	c80	c80	c80	c80	c80	c80	c80	c80	c80	c80	c80	c80	c80	c80	c80	c80	c80	c80	c80	c80	c80	c80	c80	c80	c80	c80	c80	c80	c80	c80	c80	c80	c80	c80	c80	c80	c80	c80	c80	c80	c80	c80	c80	c80	c80	c80	c80	c80	c80	c80	c80	c80	c80	c80	c80	c80	c80	c80	c80	c80	c80	c80	c80	c80	c80	c80	c80	c80	c80	c80	c80	c80	c80	c80	c80	c80	c80	c80	c80	c80	c80	c80	c80	c80	c80	c80	c80	c80	c80	c80	c80	c80	c80	c80	c80	c80	c80	c80	c80	c80	c80	c80	c80	c80	c80	c80	c80	c80	c80	c80	c80	c80	c80	c80	c80	c80	c80	c80	c80	c80	c80	c80	c80	c80	c80	c80	c80	c80	c80	c80	c80	c80	c80	c80	c80	c80	c80	c80	c80	c80	c80	c80	c80	c80	c80	c80	c80	c80	c80	c80	c80	c80	c80	c80	c80	c80	c80	c80	c80	c80	c80	c80	c80	c80	c80	c80	c80	c80	c80	c80	c80	c80	c80	c80	c80	c80	c80	c80	c80	c80	c80	c80	c80	c80	c80	c80	c80	c80	c80	c80	c80	c80	c80	c80	c80	c80	c80	c80	c80	c80	c80	c80	c80	c80	c80	c80	c80	c80	c80	c80	c80	c80	c80	c80	c80	c80	c80	c80	c80	c80	c80	c80	c80	c80	c80	c80	c80	c80	c80	c80	c80	c80	c80	c80	c80	c80	c80	c80	c80	c80	c80	c80	c80	c80	c80	c80	c80	c80	c80	c80	c80	c80	c80	c80	c80	c80	c80	c80	c80	c80	c80	c80	c80	c80	c80	c80	c80	c80	c80	c80	c80	c80	c80	c80	c80	c80	c80	c80	c80	c80	c80	c80	c80	c80	c80	c80	c80	c80	c80	c80	c80	c80
c80	c80	c80	c80	c80	c80	c80	c80	c80	c80	c80	c80	c80	c80	c80	c80	c80	c80	c80	c80	c80	c80	c80	c80	c80	c80	c80	c80	c80	c80	c80	c80	c80	c80	c80	c80	c80	c80	c80	c80	c80	c80	c80	c80	c80	c80	c80	c80	c80	c80	c80	c80	c80	c80	c80	c80	c80	c80	c80	c80	c80	c80	c80	c80	c80	c80	c80	c80	c80	c80	c80	c80	c80	c80	c80	c80	c80	c80	c80	c80	c80	c80	c80	c80	c80	c80	c80	c80	c80	c80	c80	c80	c80	c80	c80	c80	c80	c80	c80	c80	c80	c80	c80	c80	c80	c80	c80	c80	c80	c80	c80	c80	c80	c80	c80	c80	c80	c80	c80	c80	c80	c80	c80	c80	c80	c80	c80	c80	c80	c80	c80	c80	c80	c80	c80	c80	c80	c80	c80	c80	c80	c80	c80	c80	c80	c80	c80	c80	c80	c80	c80	c80	c80	c80	c80	c80	c80	c80	c80	c80	c80	c80	c80	c80	c80	c80	c80	c80	c80	c80	c80	c80	c80	c80	c80	c80	c80	c80	c80	c80	c80	c80	c80	c80	c80	c80	c80	c80	c80	c80	c80	c80	c80	c80	c80	c80	c80	c80	c80	c80	c80	c80	c80	c80	c80	c80	c80	c80	c80	c80	c80	c80	c80	c80	c80	c80	c80	c80	c80	c80	c80	c80	c80	c80	c80	c80	c80	c80	c80	c80	c80	c80	c80	c80	c80	c80	c80	c80	c80	c80	c80	c80	c80	c80	c80	c80	c80	c80	c80	c80	c80	c80	c80	c80	c80	c80	c80	c80	c80	c80	c80	c80	c80	c80	c80	c80	c80	c80	c80	c80	c80	c80	c80	c80	c80	c80	c80	c80	c80	c80	c80	c80	c80	c80	c80	c80	c80	c80	c80	c80	c80	c80	c80	c80	c80	c80	c80	c80	c80	c80	c80	c80	c80	c80	c80	c80	c80	c80	c80	c80	c80	c80	c80	c80	c80	c80	c80	c80	c80	c80	c80	c80	c80	c80	c80	c80	c80	c80	c80	c80	c80	c80	c80	c80	c80	c80	c80	c80	c80	c80	c80	c80	c80	c80	c80	c80	c80	c80	c80	c80	c80	c80	c80	c80	c80	c80	c80	c80	c80	c80	c80	c80	c80	c80	c80	c80	c80	c80	c80	c80	c80	c80	c80	c80	c80	c80	c80	c80	c80	c80	c80	c80	c80	c80	c80	c80	c80	c80	c80	c80	c80	c80	c80	c80	c80	c80	c80	c80	c80	c80	c80	c80	c80	c80	c80	c80	c80	c80	c80	c80	c80	c80	c80	c80	c80	c80	c80	c80	c80	c80	c80	c80	c80	c80	c80	c80	c80	c80	c80	c80	c80	c80	c80	c80	c80	c80	c80	c80	c80	c80	c80	c80	c80	c80	c80	c80	c80	c80	c80	c80	c80	c80	c80	c80	c80	c80	c80	c80	c80	c80	c80	c80	c80	c80	c80	c80	c80	c80	c80	c80	c80	c80	c80	c80	c80	c80	c80	c80	c80	c80	c80	c80	c80	c80	c80	c80	c80	c80	c80	c80	c80	c80	c80	c80	c80	c80	c80	c80	c80	c80	c80	c80	c80	c80	c80	c80	c80	c80	c80	c80	c80	c80
c80	c80	c80	c80	c80	c80	c80	c80	c80	c80	c80	c80	c80	c80	c80	c80	c80	c80	c80	c80	c80	c80	c80	c80	c80	c80	c80	c80	c80	c80	c80	c80	c80	c80	c80	c80	c80	c80	c80	c80	c80	c80	c80	c80	c80	c80	c80	c80	c80	c80	c80	c80	c80	c80	c80	c80	c80	c80	c80	c80	c80	c80	c80	c80	c80	c80	c80	c80	c80	c80	c80	c80	c80	c80	c80	c80	c80	c80	c80	c80	c80	c80	c80	c80	c80	c80	c80	c80	c80	c80	c80	c80	c80	c80	c80	c80	c80	c80	c80	c80	c80	c80	c80	c80	c80	c80	c80	c80	c80	c80	c80	c80	c80	c80	c80	c80	c80	c80	c80	c80	c80	c80	c80	c80	c80	c80	c80	c80	c80	c80	c80	c80	c80	c80	c80	c80	c80	c80	c80	c80	c80	c80	c80	c80	c80	c80	c80	c80	c80	c80	c80	c80	c80	c80	c80	c80	c80	c80	c80	c80	c80	c80	c80	c80	c80	c80	c80	c80	c80	c80	c80	c80	c80	c80	c80	c80	c80	c80	c80	c80	c80	c80	c80	c80	c80	c80	c80	c80	c80	c80	c80	c80	c80	c80	c80	c80	c80	c80	c80	c80	c80	c80	c80	c80	c80	c80	c80	c80	c80	c80	c80	c80	c80	c80	c80	c80	c80	c80	c80	c80	c80	c80	c80	c80	c80	c80	c80	c80	c80	c80	c80	c80	c80	c80	c80	c80	c80	c80	c80	c80	c80	c80	c80	c80	c80	c80	c80	c80	c80	c80	c80	c80	c80	c80	c80	c80	c80	c80	c80	c80	c80	c80	c80	c80	c80	c80	c80	c80	c80	c80	c80	c80	c80	c80	c80	c80	c80	c80	c80	c80	c80	c80	c80	c80	c80	c80	c80	c80	c80	c80	c80	c80	c80	c80	c80	c80	c80	c80	c80	c80	c80	c80	c80	c80	c80	c80	c80	c80	c80	c80	c80	c80	c80	c80	c80	c80	c80	c80	c80	c80	c80	c80	c80	c80	c80	c80	c80	c80	c80	c80	c80	c80	c80	c80	c80	c80	c80	c80	c80	c80	c80	c80	c80	c80	c80	c80	c80	c80	c80	c80	c80	c80	c80	c80	c80	c80	c80	c80	c80	c80	c80	c80	c80	c80	c80	c80	c80	c80	c80	c80	c80	c80	c80	c80	c80	c80	c80	c80	c80	c80	c80	c80	c80	c80	c80	c80	c80	c80	c80	c80	c80	c80	c80	c80	c80	c80	c80	c80	c80	c80	c80	c80	c80	c80	c80	c80	c80	c80	c80	c80	c80	c80	c80	c80	c80	c80	c80	c80	c80	c80	c80	c80	c80	c80	c80	c80	c80	c80	c80	c80	c80	c80	c80	c80	c80	c80	c80	c80	c80	c80	c80	c80	c80	c80	c80	c80	c80	c80	c80	c80	c80	c80	c80	c80	c80	c80	c80	c80	c80	c80	c80	c80	c80	c80	c80	c80	c80	c80	c80	c80	c80	c80	c80	c80	c80	c80	c80	c80	c80	c80	c80	c80	c80	c80	c80	c80	c80	c80	c80	c80	c80	c80	c80	c80	c80	c80	c80	c80	c80	c80	c80	c80	c80	c80	c80	c80	c80	c80	c80	c80	c80	c80
c80	c80	c80	c80	c80	c80	c80	c80	c80	c80	c80	c80	c80	c80	c80	c80	c80	c80	c80	c80	c80	c80	c80	c80	c80	c80	c80	c80	c80	c80	c80	c80	c80	c80	c80	c80	c80	c80	c80	c80	c80	c80	c80	c80	c80	c80	c80	c80	c80	c80	c80	c80	c80	c80	c80	c80	c80	c80	c80	c80	c80	c80	c80	c80	c80	c80	c80	c80	c80	c80	c80	c80	c80	c80	c80	c80	c80	c80	c80	c80	c80	c80	c80	c80	c80	c80	c80	c80	c80	c80	c80	c80	c80	c80	c80	c80	c80	c80	c80	c80	c80	c80	c80	c80	c80	c80	c80	c80	c80	c80	c80	c80	c80	c80	c80	c80	c80	c80	c80	c80	c80	c80	c80	c80	c80	c80	c80	c80	c80	c80	c80	c80	c80	c80	c80	c80	c80	c80	c80	c80	c80	c80	c80	c80	c80	c80	c80	c80	c80	c80	c80	c80	c80	c80	c80	c80	c80	c80	c80	c80	c80	c80	c80	c80	c80	c80	c80	c80	c80	c80	c80	c80	c80	c80	c80	c80	c80	c80	c80	c80	c80	c80	c80	c80	c80	c80	c80	c80	c80	c80	c80	c80	c80	c80	c80	c80	c80	c80	c80	c80	c80	c80	c80	c80	c80	c80	c80	c80	c80	c80	c80	c80	c80	c80	c80	c80	c80	c80	c80	c80	c80	c80	c80	c80	c80	c80	c80	c80	c80	c80	c80	c80	c80	c80	c80	c80	c80	c80	c80	c80	c80	c80	c80	c80	c80	c80	c80	c80	c80	c80	c80	c80	c80	c80	c80	c80	c80	c80	c80	c80	c80	c80	c80	c80	c80	c80	c80	c80	c80	c80	c80	c80	c80	c80	c80	c80	c80	c80	c80	c80	c80	c80	c80	c80	c80	c80	c80	c80	c80	c80	c80	c80	c80	c80	c80	c80	c80	c80	c80	c80	c80	c80	c80	c80	c80	c80	c80	c80	c80	c80	c80	c80	c80	c80	c80	c80	c80	c80	c80	c80	c80	c80	c80	c80	c80	c80	c80	c80	c80	c80	c80	c80	c80	c80	c80	c80	c80	c80	c80	c80	c80	c80	c80	c80	c80	c80	c80	c80	c80	c80	c80	c80	c80	c80	c80	c80	c80	c80	c80	c80	c80	c80	c80	c80	c80	c80	c80	c80	c80	c80	c80	c80	c80	c80	c80	c80	c80	c80	c80	c80	c80	c80	c80	c80	c80	c80	c80	c80	c80	c80	c80	c80	c80	c80	c80	c80	c80	c80	c80	c80	c80	c80	c80	c80	c80	c80	c80	c80	c80	c80	c80	c80	c80	c80	c80	c80	c80	c80	c80	c80	c80	c80	c80	c80	c80	c80	c80	c80	c80	c80	c80	c80	c80	c80	c80	c80	c80	c80	c80	c80	c80	c80	c80	c80	c80	c80	c80	c80	c80	c80	c80	c80	c80	c80	c80	c80	c80	c80	c80	c80	c80	c80	c80	c80	c80	c80	c80	c80	c80	c80	c80	c80	c80	c80	c80	c80	c80	c80	c80	c80	c80	c80	c80	c80	c80	c80	c80	c80	c80	c80	c80	c80	c80	c80	c80	c80	c80	c80	c80	c80	c80	c80	c80	c80	c80	c80	c80	c80	c80	c80	c80	c80
c80	c80	c80	c80	c80	c80	c80	c80	c80	c80	c80	c80	c80	c80	c80	c80	c80	c80	c80	c80	c80	c80	c80	c80	c80	c80	c80	c80	c80	c80	c80	c80	c80	c80	c80	c80	c80	c80	c80	c80	c80	c80	c80	c80	c80	c80	c80	c80	c80	c80	c80	c80	c80	c80	c80	c80	c80	c80	c80	c80	c80	c80	c80	c80	c80	c80	c80	c80	c80	c80	c80	c80	c80	c80	c80	c80	c80	c80	c80	c80	c80	c80	c80	c80	c80	c80	c80	c80	c80	c80	c80	c80	c80	c80	c80	c80	c80	c80	c80	c80	c80	c80	c80	c80	c80	c80	c80	c80	c80	c80	c80	c80	c80	c80	c80	c80	c80	c80	c80	c80	c80	c80	c80	c80	c80	c80	c80	c80	c80	c80	c80	c80	c80	c80	c80	c80	c80	c80	c80	c80	c80	c80	c80	c80	c80	c80	c80	c80	c80	c80	c80	c80	c80	c80	c80	c80	c80	c80	c80	c80	c80	c80	c80	c80	c80	c80	c80	c80	c80	c80	c80	c80	c80	c80	c80	c80	c80	c80	c80	c80	c80	c80	c80	c80	c80	c80	c80	c80	c80	c80	c80	c80	c80	c80	c80	c80	c80	c80	c80	c80	c80	c80	c80	c80	c80	c80	c80	c80	c80	c80	c80	c80	c80	c80	c80	c80	c80	c80	c80	c80	c80	c80	c80	c80	c80	c80	c80	c80	c80	c80	c80	c80	c80	c80	c80	c80	c80	c80	c80	c80	c80	c80	c80	c80	c80	c80	c80	c80	c80	c80	c80	c80	c80	c80	c80	c80	c80	c80	c80	c80	c80	c80	c80	c80	c80	c80	c80	c80	c80	c80	c80	c80	c80	c80	c80	c80	c80	c80	c80	c80	c80	c80	c80	c80	c80	c80	c80	c80	c80	c80	c80	c80	c80	c80	c80	c80	c80	c80	c80	c80	c80	c80	c80	c80	c80	c80	c80	c80	c80	c80	c80	c80	c80	c80	c80	c80	c80	c80	c80	c80	c80	c80	c80	c80	c80	c80	c80	c80	c80	c80	c80	c80	c80	c80	c80	c80	c80	c80	c80	c80	c80	c80	c80	c80	c80	c80	c80	c80	c80	c80	c80	c80	c80	c80	c80	c80	c80	c80	c80	c80	c80	c80	c80	c80	c80	c80	c80	c80	c80	c80	c80	c80	c80	c80	c80	c80	c80	c80	c80	c80	c80	c80	c80	c80	c80	c80	c80	c80	c80	c80	c80	c80	c80	c80	c80	c80	c80	c80	c80	c80	c80	c80	c80	c80	c80	c80	c80	c80	c80	c80	c80	c80	c80	c80	c80	c80	c80	c80	c80	c80	c80	c80	c80	c80	c80	c80	c80	c80	c80	c80	c80	c80	c80	c80	c80	c80	c80	c80	c80	c80	c80	c80	c80	c80	c80	c80	c80	c80	c80	c80	c80	c80	c80	c80	c80	c80	c80	c80	c80	c80	c80	c80	c80	c80	c80	c80	c80	c80	c80	c80	c80	c80	c80	c80	c80	c80	c80	c80	c80	c80	c80	c80	c80	c80	c80	c80	c80	c80	c80	c80	c80	c80	c80	c80	c80	c80	c80	c80	c80	c80	c80	c80	c80	c80	c80	c80	c80	c80	c80	c80	c80	c80
c80	c80	c80	c80	c80	c80	c80	c80	c80	c80	c80	c80	c80	c80	c80	c80	c80	c80	c80	c80	c80	c80	c80	c80	c80	c80	c80	c80	c80	c80	c80	c80	c80	c80	c80	c80	c80	c80	c80	c80	c80	c80	c80	c80	c80	c80	c80	c80	c80	c80	c80	c80	c80	c80	c80	c80	c80	c80	c80	c80	c80	c80	c80	c80	c80	c80	c80	c80	c80	c80	c80	c80	c80	c80	c80	c80	c80	c80	c80	c80	c80	c80	c80	c80	c80	c80	c80	c80	c80	c80	c80	c80	c80	c80	c80	c80	c80	c80	c80	c80	c80	c80	c80	c80	c80	c80	c80	c80	c80	c80	c80	c80	c80	c80	c80	c80	c80	c80	c80	c80	c80	c80	c80	c80	c80	c80	c80	c80	c80	c80	c80	c80	c80	c80	c80	c80	c80	c80	c80	c80	c80	c80	c80	c80	c80	c80	c80	c80	c80	c80	c80	c80	c80	c80	c80	c80	c80	c80	c80	c80	c80	c80	c80	c80	c80	c80	c80	c80	c80	c80	c80	c80	c80	c80	c80	c80	c80	c80	c80	c80	c80	c80	c80	c80	c80	c80	c80	c80	c80	c80	c80	c80	c80	c80	c80	c80	c80	c80	c80	c80	c80	c80	c80	c80	c80	c80	c80	c80	c80	c80	c80	c80	c80	c80	c80	c80	c80	c80	c80	c80	c80	c80	c80	c80	c80	c80	c80	c80	c80	c80	c80	c80	c80	c80	c80	c80	c80	c80	c80	c80	c80	c80	c80	c80	c80	c80	c80	c80	c80	c80	c80	c80	c80	c80	c80	c80	c80	c80	c80	c80	c80	c80	c80	c80	c80	c80	c80	c80	c80	c80	c80	c80	c80	c80	c80	c80	c80	c80	c80	c80	c80	c80	c80	c80	c80	c80	c80	c80	c80	c80	c80	c80	c80	c80	c80	c80	c80	c80	c80	c80	c80	c80	c80	c80	c80	c80	c80	c80	c80	c80	c80	c80	c80	c80	c80	c80	c80	c80	c80	c80	c80	c80	c80	c80	c80	c80	c80	c80	c80	c80	c80	c80	c80	c80	c80	c80	c80	c80	c80	c80	c80	c80	c80	c80	c80	c80	c80	c80	c80	c80	c80	c80	c80	c80	c80	c80	c80	c80	c80	c80	c80	c80	c80	c80	c80	c80	c80	c80	c80	c80	c80	c80	c80	c80	c80	c80	c80	c80	c80	c80	c80	c80	c80	c80	c80	c80	c80	c80	c80	c80	c80	c80	c80	c80	c80	c80	c80	c80	c80	c80	c80	c80	c80	c80	c80	c80	c80	c80	c80	c80	c80	c80	c80	c80	c80	c80	c80	c80	c80	c80	c80	c80	c80	c80	c80	c80	c80	c80	c80	c80	c80	c80	c80	c80	c80	c80	c80	c80	c80	c80	c80	c80	c80	c80	c80	c80	c80	c80	c80	c80	c80	c80	c80	c80	c80	c80	c80	c80	c80	c80	c80	c80	c80	c80	c80	c80	c80	c80	c80	c80	c80	c80	c80	c80	c80	c80	c80	c80	c80	c80	c80	c80	c80	c80	c80	c80	c80	c80	c80	c80	c80	c80	c80	c80	c80	c80	c80	c80	c80	c80	c80	c80	c80	c80	c80	c80	c80	c80	c80	c80	c80	c80
c80	c80	c80	c80	c80	c80	c80	c80	c80	c80	c80	c80	c80	c80	c80	c80	c80	c80	c80	c80	c80	c80	c80	c80	c80	c80	c80	c80	c80	c80	c80	c80	c80	c80	c80	c80	c80	c80	c80	c80	c80	c80	c80	c80	c80	c80	c80	c80	c80	c80	c80	c80	c80	c80	c80	c80	c80	c80	c80	c80	c80	c80	c80	c80	c80	c80	c80	c80	c80	c80	c80	c80	c80	c80	c80	c80	c80	c80	c80	c80	c80	c80	c80	c80	c80	c80	c80	c80	c80	c80	c80	c80	c80	c80	c80	c80	c80	c80	c80	c80	c80	c80	c80	c80	c80	c80	c80	c80	c80	c80	c80	c80	c80	c80	c80	c80	c80	c80	c80	c80	c80	c80	c80	c80	c80	c80	c80	c80	c80	c80	c80	c80	c80	c80	c80	c80	c80	c80	c80	c80	c80	c80	c80	c80	c80	c80	c80	c80	c80	c80	c80	c80	c80	c80	c80	c80	c80	c80	c80	c80	c80	c80	c80	c80	c80	c80	c80	c80	c80	c80	c80	c80	c80	c80	c80	c80	c80	c80	c80	c80	c80	c80	c80	c80	c80	c80	c80	c80	c80	c80	c80	c80	c80	c80	c80	c80	c80	c80	c80	c80	c80	c80	c80	c80	c80	c80	c80	c80	c80	c80	c80	c80	c80	c80	c80	c80	c80	c80	c80	c80	c80	c80	c80	c80	c80	c80	c80	c80	c80	c80	c80	c80	c80	c80	c80	c80	c80	c80	c80	c80	c80	c80	c80	c80	c80	c80	c80	c80	c80	c80	c80	c80	c80	c80	c80	c80	c80	c80	c80	c80	c80	c80	c80	c80	c80	c80	c80	c80	c80	c80	c80	c80	c80	c80	c80	c80	c80	c80	c80	c80	c80	c80	c80	c80	c80	c80	c80	c80	c80	c80	c80	c80	c80	c80	c80	c80	c80	c80	c80	c80	c80	c80	c80	c80	c80	c80	c80	c80	c80	c80	c80	c80	c80	c80	c80	c80	c80	c80	c80	c80	c80	c80	c80	c80	c80	c80	c80	c80	c80	c80	c80	c80	c80	c80	c80	c80	c80	c80	c80	c80	c80	c80	c80	c80	c80	c80	c80	c80	c80	c80	c80	c80	c80	c80	c80	c80	c80	c80	c80	c80	c80	c80	c80	c80	c80	c80	c80	c80	c80	c80	c80	c80	c80	c80	c80	c80	c80	c80	c80	c80	c80	c80	c80	c80	c80	c80	c80	c80	c80	c80	c80	c80	c80	c80	c80	c80	c80	c80	c80	c80	c80	c80	c80	c80	c80	c80	c80	c80	c80	c80	c80	c80	c80	c80	c80	c80	c80	c80	c80	c80	c80	c80	c80	c80	c80	c80	c80	c80	c80	c80	c80	c80	c80	c80	c80	c80	c80	c80	c80	c80	c80	c80	c80	c80	c80	c80	c80	c80	c80	c80	c80	c80	c80	c80	c80	c80	c80	c80	c80	c80	c80	c80	c80	c80	c80	c80	c80	c80	c80	c80	c80	c80	c80	c80	c80	c80	c80	c80	c80	c80	c80	c80	c80	c80	c80	c80	c80	c80	c80	c80	c80	c80	c80	c80	c80	c80	c80	c80	c80	c80	c80	c80	c80	c80	c80	c80	c80	c80	c80	c80	c80	c80
c80	c80	c80	c80	c80	c80	c80	c80	c80	c80	c80	c80	c80	c80	c80	c80	c80	c80	c80	c80	c80	c80	c80	c80	c80	c80	c80	c80	c80	c80	c80	c80	c80	c80	c80	c80	c80	c80	c80	c80	c80	c80	c80	c80	c80	c80	c80	c80	c80	c80	c80	c80	c80	c80	c80	c80	c80	c80	c80	c80	c80	c80	c80	c80	c80	c80	c80	c80	c80	c80	c80	c80	c80	c80	c80	c80	c80	c80	c80	c80	c80	c80	c80	c80	c80	c80	c80	c80	c80	c80	c80	c80	c80	c80	c80	c80	c80	c80	c80	c80	c80	c80	c80	c80	c80	c80	c80	c80	c80	c80	c80	c80	c80	c80	c80	c80	c80	c80	c80	c80	c80	c80	c80	c80	c80	c80	c80	c80	c80	c80	c80	c80	c80	c80	c80	c80	c80	c80	c80	c80	c80	c80	c80	c80	c80	c80	c80	c80	c80	c80	c80	c80	c80	c80	c80	c80	c80	c80	c80	c80	c80	c80	c80	c80	c80	c80	c80	c80	c80	c80	c80	c80	c80	c80	c80	c80	c80	c80	c80	c80	c80	c80	c80	c80	c80	c80	c80	c80	c80	c80	c80	c80	c80	c80	c80	c80	c80	c80	c80	c80	c80	c80	c80	c80	c80	c80	c80	c80	c80	c80	c80	c80	c80	c80	c80	c80	c80	c80	c80	c80	c80	c80	c80	c80	c80	c80	c80	c80	c80	c80	c80	c80	c80	c80	c80	c80	c80	c80	c80	c80	c80	c80	c80	c80	c80	c80	c80	c80	c80	c80	c80	c80	c80	c80	c80	c80	c80	c80	c80	c80	c80	c80	c80	c80	c80	c80	c80	c80	c80	c80	c80	c80	c80	c80	c80	c80	c80	c80	c80	c80	c80	c80	c80	c80	c80	c80	c80	c80	c80	c80	c80	c80	c80	c80	c80	c80	c80	c80	c80	c80	c80	c80	c80	c80	c80	c80	c80	c80	c80	c80	c80	c80	c80	c80	c80	c80	c80	c80	c80	c80	c80	c80	c80	c80	c80	c80	c80	c80	c80	c80	c80	c80	c80	c80	c80	c80	c80	c80	c80	c80	c80	c80	c80	c80	c80	c80	c80	c80	c80	c80	c80	c80	c80	c80	c80	c80	c80	c80	c80	c80	c80	c80	c80	c80	c80	c80	c80	c80	c80	c80	c80	c80	c80	c80	c80	c80	c80	c80	c80	c80	c80	c80	c80	c80	c80	c80	c80	c80	c80	c80	c80	c80	c80	c80	c80	c80	c80	c80	c80	c80	c80	c80	c80	c80	c80	c80	c80	c80	c80	c80	c80	c80	c80	c80	c80	c80	c80	c80	c80	c80	c80	c80	c80	c80	c80	c80	c80	c80	c80	c80	c80	c80	c80	c80	c80	c80	c80	c80	c80	c80	c80	c80	c80	c80	c80	c80	c80	c80	c80	c80	c80	c80	c80	c80	c80	c80	c80	c80	c80	c80	c80	c80	c80	c80	c80	c80	c80	c80	c80	c80	c80	c80	c80	c80	c80	c80	c80	c80	c80	c80	c80	c80	c80	c80	c80	c80	c80	c80	c80	c80	c80	c80	c80	c80	c80	c80	c80	c80	c80	c80	c80	c80	c80	c80	c80	c80	c80	c80	c80	c80	c80	c80
c80	c80	c80	c80	c80	c80	c80	c80	c80	c80	c80	c80	c80	c80	c80	c80	c80	c80	c80	c80	c80	c80	c80	c80	c80	c80	c80	c80	c80	c80	c80	c80	c80	c80	c80	c80	c80	c80	c80	c80	c80	c80	c80	c80	c80	c80	c80	c80	c80	c80	c80	c80	c80	c80	c80	c80	c80	c80	c80	c80	c80	c80	c80	c80	c80	c80	c80	c80	c80	c80	c80	c80	c80	c80	c80	c80	c80	c80	c80	c80	c80	c80	c80	c80	c80	c80	c80	c80	c80	c80	c80	c80	c80	c80	c80	c80	c80	c80	c80	c80	c80	c80	c80	c80	c80	c80	c80	c80	c80	c80	c80	c80	c80	c80	c80	c80	c80	c80	c80	c80	c80	c80	c80	c80	c80	c80	c80	c80	c80	c80	c80	c80	c80	c80	c80	c80	c80	c80	c80	c80	c80	c80	c80	c80	c80	c80	c80	c80	c80	c80	c80	c80	c80	c80	c80	c80	c80	c80	c80	c80	c80	c80	c80	c80	c80	c80	c80	c80	c80	c80	c80	c80	c80	c80	c80	c80	c80	c80	c80	c80	c80	c80	c80	c80	c80	c80	c80	c80	c80	c80	c80	c80	c80	c80	c80	c80	c80	c80	c80	c80	c80	c80	c80	c80	c80	c80	c80	c80	c80	c80	c80	c80	c80	c80	c80	c80	c80	c80	c80	c80	c80	c80	c80	c80	c80	c80	c80	c80	c80	c80	c80	c80	c80	c80	c80	c80	c80	c80	c80	c80	c80	c80	c80	c80	c80	c80	c80	c80	c80	c80	c80	c80	c80	c80	c80	c80	c80	c80	c80	c80	c80	c80	c80	c80	c80	c80	c80	c80	c80	c80	c80	c80	c80	c80	c80	c80	c80	c80	c80	c80	c80	c80	c80	c80	c80	c80	c80	c80	c80	c80	c80	c80	c80	c80	c80	c80	c80	c80	c80	c80	c80	c80	c80	c80	c80	c80	c80	c80	c80	c80	c80	c80	c80	c80	c80	c80	c80	c80	c80	c80	c80	c80	c80	c80	c80	c80	c80	c80	c80	c80	c80	c80	c80	c80	c80	c80	c80	c80	c80	c80	c80	c80	c80	c80	c80	c80	c80	c80	c80	c80	c80	c80	c80	c80	c80	c80	c80	c80	c80	c80	c80	c80	c80	c80	c80	c80	c80	c80	c80	c80	c80	c80	c80	c80	c80	c80	c80	c80	c80	c80	c80	c80	c80	c80	c80	c80	c80	c80	c80	c80	c80	c80	c80	c80	c80	c80	c80	c80	c80	c80	c80	c80	c80	c80	c80	c80	c80	c80	c80	c80	c80	c80	c80	c80	c80	c80	c80	c80	c80	c80	c80	c80	c80	c80	c80	c80	c80	c80	c80	c80	c80	c80	c80	c80	c80	c80	c80	c80	c80	c80	c80	c80	c80	c80	c80	c80	c80	c80	c80	c80	c80	c80	c80	c80	c80	c80	c80	c80	c80	c80	c80	c80	c80	c80	c80	c80	c80	c80	c80	c80	c80	c80	c80	c80	c80	c80	c80	c80	c80	c80	c80	c80	c80	c80	c80	c80	c80	c80	c80	c80	c80	c80	c80	c80	c80	c80	c80	c80	c80	c80	c80	c80	c80	c80	c80	c80	c80	c80	c80	c80	c80	c80
c80	c80	c80	c80	c80	c80	c80	c80	c80	c80	c80	c80	c80	c80	c80	c80	c80	c80	c80	c80	c80	c80	c80	c80	c80	c80	c80	c80	c80	c80	c80	c80	c80	c80	c80	c80	c80	c80	c80	c80	c80	c80	c80	c80	c80	c80	c80	c80	c80	c80	c80	c80	c80	c80	c80	c80	c80	c80	c80	c80	c80	c80	c80	c80	c80	c80	c80	c80	c80	c80	c80	c80	c80	c80	c80	c80	c80	c80	c80	c80	c80	c80	c80	c80	c80	c80	c80	c80	c80	c80	c80	c80	c80	c80	c80	c80	c80	c80	c80	c80	c80	c80	c80	c80	c80	c80	c80	c80	c80	c80	c80	c80	c80	c80	c80	c80	c80	c80	c80	c80	c80	c80	c80	c80	c80	c80	c80	c80	c80	c80	c80	c80	c80	c80	c80	c80	c80	c80	c80	c80	c80	c80	c80	c80	c80	c80	c80	c80	c80	c80	c80	c80	c80	c80	c80	c80	c80	c80	c80	c80	c80	c80	c80	c80	c80	c80	c80	c80	c80	c80	c80	c80	c80	c80	c80	c80	c80	c80	c80	c80	c80	c80	c80	c80	c80	c80	c80	c80	c80	c80	c80	c80	c80	c80	c80	c80	c80	c80	c80	c80	c80	c80	c80	c80	c80	c80	c80	c80	c80	c80	c80	c80	c80	c80	c80	c80	c80	c80	c80	c80	c80	c80	c80	c80	c80	c80	c80	c80	c80	c80	c80	c80	c80	c80	c80	c80	c80	c80	c80	c80	c80	c80	c80	c80	c80	c80	c80	c80	c80	c80	c80	c80	c80	c80	c80	c80	c80	c80	c80	c80	c80	c80	c80	c80	c80	c80	c80	c80	c80	c80	c80	c80	c80	c80	c80	c80	c80	c80	c80	c80	c80	c80	c80	c80	c80	c80	c80	c80	c80	c80	c80	c80	c80	c80	c80	c80	c80	c80	c80	c80	c80	c80	c80	c80	c80	c80	c80	c80	c80	c80	c80	c80	c80	c80	c80	c80	c80	c80	c80	c80	c80	c80	c80	c80	c80	c80	c80	c80	c80	c80	c80	c80	c80	c80	c80	c80	c80	c80	c80	c80	c80	c80	c80	c80	c80	c80	c80	c80	c80	c80	c80	c80	c80	c80	c80	c80	c80	c80	c80	c80	c80	c80	c80	c80	c80	c80	c80	c80	c80	c80	c80	c80	c80	c80	c80	c80	c80	c80	c80	c80	c80	c80	c80	c80	c80	c80	c80	c80	c80	c80	c80	c80	c80	c80	c80	c80	c80	c80	c80	c80	c80	c80	c80	c80	c80	c80	c80	c80	c80	c80	c80	c80	c80	c80	c80	c80	c80	c80	c80	c80	c80	c80	c80	c80	c80	c80	c80	c80	c80	c80	c80	c80	c80	c80	c80	c80	c80	c80	c80	c80	c80	c80	c80	c80	c80	c80	c80	c80	c80	c80	c80	c80	c80	c80	c80	c80	c80	c80	c80	c80	c80	c80	c80	c80	c80	c80	c80	c80	c80	c80	c80	c80	c80	c80	c80	c80	c80	c80	c80	c80	c80	c80	c80	c80	c80	c80	c80	c80	c80	c80	c80	c80	c80	c80	c80	c80	c80	c80	c80	c80	c80	c80	c80	c80	c80	c80	c80	c80	c80	c80	c80	c80
c80	c80	c80	c80	c80	c80	c80	c80	c80	c80	c80	c80	c80	c80	c80	c80	c80	c80	c80	c80	c80	c80	c80	c80	c80	c80	c80	c80	c80	c80	c80	c80	c80	c80	c80	c80	c80	c80	c80	c80	c80	c80	c80	c80	c80	c80	c80	c80	c80	c80	c80	c80	c80	c80	c80	c80	c80	c80	c80	c80	c80	c80	c80	c80	c80	c80	c80	c80	c80	c80	c80	c80	c80	c80	c80	c80	c80	c80	c80	c80	c80	c80	c80	c80	c80	c80	c80	c80	c80	c80	c80	c80	c80	c80	c80	c80	c80	c80	c80	c80	c80	c80	c80	c80	c80	c80	c80	c80	c80	c80	c80	c80	c80	c80	c80	c80	c80	c80	c80	c80	c80	c80	c80	c80	c80	c80	c80	c80	c80	c80	c80	c80	c80	c80	c80	c80	c80	c80	c80	c80	c80	c80	c80	c80	c80	c80	c80	c80	c80	c80	c80	c80	c80	c80	c80	c80	c80	c80	c80	c80	c80	c80	c80	c80	c80	c80	c80	c80	c80	c80	c80	c80	c80	c80	c80	c80	c80	c80	c80	c80	c80	c80	c80	c80	c80	c80	c80	c80	c80	c80	c80	c80	c80	c80	c80	c80	c80	c80	c80	c80	c80	c80	c80	c80	c80	c80	c80	c80	c80	c80	c80	c80	c80	c80	c80	c80	c80	c80	c80	c80	c80	c80	c80	c80	c80	c80	c80	c80	c80	c80	c80	c80	c80	c80	c80	c80	c80	c80	c80	c80	c80	c80	c80	c80	c80	c80	c80	c80	c80	c80	c80	c80	c80	c80	c80	c80	c80	c80	c80	c80	c80	c80	c80	c80	c80	c80	c80	c80	c80	c80	c80	c80	c80	c80	c80	c80	c80	c80	c80	c80	c80	c80	c80	c80	c80	c80	c80	c80	c80	c80	c80	c80	c80	c80	c80	c80	c80	c80	c80	c80	c80	c80	c80	c80	c80	c80	c80	c80	c80	c80	c80	c80	c80	c80	c80	c80	c80	c80	c80	c80	c80	c80	c80	c80	c80	c80	c80	c80	c80	c80	c80	c80	c80	c80	c80	c80	c80	c80	c80	c80	c80	c80	c80	c80	c80	c80	c80	c80	c80	c80	c80	c80	c80	c80	c80	c80	c80	c80	c80	c80	c80	c80	c80	c80	c80	c80	c80	c80	c80	c80	c80	c80	c80	c80	c80	c80	c80	c80	c80	c80	c80	c80	c80	c80	c80	c80	c80	c80	c80	c80	c80	c80	c80	c80	c80	c80	c80	c80	c80	c80	c80	c80	c80	c80	c80	c80	c80	c80	c80	c80	c80	c80	c80	c80	c80	c80	c80	c80	c80	c80	c80	c80	c80	c80	c80	c80	c80	c80	c80	c80	c80	c80	c80	c80	c80	c80	c80	c80	c80	c80	c80	c80	c80	c80	c80	c80	c80	c80	c80	c80	c80	c80	c80	c80	c80	c80	c80	c80	c80	c80	c80	c80	c80	c80	c80	c80	c80	c80	c80	c80	c80	c80	c80	c80	c80	c80	c80	c80	c80	c80	c80	c80	c80	c80	c80	c80	c80	c80	c80	c80	c80	c80	c80	c80	c80	c80	c80	c80	c80	c80	c80	c80	c80	c80	c80	c80	c80	c80	c80	c80	c80	c80
c80	c80	c80	c80	c80	c80	c80	c80	c80	c80	c80	c80	c80	c80	c80	c80	c80	c80	c80	c80	c80	c80	c80	c80	c80	c80	c80	c80	c80	c80	c80	c80	c80	c80	c80	c80	c80	c80	c80	c80	c80	c80	c80	c80	c80	c80	c80	c80	c80	c80	c80	c80	c80	c80	c80	c80	c80	c80	c80	c80	c80	c80	c80	c80	c80	c80	c80	c80	c80	c80	c80	c80	c80	c80	c80	c80	c80	c80	c80	c80	c80	c80	c80	c80	c80	c80	c80	c80	c80	c80	c80	c80	c80	c80	c80	c80	c80	c80	c80	c80	c80	c80	c80	c80	c80	c80	c80	c80	c80	c80	c80	c80	c80	c80	c80	c80	c80	c80	c80	c80	c80	c80	c80	c80	c80	c80	c80	c80	c80	c80	c80	c80	c80	c80	c80	c80	c80	c80	c80	c80	c80	c80	c80	c80	c80	c80	c80	c80	c80	c80	c80	c80	c80	c80	c80	c80	c80	c80	c80	c80	c80	c80	c80	c80	c80	c80	c80	c80	c80	c80	c80	c80	c80	c80	c80	c80	c80	c80	c80	c80	c80	c80	c80	c80	c80	c80	c80	c80	c80	c80	c80	c80	c80	c80	c80	c80	c80	c80	c80	c80	c80	c80	c80	c80	c80	c80	c80	c80	c80	c80	c80	c80	c80	c80	c80	c80	c80	c80	c80	c80	c80	c80	c80	c80	c80	c80	c80	c80	c80	c80	c80	c80	c80	c80	c80	c80	c80	c80	c80	c80	c80	c80	c80	c80	c80	c80	c80	c80	c80	c80	c80	c80	c80	c80	c80	c80	c80	c80	c80	c80	c80	c80	c80	c80	c80	c80	c80	c80	c80	c80	c80	c80	c80	c80	c80	c80	c80	c80	c80	c80	c80	c80	c80	c80	c80	c80	c80	c80	c80	c80	c80	c80	c80	c80	c80	c80	c80	c80	c80	c80	c80	c80	c80	c80	c80	c80	c80	c80	c80	c80	c80	c80	c80	c80	c80	c80	c80	c80	c80	c80	c80	c80	c80	c80	c80	c80	c80	c80	c80	c80	c80	c80	c80	c80	c80	c80	c80	c80	c80	c80	c80	c80	c80	c80	c80	c80	c80	c80	c80	c80	c80	c80	c80	c80	c80	c80	c80	c80	c80	c80	c80	c80	c80	c80	c80	c80	c80	c80	c80	c80	c80	c80	c80	c80	c80	c80	c80	c80	c80	c80	c80	c80	c80	c80	c80	c80	c80	c80	c80	c80	c80	c80	c80	c80	c80	c80	c80	c80	c80	c80	c80	c80	c80	c80	c80	c80	c80	c80	c80	c80	c80	c80	c80	c80	c80	c80	c80	c80	c80	c80	c80	c80	c80	c80	c80	c80	c80	c80	c80	c80	c80	c80	c80	c80	c80	c80	c80	c80	c80	c80	c80	c80	c80	c80	c80	c80	c80	c80	c80	c80	c80	c80	c80	c80	c80	c80	c80	c80	c80	c80	c80	c80	c80	c80	c80	c80	c80	c80	c80	c80	c80	c80	c80	c80	c80	c80	c80	c80	c80	c80	c80	c80	c80	c80	c80	c80	c80	c80	c80	c80	c80	c80	c80	c80	c80	c80	c80	c80	c80	c80	c80	c80	c80	c80	c80	c80	c80	c80	c80	c80	c80	c80
c80	c80	c80	c80	c80	c80	c80	c80	c80	c80	c80	c80	c80	c80	c80	c80	c80	c80	c80	c80	c80	c80	c80	c80	c80	c80	c80	c80	c80	c80	c80	c80	c80	c80	c80	c80	c80	c80	c80	c80	c80	c80	c80	c80	c80	c80	c80	c80	c80	c80	c80	c80	c80	c80	c80	c80	c80	c80	c80	c80	c80	c80	c80	c80	c80	c80	c80	c80	c80	c80	c80	c80	c80	c80	c80	c80	c80	c80	c80	c80	c80	c80	c80	c80	c80	c80	c80	c80	c80	c80	c80	c80	c80	c80	c80	c80	c80	c80	c80	c80	c80	c80	c80	c80	c80	c80	c80	c80	c80	c80	c80	c80	c80	c80	c80	c80	c80	c80	c80	c80	c80	c80	c80	c80	c80	c80	c80	c80	c80	c80	c80	c80	c80	c80	c80	c80	c80	c80	c80	c80	c80	c80	c80	c80	c80	c80	c80	c80	c80	c80	c80	c80	c80	c80	c80	c80	c80	c80	c80	c80	c80	c80	c80	c80	c80	c80	c80	c80	c80	c80	c80	c80	c80	c80	c80	c80	c80	c80	c80	c80	c80	c80	c80	c80	c80	c80	c80	c80	c80	c80	c80	c80	c80	c80	c80	c80	c80	c80	c80	c80	c80	c80	c80	c80	c80	c80	c80	c80	c80	c80	c80	c80	c80	c80	c80	c80	c80	c80	c80	c80	c80	c80	c80	c80	c80	c80	c80	c80	c80	c80	c80	c80	ccc	c80	ccd	cce	ccf	cce	cce	c80	c80	c80	c80	c80	c80	c80	c80	c80	cd0	cd1	c80	c80	c80	c80	c80	c80	c80	d5d	d5e	d5f	c80	c80	c80	c80	c80	c80	d60	d61	d62	c80	c80	c80	d2e	cf7	cf8	cf8	d24	d25	c80	c80	cf6	cec	cf7	cf8	cf6	ced	c80	c80	c80	c80	c80	d63	d64	d3a	c80	c80	c80	c80	c80	c80	c80	c80	c80	c80	c80	c80	c80	c80	c80	c80	c80	c80	c80	c80	c80	c80	c80	c80	c80	c80	c80	c80	c80	c80	c80	c80	c80	c80	c80	c80	c80	c80	c80	c80	c80	c80	c80	c80	c80	c80	c80	c80	c80	c80	c80	c80	c80	c80	c80	c80	c80	c80	c80	c80	c80	c80	c80	c80	c80	c80	c80	c80	c80	c80	c80	c80	c80	c80	c80	c80	c80	c80	c80	c80	c80	c80	c80	c80	c80	c80	c80	c80	c80	c80	c80	c80	c80	c80	c80	ce1	cd1	c80	c80	cf4	c80	d09	c80	d44	d65	d66	d44	d67	c80	c80	c80	c80	c80	ce2	cd1	c80	ccc	d04	c80	c80	c80	c80	c80	c80	c80	c80	c80	c80	c80	c80	c80	c80	c80	c80	c80	d5d	d5e	d5f	d4c	c80	c80	c80	c80	c80	d60	d61	d62	c80	c80	d3f	d2e	cf7	cf8	cf8	d24	d25	d68	c80	cf6	cec	cf7	cf8	cf6	ced	c80	c80	c80	c80	c80	d63	d64	d3a	c80	c80	c80	cdc	ce5	ce4	ce2	c80	c80	c80	c80	c80	c80	c80	c80	c80	c80	c80	c80	cd4	cce	c80	c80	c80	c80	c80	c80	cd9	c80	cdc	c80	c80	c80	c80	c80	d69	c80	d6a	cf5	c80	cd5	cd5	c80	c80	c80	c80
c80	c80	c80	c80	c80	c80	c80	c80	c80	c80	c80	c80	c80	c80	c80	c80	c80	c80	c80	c80	c80	c80	c80	c80	c80	c80	c80	c80	c80	c80	c80	c80	c80	c80	c80	c80	c80	c80	c80	c80	c80	c80	c80	c80	c80	c80	c80	c80	c80	c80	c80	c80	c80	c80	c80	c80	c80	c80	c80	c80	c80	c80	c80	c80	c80	c80	c80	c80	c80	c80	c80	c80	c80	c80	c80	c80	c80	c80	c80	c80	c80	c80	c80	c80	c80	c80	c80	c80	c80	c80	c80	c80	c80	c80	c80	c80	c80	c80	c80	c80	c80	c80	c80	c80	c80	c80	c80	c80	c80	c80	c80	c80	c80	c80	c80	c80	c80	c80	c80	c80	c80	c80	c80	c80	c80	c80	c80	c80	c80	c80	c80	c80	c80	c80	c80	c80	c80	c80	c80	c80	c80	c80	c80	c80	c80	c80	c80	c80	c80	c80	c80	c80	c80	c80	c80	c80	c80	c80	c80	c80	c80	c80	c80	c80	c80	c80	c80	c80	c80	c80	c80	c80	c80	c80	c80	c80	c80	c80	c80	c80	c80	c80	c80	c80	c80	c80	c80	c80	c80	c80	c80	c80	c80	c80	c80	c80	c80	c80	c80	c80	c80	c80	c80	c80	c80	c80	c80	c80	c80	c80	c80	c80	c80	c80	c80	c80	c80	c80	c80	c80	c80	c80	c80	c80	c80	c80	c80	c80	c80	c80	c80	cd2	c80	cd3	c80	c80	c80	c80	cd4	cd5	c80	c80	c80	c80	cd6	c80	c80	c80	c80	cd7	cd8	c80	c80	c80	c80	c80	c80	c80	c80	c80	ceb	cec	ced	c80	c80	ceb	d6b	d6c	d6d	d32	d06	ced	c80	cf8	cfd	cf6	d30	d31	d6e	d61	d62	c80	cf8	cfd	cfe	c80	c80	ceb	cec	ced	c80	d6f	d70	d41	c80	c80	c80	c80	c80	c80	c80	c80	c80	c80	c80	c80	c80	c80	c80	c80	c80	c80	c80	c80	c80	c80	c80	c80	c80	c80	c80	c80	c80	c80	c80	c80	c80	c80	c80	c80	c80	c80	c80	c80	c80	c80	c80	c80	c80	c80	c80	c80	c80	c80	c80	c80	c80	c80	c80	c80	c80	c80	c80	c80	c80	c80	c80	c80	c80	c80	c80	c80	c80	c80	c80	c80	c80	c80	c80	c80	c80	c80	c80	c80	c80	c80	c80	c80	c80	c80	c80	c80	c80	c80	c80	c80	c80	c80	c80	d71	d72	cd5	ccd	ce1	c80	c80	c80	c80	c80	c80	c80	c80	d73	c80	cd5	ccc	ce1	cce	c80	c80	c80	c80	c80	c80	c80	c80	c80	c80	c80	c80	c80	c80	c80	c80	c80	c80	c80	d74	d75	c80	d76	c80	ceb	cec	ced	c80	c80	ceb	d6b	d6c	d6d	d37	d06	ced	c80	cf8	cfd	cf6	d30	d31	d77	d61	d78	c80	cf8	cfd	cfe	d79	c80	ceb	cec	ced	c80	d6f	d70	d41	d3a	c80	c80	ce1	d38	ce1	cce	cce	c80	c80	c80	c80	c80	c80	c80	c80	c80	c80	cd1	cd1	c80	c80	c80	c80	c80	c80	c80	c80	c80	cd1	cd1	c80	c80	ce1	c80	cd7	c80	c80	c80	cd5	c80	c80	ce5	c80	c80	c80
c80	c80	c80	c80	c80	c80	c80	c80	c80	c80	c80	c80	c80	c80	c80	c80	c80	c80	c80	c80	c80	c80	c80	c80	c80	c80	c80	c80	c80	c80	c80	c80	c80	c80	c80	c80	c80	c80	c80	c80	c80	c80	c80	c80	c80	c80	c80	c80	c80	c80	c80	c80	c80	c80	c80	c80	c80	c80	c80	c80	c80	c80	c80	c80	c80	c80	c80	c80	c80	c80	c80	c80	c80	c80	c80	c80	c80	c80	c80	c80	c80	c80	c80	c80	c80	c80	c80	c80	c80	c80	c80	c80	c80	c80	c80	c80	c80	c80	c80	c80	c80	c80	c80	c80	c80	c80	c80	c80	c80	c80	c80	c80	c80	c80	c80	c80	c80	c80	c80	c80	c80	c80	c80	c80	c80	c80	c80	c80	c80	c80	c80	c80	c80	c80	c80	c80	c80	c80	c80	c80	c80	c80	c80	c80	c80	c80	c80	c80	c80	c80	c80	c80	c80	c80	c80	c80	c80	c80	c80	c80	c80	c80	c80	c80	c80	c80	c80	c80	c80	c80	c80	c80	c80	c80	c80	c80	c80	c80	c80	c80	c80	c80	c80	c80	c80	c80	c80	c80	c80	c80	c80	c80	c80	c80	c80	c80	c80	c80	c80	c80	c80	c80	c80	c80	c80	c80	c80	c80	c80	c80	c80	c80	c80	c80	c80	c80	c80	c80	c80	c80	c80	c80	c80	c80	c80	c80	c80	c80	c80	c80	c80	c80	cd9	c80	c80	cda	cdb	cd5	c80	c80	c80	c80	c80	c80	c80	cdc	cd8	c80	cdc	cd8	ccd	c80	cd7	cd8	cd8	c80	c80	c80	cf6	cec	cf7	cf8	cf6	ced	cf6	d7a	c80	c80	c80	d06	d0f	c80	c80	c80	c80	d51	d2e	cfd	d7b	d6c	d6d	d32	c80	ceb	ced	cf6	cec	cf7	cf8	cf6	ced	d06	d7c	d7d	c80	c80	c80	c80	c80	c80	c80	c80	c80	c80	c80	c80	c80	c80	c80	c80	c80	c80	c80	c80	c80	c80	c80	c80	c80	c80	c80	c80	c80	c80	c80	c80	c80	c80	c80	c80	c80	c80	c80	c80	c80	c80	c80	c80	c80	c80	c80	c80	c80	c80	c80	c80	c80	c80	c80	c80	c80	c80	c80	c80	c80	c80	c80	c80	c80	c80	c80	c80	c80	c80	c80	c80	c80	c80	c80	c80	c80	c80	c80	c80	c80	c80	c80	c80	c80	c80	c80	c80	c80	c80	c80	c80	c80	c80	c80	cdd	c80	c80	c80	c80	cce	c80	c80	c80	c80	d7e	c80	c80	c80	c80	cf5	ccc	c80	c80	c80	c80	c80	c80	c80	c80	c80	c80	c80	c80	c80	c80	c80	c80	c80	c80	c80	c80	c80	c80	d7f	c80	cf6	cec	cf7	cf8	cf6	ced	cf6	d7a	d80	d81	c80	d82	d0f	d4c	c80	c80	d83	d5c	d2e	cfd	d84	d6c	d6d	d37	c80	d06	ced	cf6	cec	cf7	cf8	cf6	ced	d06	d7c	d7d	d41	d42	c80	66	cd5	cf5	c80	cd4	cd8	c80	c80	ce1	c80	c80	c80	c80	c80	c80	c80	c80	c80	c80	c80	c80	c80	c80	c80	cd7	cd1	c80	c80	c80	c80	c80	c80	c80	c80	c80	cd3	c80	c80	ce4	c80	c80	c80	c80
c80	c80	c80	c80	c80	c80	c80	c80	c80	c80	c80	c80	c80	c80	c80	c80	c80	c80	c80	c80	c80	c80	c80	c80	c80	c80	c80	c80	c80	c80	c80	c80	c80	c80	c80	c80	c80	c80	c80	c80	c80	c80	c80	c80	c80	c80	c80	c80	c80	c80	c80	c80	c80	c80	c80	c80	c80	c80	c80	c80	c80	c80	c80	c80	c80	c80	c80	c80	c80	c80	c80	c80	c80	c80	c80	c80	c80	c80	c80	c80	c80	c80	c80	c80	c80	c80	c80	c80	c80	c80	c80	c80	c80	c80	c80	c80	c80	c80	c80	c80	c80	c80	c80	c80	c80	c80	c80	c80	c80	c80	c80	c80	c80	c80	c80	c80	c80	c80	c80	c80	c80	c80	c80	c80	c80	c80	c80	c80	c80	c80	c80	c80	c80	cd3	c80	c80	c80	c80	c80	c80	c80	c80	c80	c80	c80	c80	c80	cdd	cde	cdf	c80	c80	c80	c80	c80	c80	c80	c80	c80	c80	c80	c80	c80	c80	c80	c80	c80	c80	c80	c80	c80	c80	c80	c80	c80	c80	c80	c80	c80	c80	c80	c80	c80	c80	c80	c80	c80	c80	c80	c80	c80	c80	c80	c80	c80	c80	c80	c80	c80	c80	c80	c80	c80	c80	c80	c80	c80	c80	c80	c80	c80	c80	c80	c80	c80	c80	c80	c80	c80	c80	c80	c80	c80	c80	c80	c80	c80	c80	c80	c80	ce0	cd1	c80	c80	ce1	cd6	ce2	ce3	c80	ce4	ce5	ce4	ce2	c80	c80	cd1	ce1	cd1	cd1	c80	c80	cdc	cd8	c80	c80	c80	c80	c80	c80	c80	cf8	cfd	cfe	c80	ceb	c80	c80	cf6	cec	d0f	d1b	c80	c80	c80	c80	c80	c80	c80	ceb	cec	ced	d85	cf6	d7a	c80	c80	c80	cf8	cfd	cfe	ceb	d0f	c80	d86	c80	c80	c80	c80	c80	c80	c80	c80	c80	c80	c80	c80	c80	c80	c80	c80	c80	c80	c80	c80	c80	c80	c80	c80	c80	c80	c80	c80	c80	c80	c80	c80	c80	c80	c80	c80	c80	c80	c80	c80	c80	c80	c80	c80	c80	c80	c80	c80	c80	c80	c80	c80	c80	c80	c80	c80	c80	c80	c80	c80	c80	c80	c80	c80	c80	c80	c80	c80	c80	c80	c80	c80	c80	c80	c80	c80	c80	c80	c80	c80	c80	c80	c80	c80	c80	c80	c80	c80	c80	c80	c80	c80	c80	c80	c80	cce	c80	c80	cce	cce	c80	c80	cdd	cde	c80	c80	c80	c80	c80	c80	c80	cd1	c80	c80	c80	c80	c80	c80	c80	c80	c80	c80	c80	c80	c80	c80	c80	c80	c80	c80	c80	c80	c80	c80	c80	d87	c80	c80	cf8	cfd	cfe	d4c	d5b	d4c	c80	cf6	cec	d0f	d1b	d4c	c80	c80	c80	c80	c80	d4c	d06	cec	ced	d3e	cf6	d88	d89	c80	c80	cf8	cfd	cfe	ceb	d0f	c80	d86	d8a	d8b	c80	d8c	d4b	c80	c80	c80	cdc	c80	c80	ce1	c80	c80	c80	c80	c80	c80	c80	c80	c80	c80	c80	c80	c80	c80	c80	c80	c80	c80	c80	c80	c80	c80	c80	c80	c80	c80	c80	c80	c80	c80	c80	c80	c80	c80
c80	c80	c80	c80	c80	c80	c80	c80	c80	c80	c80	c80	c80	c80	c80	c80	ce6	c80	c80	c80	c80	c80	c80	c80	c80	c80	c80	c80	c80	c80	c80	c80	c80	c80	c80	c80	c80	c80	c80	c80	c80	c80	c80	c80	c80	c80	c80	c80	c80	c80	c80	c80	c80	c80	c80	c80	c80	c80	c80	c80	c80	c80	c80	c80	c80	c80	c80	c80	c80	c80	c80	c80	c80	c80	c80	c80	c80	c80	c80	c80	c80	c80	c80	c80	c80	c80	c80	c80	c80	c80	c80	c80	c80	c80	c80	c80	c80	c80	c80	c80	c80	c80	c80	c80	c80	c80	c80	c80	c80	c80	c80	c80	c80	c80	c80	c80	c80	c80	c80	c80	c80	c80	c80	c80	c80	c80	c80	c80	c80	c80	c80	c80	ce7	cd5	c80	cd8	c80	c80	c80	cd8	c80	c80	ce8	cdd	c80	c80	c80	c80	cdd	ce4	c80	c80	c80	c80	c80	c80	c80	c80	c80	c80	c80	c80	c80	c80	c80	c80	c80	c80	c80	c80	c80	c80	c80	c80	c80	c80	c80	c80	c80	c80	c80	c80	c80	c80	c80	c80	c80	c80	c80	c80	c80	c80	c80	c80	c80	c80	c80	c80	c80	c80	c80	c80	c80	c80	c80	c80	c80	c80	c80	c80	c80	c80	c80	c80	c80	c80	c80	c80	c80	c80	c80	c80	cd7	ce0	c80	c80	c80	c80	c80	c80	ce5	c80	cd7	ce0	c80	cd1	c80	cdc	c80	c80	cd1	ce1	cce	cce	c80	cd5	c80	cdf	cd5	c80	cd5	ce9	c80	cea	c80	c80	c80	c80	c80	c80	c80	c80	c80	ceb	d8d	c80	c80	c80	cf8	d24	d25	c80	c80	cf6	d39	d3a	cf6	cec	cf7	cf8	cf6	ced	ceb	c80	c80	cf6	d23	ceb	cec	cec	d0f	d1b	c80	c80	c80	c80	c80	c80	c80	c80	c80	c80	c80	c80	c80	c80	c80	c80	c80	c80	c80	c80	c80	c80	c80	c80	c80	c80	c80	c80	c80	c80	c80	c80	c80	c80	c80	c80	c80	c80	c80	c80	c80	c80	c80	c80	c80	c80	c80	c80	c80	c80	c80	c80	c80	c80	c80	c80	c80	c80	c80	c80	c80	c80	c80	c80	c80	c80	c80	c80	c80	c80	c80	c80	c80	c80	c80	c80	c80	c80	c80	c80	c80	c80	c80	c80	c80	c80	c80	c80	c80	c80	c80	c80	c80	c80	c80	c80	c80	cdd	c80	cce	ce1	c80	d18	c80	c80	cdd	ce4	c80	c80	c80	c80	c80	cd1	c80	c80	c80	c80	c80	c80	c80	c80	c80	c80	c80	c80	c80	c80	c80	c80	c80	c80	c80	c80	c80	c80	c80	c80	c80	d8e	d8f	d90	c80	c80	ceb	d8d	d4c	c80	d3f	cf8	d24	d25	d68	c80	cf6	d39	d3a	cf6	cec	cf7	cf8	cf6	ced	ceb	d4c	c80	cf6	d23	ceb	cec	cec	d0f	d1b	c80	c80	c80	c80	c80	d91	d92	d93	cf0	c80	c80	c80	cdc	ccd	c80	c80	c80	cfc	ce4	cd8	c80	c80	c80	cce	c80	c80	c80	c80	c80	c80	c80	c80	cda	cd5	c80	c80	c80	c80	c80	c80	c80	c80	c80	c80	cd7	ce0	c80	c80
c80	c80	c80	c80	c80	c80	ceb	cec	ced	c80	c80	cee	cef	cf0	c80	cf1	cf2	c80	c80	c80	c80	c80	c80	c80	c80	c80	c80	c80	c80	c80	c80	c80	c80	c80	c80	c80	c80	c80	c80	c80	c80	c80	c80	c80	c80	c80	c80	c80	c80	c80	c80	c80	c80	c80	c80	c80	c80	c80	c80	c80	c80	c80	c80	c80	c80	c80	c80	c80	c80	c80	c80	c80	c80	c80	c80	c80	c80	c80	c80	c80	c80	c80	c80	c80	c80	c80	c80	c80	c80	c80	c80	c80	c80	c80	c80	c80	c80	c80	c80	c80	c80	c80	c80	c80	c80	c80	c80	c80	c80	c80	c80	c80	c80	c80	c80	c80	c80	c80	c80	c80	c80	c80	c80	c80	c80	c80	c80	c80	c80	c80	c80	c80	c80	c80	cf3	ce2	c80	ce5	cf3	ce2	c80	ccd	cce	cd0	c80	c80	c80	cd1	c80	c80	cf4	c80	c80	c80	c80	c80	c80	c80	c80	c80	c80	c80	c80	c80	c80	c80	c80	c80	c80	c80	c80	c80	c80	c80	c80	c80	c80	c80	ceb	cec	ced	c80	c80	c80	c80	c80	c80	c80	c80	c80	c80	c80	c80	c80	c80	c80	c80	c80	c80	c80	c80	c80	c80	c80	c80	c80	c80	c80	c80	c80	c80	c80	c80	c80	c80	c80	c80	c80	c80	c80	c80	c80	cce	cce	c80	cf5	c80	c80	c80	c80	cd1	c80	cce	cce	c80	c80	c80	c80	c80	cf4	cd5	cf5	c80	cd4	cd5	c80	cdd	ce4	cda	c80	c80	cda	c80	c80	c80	c80	c80	c80	c80	c80	c80	c80	cf6	cf7	d94	cf6	cec	ced	cf6	d30	d31	d32	c80	c80	d40	d41	d42	c80	cf8	cfd	cfe	ceb	d8d	c80	c80	c80	d2e	cf7	cf8	cf8	d24	d25	cf6	cec	c80	c80	c80	c80	c80	c80	c80	c80	c80	c80	c80	c80	c80	c80	c80	c80	c80	c80	c80	c80	c80	c80	c80	c80	c80	c80	c80	c80	c80	c80	c80	c80	c80	c80	c80	c80	c80	c80	c80	c80	c80	c80	c80	c80	c80	c80	c80	c80	c80	c80	c80	c80	c80	c80	c80	c80	c80	c80	c80	c80	c80	c80	c80	c80	c80	c80	c80	c80	c80	c80	c80	c80	c80	c80	c80	c80	c80	c80	c80	c80	c80	c80	c80	c80	c80	c80	c80	c80	c80	c80	c80	c80	c80	c80	c80	cd1	c80	c80	c80	c80	c80	c80	cd1	c80	c80	cf4	c80	c80	c80	c80	ccc	d04	c80	c80	c80	c80	c80	c80	c80	c80	c80	c80	c80	c80	c80	c80	c80	c80	c80	c80	c80	c80	c80	c80	c80	c80	c80	d95	d74	d75	cf6	cf7	d94	cf6	cec	ced	cf6	d30	d31	d37	c80	d3f	d40	d41	d42	c80	cf8	cfd	cfe	ceb	d8d	d4c	c80	d3f	d2e	cf7	cf8	cf8	d24	d25	cf6	cec	ced	c80	c80	cf9	c80	c80	d54	d96	c80	c80	ce1	cf5	cd8	c80	c80	ce5	ce4	ce2	c80	c80	c80	d05	c80	cd5	c80	cd8	c80	c80	c80	c80	cd8	ce3	c80	c80	c80	c80	c80	c80	c80	c80	c80	c80	cce	cce	c80	c80
c80	c80	c80	c80	cf6	cec	cf7	cf8	cf6	ced	c80	cf9	c80	cfa	cfb	c80	c80	c80	c80	c80	c80	c80	c80	c80	c80	c80	c80	c80	c80	c80	c80	c80	c80	c80	c80	c80	c80	c80	c80	c80	c80	c80	c80	c80	c80	c80	c80	c80	c80	c80	c80	c80	c80	c80	c80	c80	c80	c80	c80	c80	c80	c80	c80	c80	c80	c80	c80	c80	c80	c80	c80	c80	c80	c80	c80	c80	c80	c80	c80	c80	c80	c80	c80	c80	c80	c80	c80	c80	c80	c80	c80	c80	c80	c80	c80	c80	c80	c80	c80	c80	c80	c80	c80	c80	c80	c80	c80	c80	c80	c80	c80	c80	c80	c80	c80	c80	c80	c80	c80	c80	c80	c80	c80	c80	c80	c80	c80	c80	c80	c80	c80	c80	c80	c80	ce4	cce	cce	c80	ce4	cce	cce	cd5	ccd	c80	c80	c80	ccc	cce	c80	ccd	ce1	c80	c80	c80	c80	c80	c80	c80	c80	c80	c80	c80	c80	c80	c80	c80	c80	c80	c80	c80	c80	c80	c80	c80	c80	c80	cf6	cec	cf7	cf8	cf6	ced	c80	c80	c80	c80	c80	c80	c80	c80	c80	c80	c80	c80	c80	c80	c80	c80	c80	c80	c80	c80	c80	c80	c80	c80	c80	c80	c80	c80	c80	c80	c80	c80	c80	c80	c80	c80	c80	c80	c80	c80	c80	c80	c80	c80	cfc	ce4	cd5	c80	c80	c80	c80	c80	c80	c80	ce4	c80	c80	ce8	cdd	c80	c80	c80	c80	ce5	c80	c80	c80	cce	cce	c80	c80	cd5	ccc	c80	c80	c80	c80	c80	c80	c80	d97	cf8	d98	c80	cf8	c80	c80	d2e	cfd	cf6	cec	ced	d99	d4f	94e	cec	ced	d9a	cf6	cf7	d94	cf6	cec	ced	c80	cf8	cfd	cf6	d30	d31	d9b	c80	c80	c80	c80	c80	c80	c80	c80	c80	c80	c80	c80	c80	c80	c80	c80	c80	c80	c80	c80	c80	c80	c80	c80	c80	c80	c80	c80	c80	c80	c80	c80	c80	c80	c80	c80	c80	c80	c80	c80	c80	c80	c80	c80	c80	c80	c80	c80	c80	c80	c80	c80	c80	c80	c80	c80	c80	c80	c80	c80	c80	c80	c80	c80	c80	c80	c80	c80	c80	c80	c80	c80	c80	c80	c80	c80	c80	c80	c80	c80	c80	c80	c80	c80	c80	c80	c80	c80	c80	c80	c80	c80	c80	c80	c80	c80	c80	c80	c80	c80	c80	c80	ccc	cce	c80	ccd	ce1	c80	c80	c80	c80	c80	c80	c80	c80	c80	c80	c80	c80	c80	c80	c80	c80	c80	c80	c80	c80	c80	c80	c80	c80	c80	c80	c80	c80	c80	c80	c80	c80	c80	d9c	d5c	cf8	d98	c80	cf8	c80	c80	d2e	cfd	cf6	cec	ced	d99	d4f	94e	cec	ced	d9d	cf6	cf7	d94	cf6	cec	ced	c80	cf8	cfd	cf6	d30	d31	d9b	c80	c80	c80	d9e	d93	d9f	d54	da0	da1	da2	da3	d17	c80	c80	c80	c80	d38	ce1	cce	cce	c80	cd5	c80	c80	c80	cd9	c80	c80	c80	c80	c80	c80	c80	c80	c80	c80	c80	c80	c80	c80	c80	c80	c80	c80	c80	c80	c80
c80	c80	c80	c80	c80	c80	cf8	cfd	cfe	c80	cff	d00	d01	c80	d02	c80	c80	c80	c80	c80	c80	c80	c80	c80	c80	c80	c80	c80	c80	c80	c80	c80	c80	c80	c80	c80	c80	c80	c80	c80	c80	c80	c80	c80	c80	c80	c80	c80	c80	c80	c80	c80	c80	c80	c80	c80	c80	c80	c80	c80	c80	c80	c80	c80	c80	c80	c80	c80	c80	c80	c80	c80	c80	c80	c80	c80	c80	c80	c80	c80	c80	c80	c80	c80	c80	c80	c80	c80	c80	c80	c80	c80	c80	c80	c80	c80	c80	c80	c80	c80	c80	c80	c80	c80	c80	c80	c80	c80	c80	c80	c80	c80	c80	c80	c80	c80	c80	c80	c80	c80	c80	c80	c80	c80	c80	c80	c80	c80	c80	c80	c80	c80	c80	c80	c80	c80	c80	c80	c80	c80	c80	c80	c80	c80	d03	d04	cd0	cd3	cd8	c80	c80	cce	c80	c80	c80	c80	c80	c80	c80	c80	c80	c80	c80	c80	c80	c80	c80	c80	c80	c80	c80	c80	c80	c80	c80	c80	c80	c80	cf8	cfd	cfe	c80	c80	c80	c80	c80	c80	c80	c80	c80	c80	c80	c80	c80	c80	c80	c80	c80	c80	c80	c80	c80	c80	c80	c80	c80	c80	c80	c80	c80	c80	c80	c80	c80	c80	c80	c80	c80	c80	c80	c80	c80	c80	c80	c80	cce	c80	cf3	c80	c80	c80	cf5	ccc	cce	c80	c80	c80	c80	ccd	cce	cd0	c80	c80	c80	ce4	c80	c80	cd4	cce	ce1	c80	d05	c80	cf5	ccc	c80	c80	c80	c80	c80	c80	c80	c80	ceb	cec	ced	cf6	cec	ced	c80	c80	c80	cf8	c80	d07	da4	d5e	d5f	c80	da5	d97	cf8	da6	cf0	c80	c80	d7e	c80	d9d	d51	d2e	cfd	da7	d96	c80	c80	c80	c80	c80	c80	c80	c80	c80	c80	c80	c80	c80	c80	c80	c80	c80	c80	c80	c80	c80	c80	c80	c80	c80	c80	c80	c80	c80	c80	c80	c80	c80	c80	c80	c80	c80	c80	c80	c80	c80	c80	c80	c80	c80	c80	c80	c80	c80	c80	c80	c80	c80	c80	c80	c80	c80	c80	c80	c80	c80	c80	c80	c80	c80	c80	c80	c80	c80	c80	c80	c80	c80	c80	c80	c80	c80	c80	c80	c80	c80	c80	c80	c80	c80	c80	c80	c80	c80	c80	c80	c80	c80	c80	c80	c80	c80	c80	c80	c80	d04	cd0	cd3	cd8	c80	c80	cce	c80	c80	c80	c80	c80	c80	c80	c80	c80	c80	c80	c80	c80	c80	c80	c80	c80	c80	c80	c80	c80	c80	c80	c80	c80	c80	c80	c80	c80	c80	c80	da8	c80	c80	ceb	cec	ced	cf6	cec	ced	c80	c80	c80	cf8	c80	c80	d5d	d5e	d5f	c80	da5	d51	cf8	da6	cf0	c80	c80	d7e	c80	d9d	d51	d2e	cfd	da7	d96	d02	c80	c80	c80	da9	daa	d53	c80	dab	d54	d96	c80	c80	c80	c80	cd5	cf5	c80	cd4	cd5	c80	c80	c80	cd1	c80	c80	c80	c80	c80	c80	c80	c80	c80	c80	c80	c80	c80	c80	c80	c80	c80	c80	c80	c80	c80	c80
c80	c80	c80	c80	d06	ced	d07	d08	d09	c80	d0a	d0b	d0c	c80	d0d	c80	c80	c80	c80	c80	c80	c80	c80	c80	c80	c80	c80	c80	c80	c80	c80	c80	c80	c80	c80	c80	c80	c80	c80	c80	c80	c80	c80	c80	c80	c80	c80	c80	c80	c80	c80	c80	c80	c80	c80	c80	c80	c80	c80	c80	c80	c80	c80	c80	c80	c80	c80	c80	c80	c80	c80	c80	c80	c80	c80	c80	c80	c80	c80	c80	c80	c80	c80	c80	c80	c80	c80	c80	c80	c80	c80	c80	c80	c80	c80	c80	c80	c80	c80	c80	c80	c80	c80	c80	c80	c80	c80	c80	c80	c80	c80	c80	c80	c80	c80	c80	c80	c80	c80	c80	c80	c80	c80	c80	c80	c80	c80	c80	c80	c80	c80	c80	c80	c80	c80	c80	c80	c80	c80	c80	c80	c80	c80	c80	c80	c80	c80	c80	c80	cce	cce	c80	c80	c80	c80	c80	c80	c80	c80	c80	c80	c80	c80	c80	c80	c80	c80	c80	c80	c80	c80	c80	c80	c80	c80	c80	d06	ced	c80	c80	c80	c80	c80	c80	c80	c80	c80	c80	c80	c80	c80	c80	c80	c80	c80	c80	c80	c80	c80	c80	c80	c80	c80	c80	c80	c80	c80	c80	c80	c80	c80	c80	c80	c80	c80	c80	c80	c80	c80	c80	c80	c80	c80	c80	c80	cd5	cd5	c80	c80	ce4	c80	cd2	c80	cd3	cd8	c80	c80	cea	cd5	ccd	c80	c80	c80	c80	c80	c80	cd1	cd1	c80	c80	c80	d0e	c80	c80	c80	c80	c80	c80	c80	d3b	cfb	dac	dad	dae	daf	dac	db0	c80	c80	c80	c80	c80	c80	d3b	d66	db1	db2	c80	c80	d54	d96	d0d	db3	c80	d73	c80	db4	db5	c80	db6	c80	c80	c80	d17	c80	c80	c80	c80	c80	c80	c80	c80	c80	c80	c80	c80	c80	c80	c80	c80	c80	c80	c80	c80	c80	c80	c80	c80	c80	c80	c80	c80	c80	c80	c80	c80	c80	c80	c80	c80	c80	c80	c80	c80	c80	c80	c80	c80	c80	c80	c80	c80	c80	c80	c80	c80	c80	c80	c80	c80	c80	c80	c80	c80	c80	c80	c80	c80	c80	c80	c80	c80	c80	c80	c80	c80	c80	c80	c80	c80	c80	c80	c80	c80	c80	c80	c80	c80	c80	c80	c80	c80	c80	c80	c80	c80	c80	c80	c80	c80	c80	c80	c80	c80	c80	c80	c80	c80	cce	cce	c80	c80	c80	c80	c80	c80	c80	c80	c80	c80	c80	c80	c80	c80	c80	c80	c80	c80	c80	c80	c80	c80	c80	c80	c80	c80	c80	c80	c80	c80	c80	d8c	db7	cf6	cec	cf7	cf8	cf6	ced	c80	c80	c80	db5	db8	c80	c80	c80	c80	db2	c80	c80	cf6	ced	d0d	db3	c80	d73	c80	db4	db5	c80	db6	c80	c80	c80	d17	c80	cd8	d54	d66	d3b	d66	d54	d66	d2d	cf0	d54	db9	d9e	d4b	d17	cf5	cda	cd5	c80	c80	ce5	c80	c80	c80	cd7	cd1	c80	c80	c80	c80	c80	c80	c80	c80	c80	c80	c80	c80	c80	c80	c80	c80	c80	c80	c80	c80
c80	c80	c80	ceb	d0f	c80	c80	c80	d10	d11	d12	d13	d14	c80	c80	c80	c80	c80	c80	c80	c80	c80	c80	c80	c80	c80	c80	c80	c80	c80	c80	c80	c80	c80	c80	c80	c80	c80	c80	c80	c80	c80	c80	c80	c80	c80	c80	c80	c80	c80	c80	c80	c80	c80	c80	c80	c80	c80	c80	c80	c80	c80	c80	c80	c80	c80	c80	c80	c80	c80	c80	c80	c80	c80	c80	c80	c80	c80	c80	c80	c80	c80	c80	c80	c80	c80	c80	c80	c80	c80	c80	c80	c80	c80	c80	c80	c80	c80	c80	c80	c80	c80	c80	c80	c80	c80	c80	c80	c80	c80	c80	c80	c80	c80	c80	c80	c80	c80	c80	c80	c80	c80	c80	c80	c80	c80	c80	c80	c80	c80	cd5	c80	ce2	c80	c80	c80	c80	c80	c80	c80	d15	d16	c80	c80	c80	d17	c80	c80	cce	ce1	c80	d18	c80	c80	c80	c80	c80	c80	c80	c80	c80	c80	c80	c80	c80	c80	c80	c80	c80	c80	c80	c80	c80	c80	c80	ceb	d0f	c80	c80	c80	c80	c80	c80	c80	c80	c80	c80	c80	c80	c80	c80	c80	c80	c80	c80	c80	c80	c80	c80	c80	c80	c80	c80	c80	c80	c80	c80	c80	c80	c80	c80	c80	c80	c80	c80	c80	c80	c80	c80	c80	c80	c80	c80	c80	cd5	c80	c80	ce5	ce1	c80	c80	c80	cd9	c80	cdc	c80	c80	d19	d1a	c80	cdd	d03	c80	c80	c80	c80	c80	cd7	c80	c80	c80	c80	c80	c80	c80	c80	c80	c80	c80	c80	c80	c80	c80	c80	c80	c80	c80	c80	c80	c80	c80	c80	c80	c80	c80	c80	c80	c80	c80	c80	c80	c80	c80	c80	c80	c80	c80	c80	c80	c80	c80	c80	c80	c80	c80	c80	c80	c80	c80	c80	c80	c80	c80	c80	c80	c80	c80	c80	c80	c80	c80	c80	c80	c80	c80	c80	c80	c80	c80	c80	c80	c80	c80	c80	c80	c80	c80	c80	c80	c80	c80	c80	c80	c80	c80	c80	c80	c80	c80	c80	c80	c80	c80	c80	c80	c80	c80	c80	c80	c80	c80	c80	c80	c80	c80	c80	c80	c80	c80	c80	c80	c80	c80	c80	c80	c80	c80	c80	c80	c80	c80	c80	c80	c80	c80	c80	c80	c80	c80	c80	c80	c80	c80	c80	c80	c80	c80	c80	c80	c80	c80	c80	c80	c80	c80	c80	c80	c80	c80	c80	c80	c80	c80	c80	c80	c80	c80	c80	c80	c80	c80	c80	c80	c80	c80	c80	c80	c80	c80	c80	c80	c80	c80	c80	c80	c80	c80	c80	c80	c80	d8c	d66	d63	d64	dba	cf8	cfd	cfe	c80	dbb	c80	c80	dbc	dbd	cda	d91	cf0	c80	c80	c80	d08	dbe	c80	c80	c80	c80	c80	d07	dbf	dc0	d22	c80	d7e	d3b	c80	c80	cdc	d9e	dc1	c80	d96	c80	dc2	d54	d66	d54	dc3	dc4	dc5	d55	dc6	c80	c80	cce	c80	ce4	c80	c80	c80	c80	c80	c80	c80	c80	c80	c80	cfc	c80	c80	c80	c80	c80	c80	c80	c80	c80	c80	c80	c80	c80	c80	c80
ceb	cec	cec	d0f	d1b	c80	c80	c80	d1c	c80	c80	c80	c80	c80	c80	c80	c80	c80	c80	c80	c80	c80	c80	c80	c80	c80	c80	c80	c80	c80	c80	d06	ced	c80	c80	c80	c80	c80	c80	c80	c80	c80	c80	c80	c80	c80	c80	c80	c80	c80	c80	c80	c80	c80	c80	c80	c80	c80	c80	c80	c80	c80	c80	c80	c80	c80	c80	c80	c80	c80	c80	c80	c80	c80	c80	c80	c80	c80	c80	c80	c80	c80	c80	c80	c80	c80	c80	c80	c80	c80	c80	c80	c80	c80	c80	c80	c80	c80	c80	c80	c80	c80	c80	c80	c80	c80	c80	c80	c80	c80	c80	c80	c80	c80	c80	c80	c80	c80	c80	c80	c80	c80	c80	c80	c80	c80	c80	c80	c80	d19	d1a	ce1	cce	d03	c80	cdd	c80	c80	c80	c80	d1d	d1e	d1f	d20	d21	d07	d22	d0d	c80	c80	c80	c80	cd2	c80	cd3	c80	c80	c80	c80	c80	c80	c80	c80	c80	c80	c80	c80	c80	c80	c80	cf6	d23	ceb	cec	cec	d0f	d1b	c80	c80	c80	c80	c80	c80	c80	c80	c80	c80	c80	c80	c80	c80	c80	c80	c80	c80	c80	c80	c80	c80	c80	c80	c80	c80	d06	ced	c80	c80	c80	c80	c80	c80	c80	c80	c80	c80	c80	c80	c80	c80	c80	c80	c80	c80	c80	c80	c80	ce4	c80	c80	c80	ce0	cd1	c80	c80	cd1	cd1	c80	cea	cd1	cd1	c80	cea	cd8	c80	c80	c80	c80	c80	c80	c80	c80	c80	c80	cd7	ce0	c80	c80	c80	c80	c80	c80	c80	c80	c80	c80	c80	c80	c80	c80	c80	c80	c80	c80	c80	c80	c80	c80	c80	c80	c80	c80	c80	c80	c80	c80	c80	c80	c80	c80	c80	c80	c80	c80	c80	c80	c80	c80	c80	c80	c80	c80	c80	c80	c80	c80	c80	c80	c80	c80	c80	c80	c80	c80	c80	c80	c80	c80	c80	c80	c80	c80	c80	c80	c80	c80	c80	c80	c80	c80	c80	c80	c80	c80	c80	c80	c80	c80	c80	c80	c80	c80	c80	c80	c80	c80	c80	c80	c80	c80	c80	c80	c80	c80	c80	c80	c80	c80	c80	c80	c80	c80	c80	c80	c80	c80	c80	c80	c80	c80	c80	c80	c80	c80	c80	c80	c80	c80	c80	c80	c80	c80	c80	c80	c80	c80	c80	c80	c80	c80	c80	c80	c80	c80	c80	c80	c80	c80	c80	c80	c80	c80	c80	c80	c80	c80	c80	c80	c80	c80	c80	c80	c80	c80	c80	c80	c80	c80	c80	c80	c80	c80	c80	c80	c80	c80	c80	c80	d9e	dc4	cf0	c80	d44	dc7	dc8	d41	dc9	d8c	dca	dcb	dcc	dcd	ccc	491	dce	dcf	dd0	d54	d96	c80	c80	c80	c80	d02	c80	dce	d91	dd1	dd2	d67	c80	d01	c80	c80	c80	d91	dd3	d52	c80	d91	cef	cf0	d09	c80	dd4	d73	d3b	d66	d91	dd5	d44	d65	d93	cf0	c80	c80	c80	cce	cd0	c80	c80	cd3	cd8	c80	c80	c80	cce	c80	c80	c80	c80	c80	c80	c80	c80	c80	c80	c80	c80	c80	c80	c80	c80
cf7	cf8	cf8	d24	d25	c80	c80	c80	c80	c80	c80	c80	c80	c80	c80	c80	c80	c80	c80	c80	c80	c80	c80	c80	c80	c80	c80	c80	c80	c80	ceb	d0f	c80	c80	c80	c80	c80	c80	c80	c80	c80	c80	c80	c80	c80	c80	c80	c80	c80	c80	c80	c80	c80	c80	c80	c80	c80	c80	c80	c80	c80	c80	c80	c80	c80	c80	c80	c80	c80	c80	c80	c80	c80	c80	c80	c80	c80	c80	c80	c80	c80	c80	c80	c80	c80	c80	c80	c80	c80	c80	c80	c80	c80	c80	c80	c80	c80	c80	c80	c80	c80	c80	c80	c80	c80	c80	c80	c80	c80	c80	c80	c80	c80	c80	c80	c80	c80	c80	c80	c80	c80	c80	c80	c80	c80	c80	c80	c80	c80	cea	cd1	cd1	c80	cea	cd8	cd0	c80	c80	c80	d26	d27	d28	d29	d2a	d2b	d2c	d2d	d22	c80	c80	c80	ccc	c80	cd9	c80	c80	c80	c80	c80	c80	c80	c80	c80	c80	c80	c80	c80	c80	c80	c80	c80	d2e	cf7	cf8	cf8	d24	d25	c80	c80	c80	c80	c80	c80	c80	c80	c80	c80	c80	c80	c80	c80	c80	c80	c80	c80	c80	c80	c80	c80	c80	c80	c80	ceb	d0f	c80	c80	c80	c80	c80	c80	c80	c80	c80	c80	c80	c80	c80	c80	c80	c80	c80	c80	c80	c80	c80	ce4	c80	c80	d2f	c80	ce5	c80	cd7	ce0	c80	ccc	c80	cd6	c80	c80	cd8	cd8	c80	c80	c80	c80	cea	c80	c80	ce5	c80	ce2	c80	cce	cce	c80	c80	c80	c80	c80	c80	c80	c80	c80	c80	c80	c80	c80	c80	c80	c80	c80	c80	c80	c80	c80	c80	c80	c80	c80	c80	c80	c80	c80	c80	c80	c80	c80	c80	c80	c80	c80	c80	c80	c80	c80	c80	c80	c80	c80	c80	c80	c80	c80	c80	c80	c80	c80	c80	c80	c80	c80	c80	c80	c80	c80	c80	c80	c80	c80	c80	c80	c80	c80	c80	c80	c80	c80	c80	c80	c80	c80	c80	c80	c80	c80	c80	c80	c80	c80	c80	c80	c80	c80	c80	c80	c80	c80	c80	c80	c80	c80	c80	c80	c80	c80	c80	c80	c80	c80	c80	c80	c80	c80	c80	c80	c80	c80	c80	c80	c80	c80	c80	c80	c80	c80	c80	c80	c80	c80	c80	c80	c80	c80	c80	c80	c80	c80	c80	c80	c80	c80	c80	c80	c80	c80	c80	c80	c80	c80	c80	c80	c80	c80	c80	c80	c80	c80	c80	c80	c80	c80	c80	c80	c80	c80	c80	c80	c80	c80	c80	c80	c80	c80	d07	d92	dc4	d22	c80	c80	d54	d66	dd6	d22	d8a	d8b	d73	c80	c80	dd7	c80	c80	c80	dd8	cf9	d54	d66	c80	c80	dd9	c80	c80	dda	ddb	ddc	d57	c80	c80	d02	c80	c80	491	c80	ce4	c80	c80	dce	d8c	d53	c80	d54	ddd	d92	d55	d93	dde	ddf	de0	de1	d67	db8	c80	d54	d96	c80	c80	cd6	c80	c80	cea	c80	c80	c80	c80	c80	cd4	cd5	c80	c80	c80	c80	c80	c80	c80	c80	c80	c80	c80	c80	c80	c80	c80
cf8	cfd	cf6	d30	d31	d32	c80	c80	c80	c80	c80	c80	c80	c80	c80	c80	c80	d33	d1f	d20	d2c	c80	c80	c80	c80	cf6	d23	d06	cec	cec	d0f	d1b	c80	c80	c80	c80	c80	c80	c80	c80	c80	c80	c80	c80	c80	c80	c80	c80	c80	c80	c80	c80	c80	c80	c80	c80	c80	c80	c80	c80	c80	c80	c80	c80	c80	c80	c80	c80	c80	c80	c80	c80	c80	c80	c80	c80	c80	c80	c80	c80	c80	c80	c80	c80	c80	c80	c80	c80	c80	c80	c80	c80	c80	c80	c80	c80	c80	c80	c80	c80	c80	c80	c80	c80	c80	c80	c80	c80	c80	c80	c80	c80	c80	c80	c80	c80	c80	c80	c80	c80	c80	c80	c80	c80	c80	c80	c80	c80	c80	cd6	c80	c80	cd8	cd8	c80	c80	c80	c80	c80	d07	d22	d34	d35	d36	c80	c80	c80	c80	c80	c80	c80	ccc	cce	c80	cd5	ccc	c80	c80	c80	c80	c80	c80	c80	c80	c80	c80	c80	c80	c80	c80	c80	c80	cf8	cfd	cf6	d30	d31	d37	c80	c80	c80	c80	c80	c80	c80	c80	c80	c80	c80	c80	c80	c80	c80	c80	c80	c80	c80	cf6	d23	d06	cec	cec	d0f	d1b	c80	c80	c80	c80	c80	c80	c80	c80	c80	c80	c80	c80	c80	c80	c80	c80	c80	c80	c80	c80	c80	c80	c80	c80	cda	c80	cd1	c80	cce	cce	c80	c80	c80	c80	c80	cd8	c80	c80	ce8	c80	c80	c80	c80	c80	c80	d38	ce1	cce	c80	c80	c80	c80	c80	c80	c80	c80	c80	c80	c80	c80	c80	c80	c80	c80	c80	c80	c80	c80	c80	c80	c80	c80	c80	c80	c80	c80	c80	c80	c80	c80	c80	c80	c80	c80	c80	c80	c80	c80	c80	c80	c80	c80	c80	c80	c80	c80	c80	c80	c80	c80	c80	c80	c80	c80	c80	c80	c80	c80	c80	c80	c80	c80	c80	c80	c80	c80	c80	c80	c80	c80	c80	c80	c80	c80	c80	c80	c80	c80	c80	c80	c80	c80	c80	c80	c80	c80	c80	c80	c80	c80	c80	c80	c80	c80	c80	c80	c80	c80	c80	c80	c80	c80	c80	c80	c80	c80	c80	c80	c80	c80	c80	c80	c80	c80	c80	c80	c80	c80	c80	c80	c80	c80	c80	c80	c80	c80	c80	c80	c80	c80	c80	c80	c80	c80	c80	c80	c80	c80	c80	c80	c80	c80	c80	c80	c80	c80	c80	c80	c80	c80	c80	c80	c80	c80	c80	c80	c80	c80	c80	c80	c80	c80	c80	c80	c80	c80	c80	c80	d91	d92	d66	c80	c80	d96	d10	ddb	db5	c80	de2	de3	d2c	de4	d1f	d20	de5	de6	c80	c80	da5	cf9	c80	de7	c80	de8	d01	de9	d73	c80	dea	deb	dec	ded	cfb	c80	c80	dee	de8	c80	d17	cdd	c80	def	c80	c80	d54	df0	df1	dd0	c80	d91	d92	dc4	cf0	c80	d54	d55	d55	dc6	cf6	cec	ced	d17	c80	c80	cd8	c80	c80	c80	ce2	c80	c80	c80	c80	c80	c80	c80	c80	c80	c80	c80	c80	c80	c80	c80	c80	c80	c80	c80
d39	d3a	c80	d2e	cfd	c80	c80	c80	c80	c80	c80	c80	c80	c80	c80	d26	d27	d28	d29	d2a	d2b	d06	ced	c80	c80	c80	d2e	cf7	cf8	cf8	d24	d25	c80	c80	c80	c80	c80	c80	c80	c80	c80	c80	c80	c80	c80	c80	c80	c80	c80	c80	c80	c80	c80	c80	c80	c80	c80	c80	c80	c80	c80	c80	c80	c80	c80	c80	c80	c80	c80	c80	c80	c80	c80	c80	c80	c80	c80	c80	c80	c80	c80	c80	c80	c80	c80	c80	c80	c80	c80	c80	c80	c80	c80	c80	c80	c80	c80	c80	c80	c80	c80	c80	c80	c80	c80	c80	c80	c80	c80	c80	c80	c80	c80	c80	c80	c80	c80	c80	c80	c80	c80	c80	c80	c80	c80	c80	c80	c80	c80	c80	c80	cd8	c80	c80	ce8	c80	c80	c80	d3b	c80	ceb	d20	d3c	d3d	d27	d20	d2c	c80	c80	c80	d04	cd0	cd3	cd8	cf5	ccc	c80	c80	c80	c80	c80	c80	c80	c80	c80	c80	c80	c80	c80	c80	c80	cf6	d39	d3a	c80	d2e	cfd	d3e	c80	c80	c80	c80	c80	c80	c80	c80	c80	c80	c80	c80	c80	c80	c80	d06	ced	c80	c80	d3f	d2e	cf7	cf8	cf8	d24	d25	c80	c80	c80	c80	c80	c80	c80	c80	c80	c80	c80	c80	c80	c80	c80	c80	c80	c80	c80	c80	c80	c80	cea	c80	c80	c80	cd5	c80	c80	d05	c80	c80	c80	cdf	c80	c80	cea	c80	c80	c80	c80	c80	c80	c80	ce4	cd8	cf5	c80	c80	c80	c80	c80	c80	c80	c80	c80	c80	c80	c80	c80	c80	c80	c80	c80	c80	c80	c80	c80	c80	c80	c80	c80	c80	c80	c80	c80	c80	c80	c80	c80	c80	c80	c80	c80	c80	c80	c80	c80	c80	c80	c80	c80	c80	c80	c80	c80	c80	c80	c80	c80	c80	c80	c80	c80	c80	c80	c80	c80	c80	c80	c80	c80	c80	c80	c80	c80	c80	c80	c80	c80	c80	c80	c80	c80	c80	c80	c80	c80	c80	c80	c80	c80	c80	c80	c80	c80	c80	c80	c80	c80	c80	c80	c80	c80	c80	c80	c80	c80	c80	c80	c80	c80	c80	c80	c80	c80	c80	c80	c80	c80	c80	c80	c80	c80	c80	c80	c80	c80	c80	c80	c80	c80	c80	c80	c80	c80	c80	c80	c80	c80	c80	c80	c80	c80	c80	c80	c80	c80	c80	c80	c80	c80	c80	c80	c80	c80	c80	c80	c80	c80	c80	c80	c80	c80	c80	c80	c80	c80	c80	c80	c80	c80	c80	c80	c80	c80	c80	c80	df2	c80	c80	c80	c80	c80	dea	deb	df3	d26	df4	df5	d27	d28	d29	d50	c80	ceb	ced	3f	dce	c80	df6	df7	df8	c80	d17	d06	ced	df9	ce2	dfa	db8	c80	c80	dfb	d8c	d56	cfb	c80	da7	cfb	da5	ccc	dfc	c80	c80	c80	d96	d8c	dc4	dfd	d44	d67	c80	c80	c80	de7	c80	d54	d96	c80	c80	d8c	dc4	d22	c80	cf3	dfe	d03	c80	c80	c80	c80	c80	c80	c80	ce8	cdd	c80	c80	c80	c80	c80	c80	c80	c80	c80	c80	c80
d40	d41	d42	d43	c80	c80	c80	c80	c80	c80	c80	c80	d26	d27	d20	d2c	c80	d34	d35	d36	ceb	d0f	c80	cf6	cec	ced	c80	cf8	cfd	cf6	d30	d31	d32	c80	c80	c80	c80	c80	c80	c80	c80	c80	c80	c80	c80	c80	c80	c80	c80	c80	c80	c80	c80	c80	c80	c80	c80	c80	c80	c80	c80	c80	c80	c80	c80	c80	c80	c80	c80	c80	c80	c80	c80	c80	c80	c80	c80	c80	c80	c80	c80	c80	c80	c80	c80	c80	c80	c80	c80	c80	c80	c80	c80	c80	c80	c80	c80	c80	c80	c80	c80	c80	c80	c80	c80	c80	c80	c80	c80	c80	c80	c80	c80	c80	c80	c80	c80	c80	c80	c80	c80	c80	c80	c80	c80	c80	c80	c80	c80	cdf	c80	c80	cea	c80	c80	c80	ce2	c80	d02	d44	d45	c80	d46	d47	d48	d49	d4a	d4b	c80	c80	c80	ce2	c80	c80	c80	cd1	c80	c80	c80	c80	c80	c80	c80	c80	c80	c80	c80	c80	c80	c80	c80	c80	d40	d41	d42	d43	d4c	c80	c80	c80	c80	c80	c80	c80	c80	c80	c80	c80	c80	c80	c80	c80	ceb	d0f	d4c	c80	c80	d4d	c80	cf8	cfd	cf6	d30	d31	d32	c80	c80	c80	c80	c80	c80	cd8	c80	c80	c80	c80	c80	c80	c80	c80	c80	c80	c80	c80	c80	c80	c80	c80	c80	c80	c80	c80	c80	c80	c80	d03	c80	ccc	c80	c80	c80	c80	c80	ccc	d04	cea	c80	cd5	cf3	ce2	c80	cfc	ce4	c80	c80	c80	c80	c80	c80	c80	c80	c80	c80	c80	c80	c80	c80	c80	c80	c80	c80	c80	c80	c80	c80	c80	c80	c80	c80	c80	c80	c80	c80	c80	c80	c80	c80	c80	c80	c80	c80	c80	c80	c80	c80	c80	c80	c80	c80	c80	c80	c80	c80	c80	c80	c80	c80	c80	c80	c80	c80	c80	c80	c80	c80	c80	c80	c80	c80	c80	c80	c80	c80	c80	c80	c80	c80	c80	c80	c80	c80	c80	c80	c80	c80	c80	c80	c80	c80	c80	c80	c80	c80	c80	c80	c80	c80	c80	c80	c80	c80	c80	c80	c80	c80	c80	c80	c80	c80	c80	c80	c80	c80	c80	c80	c80	c80	c80	c80	c80	c80	c80	c80	c80	c80	c80	c80	c80	c80	c80	c80	c80	c80	c80	c80	c80	c80	c80	c80	c80	c80	c80	c80	c80	c80	c80	c80	c80	c80	c80	c80	c80	c80	c80	c80	c80	c80	c80	c80	c80	c80	c80	c80	c80	c80	c80	c80	c80	c80	c80	d91	d92	d66	c80	c80	d07	dbf	cf0	c80	dff	d08	de4	e00	d60	e01	d34	d35	e02	e03	d0f	c80	c80	c80	c80	c80	c80	e04	d92	e05	d0f	c80	cf6	d39	e06	c80	c80	ce2	c80	d73	c80	c80	e07	da0	e08	d56	dc4	e09	ccc	c80	de7	d8c	c80	c80	e0a	dd5	c80	d96	d17	d02	c80	d54	d66	dab	cf6	cec	e0b	c80	da9	d96	c80	c80	c80	cd5	cf5	ccc	c80	c80	c80	ccd	cce	cd0	c80	c80	c80	c80	c80	c80	c80	c80	c80	c80	c80
d4e	d4f	94e	cec	ced	c80	c80	c80	c80	c80	c80	c80	c80	d34	d50	cf6	d23	ceb	cec	cec	d0f	d1b	c80	c80	cf8	c80	d06	cec	ced	d51	d2e	cfd	d26	d27	d20	d2c	c80	c80	c80	c80	c80	c80	c80	c80	c80	c80	c80	c80	c80	c80	c80	c80	c80	c80	c80	c80	c80	c80	c80	c80	c80	c80	c80	c80	c80	c80	c80	c80	c80	c80	c80	c80	c80	c80	c80	c80	c80	c80	c80	c80	c80	c80	c80	c80	c80	c80	c80	c80	c80	c80	c80	c80	c80	c80	c80	c80	c80	c80	c80	c80	c80	c80	c80	c80	c80	c80	c80	c80	c80	c80	c80	c80	c80	c80	c80	c80	c80	c80	c80	c80	c80	c80	c80	c80	c80	c80	c80	c80	c80	c80	c80	c80	c80	c80	c80	ce1	cce	c80	c80	c80	d2d	d52	d53	d54	d55	d56	d57	c80	c80	c80	cd1	c80	c80	cd1	cd1	c80	c80	c80	c80	c80	c80	c80	c80	c80	c80	c80	c80	c80	c80	c80	c80	d58	d59	d4f	94e	cec	d5a	c80	c80	c80	c80	c80	c80	c80	c80	c80	c80	cf6	d23	ceb	cec	cec	d0f	d1b	d4c	c80	c80	c80	d5b	cec	ced	d5c	d2e	cfd	d26	d27	d20	d2c	c80	c80	c80	cdc	c80	c80	cd1	ce4	cd8	c80	c80	c80	c80	c80	c80	c80	c80	c80	c80	c80	c80	c80	c80	c80	c80	c80	c80	c80	c80	c80	cd3	cd8	c80	c80	c80	c80	c80	cd8	c80	cce	ce4	cce	cce	c80	cf3	c80	c80	c80	c80	c80	c80	c80	c80	c80	c80	c80	c80	c80	c80	c80	c80	c80	c80	c80	c80	c80	c80	c80	c80	c80	c80	c80	c80	c80	c80	c80	c80	c80	c80	c80	c80	c80	c80	c80	c80	c80	c80	c80	c80	c80	c80	c80	c80	c80	c80	c80	c80	c80	c80	c80	c80	c80	c80	c80	c80	c80	c80	c80	c80	c80	c80	c80	c80	c80	c80	c80	c80	c80	c80	c80	c80	c80	c80	c80	c80	c80	c80	c80	c80	c80	c80	c80	c80	c80	c80	c80	c80	c80	c80	c80	c80	c80	c80	c80	c80	c80	c80	c80	c80	c80	c80	c80	c80	c80	c80	c80	c80	c80	c80	c80	c80	c80	c80	c80	c80	c80	c80	c80	c80	c80	c80	c80	c80	c80	c80	c80	c80	c80	c80	c80	c80	c80	c80	c80	c80	c80	c80	c80	c80	c80	c80	c80	c80	c80	c80	c80	c80	c80	c80	c80	c80	c80	c80	c80	c80	c80	c80	c80	c80	c80	c80	d8c	d53	c80	c80	c80	c80	c80	c80	d54	e0c	dd0	e0d	e0e	e0f	d7b	d31	e10	cec	cec	d0f	d1b	c80	cf6	cec	ced	c80	ceb	cec	cec	d0f	d1b	c80	c80	d40	d41	e11	e12	cd8	e13	d0b	db8	d91	d52	d53	da9	e14	d17	c80	d09	c80	d02	c80	d54	da0	dd0	d44	d67	d54	cfb	c80	ce2	e15	d22	e16	c80	e17	e18	e19	dc2	e1a	d2d	d22	c80	c80	d6a	c80	c80	c80	cea	cd5	ccd	c80	c80	c80	c80	c80	c80	c80	c80	c80	c80	c80	c80
c80	c80	c80	c80	c80	c80	c80	c80	c80	c80	c80	c80	c80	c80	c80	c80	c80	c80	c80	c80	c80	c80	c80	c80	c80	c80	c80	c80	c80	c80	c80	c80	c80	c80	c80	c80	c80	c80	c80	c80	c80	c80	c80	c80	c80	c80	c80	c80	c80	c80	c80	c80	c80	c80	c80	c80	c80	c80	c80	c80	c80	c80	c80	c80	c80	c80	c80	c80	c80	c80	c80	c80	c80	c80	c80	c80	c80	c80	c80	c80	c80	c80	c80	c80	c80	c80	c80	c80	c80	c80	c80	c80	c80	c80	c80	c80	c80	c80	c80	c80	c80	c80	c80	c80	c80	c80	c80	c80	c80	c80	c80	c80	c80	c80	c80	c80	c80	c80	c80	c80	c80	c80	c80	c80	c80	c80	c80	c80	c80	c80	c80	c80	c80	c80	c80	c80	c80	c80	c80	c80	c80	c80	c80	c80	c80	c80	c80	c80	c80	c80	c80	c80	c80	c80	c80	c80	c80	c80	c80	c80	c80	c80	c80	c80	c80	c80	c80	c80	db8	c80	d01	c80	cf9	d26	e1b	e1c	e1d	d27	e1e	cf7	cf8	cf8	e1f	e20	c80	c80	e21	de4	e22	cf7	cf8	cf8	d24	d25	cf6	cec	e23	d4f	94e	cec	ced	e24	e25	e26	cf9	c80	c80	dc2	db1	e27	e07	dc4	d22	c80	c80	c80	e27	c80	c80	d54	d66	e27	ccc	d8c	d66	db1	e28	cec	ced	e29	e2a	e2b	d20	d2c	db1	d0d	c80	c80	ce2	c80	cce	d19	d1a	c80	cdd	d03	c80	cd8	c80	c80	c80	c80	c80	c80	c80	c80	c80	c80	c80	c80	c80	c80	c80	c80	c80	c80	c80	c80	c80	c80	c80	c80	c80	c80	c80	c80	c80	c80	c80	c80	c80	c80	c80	c80	c80	c80	c80	c80	c80	c80	c80	c80	c80	c80	c80	c80	c80	c80	c80	c80	c80	c80	c80	c80	c80	c80	c80	c80	c80	c80	c80	c80	c80	c80	c80	c80	c80	c80	c80	c80	c80	c80	c80	c80	c80	c80	c80	c80	c80	c80	c80	c80	c80	c80	c80	c80	c80	c80	c80	c80	c80	c80	c80	c80	c80	c80	c80	c80	c80	c80	c80	c80	c80	c80	c80	c80	c80	c80	c80	c80	c80	c80	c80	c80	c80	c80	c80	c80	c80	c80	c80	c80	c80	c80	c80	c80	c80	c80	c80	c80	c80	c80	c80	c80	c80	c80	c80	c80	c80	c80	c80	c80	c80	c80	c80	c80	c80	c80	c80	c80	c80	c80	c80	c80	c80	c80	c80	c80	d07	dd5	c80	c80	c80	c80	c80	d22	3f	f3f	d91	d92	cfb	d06	ced	c80	c80	f40	c80	d73	c80	c80	c80	c80	eb8	ce2	f41	f3a	d09	c80	c80	e5f	f42	c80	c80	c80	c80	c80	cfc	f43	c80	d9e	f44	d09	c80	d01	ccd	f45	f46	dcd	c80	c80	c80	c80	cdd	ce4	c80	f47	e5c	f19	f48	e5c	e5d	e5e	cf6	cec	cec	ced	cf0	c80	c80	ceb	c80	c80	c80	f49	c80	cda	c80	e48	d93	d22	f4a	cce	c80	c80	c80	c80	d10	e2d	e80	e81	f4b	c80	d7b	d6c	d6d	ec9	c80	c80	c80	c80	c80	d05
c80	c80	c80	c80	c80	c80	c80	c80	c80	c80	c80	c80	c80	c80	c80	c80	c80	c80	c80	c80	c80	c80	c80	c80	c80	c80	c80	c80	c80	c80	c80	c80	c80	c80	c80	c80	c80	c80	c80	c80	c80	c80	c80	c80	c80	c80	c80	c80	c80	c80	c80	c80	c80	c80	c80	c80	c80	c80	c80	c80	c80	c80	c80	c80	c80	c80	c80	c80	c80	c80	c80	c80	c80	c80	c80	c80	c80	c80	c80	c80	c80	c80	c80	c80	c80	c80	c80	c80	c80	c80	c80	c80	c80	c80	c80	c80	c80	c80	c80	c80	c80	c80	c80	c80	c80	c80	c80	c80	c80	c80	c80	c80	c80	c80	c80	c80	c80	c80	c80	c80	c80	c80	c80	c80	c80	c80	c80	c80	c80	c80	c80	c80	c80	c80	c80	c80	c80	c80	c80	c80	c80	c80	c80	c80	c80	c80	c80	c80	c80	c80	c80	c80	c80	c80	c80	c80	c80	c80	c80	c80	c80	c80	c80	c80	c80	c80	c80	d91	d22	e2c	e2d	d60	d61	e2e	e2f	e30	dd4	e27	d34	e31	e32	e33	e34	d8b	ceb	d20	d2c	c80	e35	cf8	cfd	d63	e36	d31	e37	c80	c80	e38	d5e	d5f	c80	d07	e39	e3a	d01	c80	de7	c80	c80	e3b	dce	c80	d96	e3c	cd8	c80	c80	c80	de7	d0d	c80	c80	cdc	c80	cf6	cec	cf7	cf8	cf6	ced	e3d	e3e	e3f	dce	c80	e40	c80	c80	ce1	c80	ce2	cea	cd1	cd1	c80	cea	cd8	c80	c80	ccd	ce1	cd1	c80	c80	c80	c80	c80	c80	c80	c80	c80	c80	c80	c80	c80	c80	c80	c80	c80	c80	c80	c80	c80	c80	c80	c80	c80	c80	c80	c80	c80	c80	c80	c80	c80	c80	c80	c80	c80	c80	c80	c80	c80	c80	c80	c80	c80	c80	c80	c80	c80	c80	c80	c80	c80	c80	c80	c80	c80	c80	c80	c80	c80	c80	c80	c80	c80	c80	c80	c80	c80	c80	c80	c80	c80	c80	c80	c80	c80	c80	c80	c80	c80	c80	c80	c80	c80	c80	c80	c80	c80	c80	c80	c80	c80	c80	c80	c80	c80	c80	c80	c80	c80	c80	c80	c80	c80	c80	c80	c80	c80	c80	c80	c80	c80	c80	c80	c80	c80	c80	c80	c80	c80	c80	c80	c80	c80	c80	c80	c80	c80	c80	c80	c80	c80	c80	c80	c80	c80	c80	c80	c80	c80	c80	c80	c80	c80	c80	c80	c80	c80	c80	c80	c80	c80	c80	c80	c80	c80	c80	c80	c80	c80	c80	c80	db1	c80	d07	dd0	c80	cf6	d7a	c80	f4c	ccc	d73	c80	c80	c80	c80	c80	d7e	d02	f4d	f4e	dcd	c80	c80	c80	f4f	f50	df7	df8	d07	d9f	c80	e8c	d66	d09	c80	c80	c80	de8	c80	c80	f51	f52	e48	d4b	d17	dd4	c80	d91	f53	d4b	c80	e80	f54	e5a	f55	f56	e18	e19	e21	e21	c80	d54	d96	ceb	d8d	c80	d7e	c80	f57	f58	cea	cd8	d02	c80	d96	ccd	f59	ce2	c80	c80	ec2	f5a	deb	e2d	e8c	d66	c80	c80	f5b	d91	d22	c80	c80	c80	cd5	c80	c80
c80	c80	c80	c80	c80	c80	c80	c80	c80	c80	c80	c80	c80	c80	c80	c80	c80	c80	c80	c80	c80	c80	c80	c80	c80	c80	c80	c80	c80	c80	c80	c80	c80	c80	c80	c80	c80	c80	c80	c80	c80	c80	c80	c80	c80	c80	c80	c80	c80	c80	c80	c80	c80	c80	c80	c80	c80	c80	c80	c80	c80	c80	c80	c80	c80	c80	c80	c80	c80	c80	c80	c80	c80	c80	c80	c80	c80	c80	c80	c80	c80	c80	c80	c80	c80	c80	c80	c80	c80	c80	c80	c80	c80	c80	c80	c80	c80	c80	c80	c80	c80	c80	c80	c80	c80	c80	c80	c80	c80	c80	c80	c80	c80	c80	c80	c80	c80	c80	c80	c80	c80	c80	c80	c80	c80	c80	c80	c80	c80	c80	c80	c80	c80	c80	c80	c80	c80	c80	c80	c80	c80	c80	c80	c80	c80	c80	c80	c80	c80	c80	c80	c80	c80	c80	c80	c80	c80	c80	c80	c80	c80	c80	c80	c80	c80	c80	d91	dd0	d2d	e41	e42	e43	d6c	e44	e19	dbf	dfd	d26	d27	d20	d2c	e45	e46	e47	d4e	c80	dd4	c80	d73	c80	d01	d6f	d41	d42	d8c	d96	e48	e49	d61	e2e	c80	cf6	cec	ced	c80	c80	d09	dbb	e4a	e4b	c80	c80	d54	d55	dc4	e4c	ce1	c80	c80	c80	e4d	c80	cce	c80	dce	c80	cf8	cfd	cfe	c80	db8	e4e	c80	c80	c80	c80	e4f	c80	c80	c80	c80	cd6	c80	c80	cd8	cd8	c80	cea	c80	cdd	cde	cdf	cd5	c80	c80	c80	c80	c80	c80	c80	c80	c80	c80	c80	c80	c80	c80	c80	c80	c80	c80	c80	c80	c80	c80	c80	c80	c80	c80	c80	c80	c80	c80	c80	c80	c80	c80	c80	c80	c80	c80	c80	c80	c80	c80	c80	c80	c80	c80	c80	c80	c80	c80	c80	c80	c80	c80	c80	c80	c80	c80	c80	c80	c80	c80	c80	c80	c80	c80	c80	c80	c80	c80	c80	c80	c80	c80	c80	c80	c80	c80	c80	c80	c80	c80	c80	c80	c80	c80	c80	c80	c80	c80	c80	c80	c80	c80	c80	c80	c80	c80	c80	c80	c80	c80	c80	c80	c80	c80	c80	c80	c80	c80	c80	c80	c80	c80	c80	c80	c80	c80	c80	c80	c80	c80	c80	c80	c80	c80	c80	c80	c80	c80	c80	c80	c80	c80	c80	c80	c80	c80	c80	c80	c80	c80	c80	c80	c80	c80	c80	c80	c80	c80	c80	c80	c80	c80	d07	dd5	c80	c80	c80	c80	c80	c80	c80	d9e	d66	c80	c80	ceb	c80	c80	cf5	d7e	c80	efa	d52	d93	cf0	d7e	f5c	f5d	db8	f5e	da5	c80	eab	c80	d7e	f5f	f60	f61	d67	c80	eca	c80	c80	c80	c80	c80	c80	c80	cd8	f38	cf5	c80	c80	dd4	c80	c80	cd7	c80	dc2	dd4	de8	d9e	d53	c80	c80	e85	e56	e57	d32	c80	c80	dd4	cf6	cf7	d94	d17	c80	c80	e79	f62	d4b	cda	c80	c80	d9e	cfb	f63	cdc	d05	ce2	c80	e7c	f64	f65	db5	c80	c80	c80	d54	d53	d02	c80	c80	c80	cdd	c80	c80
c80	c80	c80	c80	c80	c80	c80	c80	c80	c80	c80	c80	c80	c80	c80	c80	c80	c80	c80	c80	c80	c80	c80	c80	c80	c80	c80	c80	c80	c80	c80	c80	c80	c80	c80	c80	c80	c80	c80	c80	c80	c80	c80	c80	c80	c80	c80	c80	c80	c80	c80	c80	c80	c80	c80	c80	c80	c80	c80	c80	c80	c80	c80	c80	c80	c80	c80	c80	c80	c80	c80	c80	c80	c80	c80	c80	c80	c80	c80	c80	c80	c80	c80	c80	c80	c80	c80	c80	c80	c80	c80	c80	c80	c80	c80	c80	c80	c80	c80	c80	c80	c80	c80	c80	c80	c80	c80	c80	c80	c80	c80	c80	c80	c80	c80	c80	c80	c80	c80	c80	c80	c80	c80	c80	c80	c80	c80	c80	c80	c80	c80	c80	c80	c80	c80	c80	c80	c80	c80	c80	c80	c80	c80	c80	c80	c80	c80	c80	c80	c80	c80	c80	c80	c80	c80	c80	c80	c80	c80	c80	c80	c80	c80	c80	c80	c80	c80	e50	e51	e52	e53	e54	e55	e56	e57	d32	c80	d63	e58	e59	c80	c80	c80	c80	c80	c80	d91	e5a	df1	dbf	d22	e5b	d8a	d8b	c80	db8	c80	d7b	e5c	e5d	e5e	c80	cf8	c80	c80	c80	c80	e5f	e60	e61	c80	c80	d73	d54	d66	d91	e62	c80	d02	c80	c80	ce4	c80	c80	d10	e2d	c80	d15	db5	d10	dec	d01	c80	c80	e63	e64	e65	e66	c80	c80	c80	c80	c80	cd8	c80	c80	ce8	ccc	c80	c80	cdd	ce4	cda	c80	c80	cce	c80	c80	c80	c80	c80	c80	c80	c80	c80	c80	c80	c80	c80	c80	c80	c80	c80	c80	c80	c80	c80	c80	c80	c80	c80	c80	c80	c80	c80	c80	c80	c80	c80	c80	c80	c80	c80	c80	c80	c80	c80	c80	c80	c80	c80	c80	c80	c80	c80	c80	c80	c80	c80	c80	c80	c80	c80	c80	c80	c80	c80	c80	c80	c80	c80	c80	c80	c80	c80	c80	c80	c80	c80	c80	c80	c80	c80	c80	c80	c80	c80	c80	c80	c80	c80	c80	c80	c80	c80	c80	c80	c80	c80	c80	c80	c80	c80	c80	c80	c80	c80	c80	c80	c80	c80	c80	c80	c80	c80	c80	c80	c80	c80	c80	c80	c80	c80	c80	c80	c80	c80	c80	c80	c80	c80	c80	c80	c80	c80	c80	c80	c80	c80	c80	c80	c80	c80	c80	c80	c80	c80	c80	c80	c80	c80	c80	c80	c80	c80	c80	d07	dd5	c80	c80	c80	c80	c80	c80	c80	c80	c80	dc2	de7	ceb	d8d	c80	c80	c80	c80	d0c	cf9	d44	d67	d54	dc4	dfd	cdc	c80	d09	c80	c80	ce2	ccc	491	c80	c80	c80	c80	e27	c80	c80	d73	d7e	c80	c80	f66	c80	f67	d4b	d0d	f68	c80	c80	c80	c80	c80	d73	c80	de4	de3	d2c	d54	d66	cf6	cec	ced	c80	cf6	cec	ced	c80	d63	f69	f6a	c80	d07	d22	ee7	f6b	f6c	ed1	cd1	c80	c80	d93	d22	dd4	cea	f6d	cd7	cdc	c80	e7c	d14	c80	c80	f41	ed1	f6e	cfb	c80	d05	cd8	cd0	cd1	c80
c80	c80	c80	c80	c80	c80	c80	c80	c80	c80	c80	c80	c80	c80	c80	c80	c80	c80	c80	c80	c80	c80	c80	c80	c80	c80	c80	c80	c80	c80	c80	c80	c80	c80	c80	c80	c80	c80	c80	c80	c80	c80	c80	c80	c80	c80	c80	c80	c80	c80	c80	c80	c80	c80	c80	c80	c80	c80	c80	c80	c80	c80	c80	c80	c80	c80	c80	c80	c80	c80	c80	c80	c80	c80	c80	c80	c80	c80	c80	c80	c80	c80	c80	c80	c80	c80	c80	c80	c80	c80	c80	c80	c80	c80	c80	c80	c80	c80	c80	c80	c80	c80	c80	c80	c80	c80	c80	c80	c80	c80	c80	c80	c80	c80	c80	c80	c80	c80	c80	c80	c80	c80	c80	c80	c80	c80	c80	c80	c80	c80	c80	c80	c80	c80	c80	c80	c80	c80	c80	c80	c80	c80	c80	c80	c80	c80	c80	c80	c80	c80	c80	c80	c80	c80	c80	c80	c80	c80	c80	c80	c80	c80	c80	d3b	e67	c80	c80	d7b	d6c	e68	e69	e6a	d31	e6b	e6c	cec	ced	d6f	dc8	d8b	ceb	cec	ced	e6d	d0d	c80	cf9	c80	e6e	d22	c80	e6d	e03	cec	e6f	e70	c80	c80	e71	e72	e18	e19	e73	c80	d02	c80	c80	e74	c80	e75	cd9	d91	cf0	c80	e76	e77	c80	cd5	cdc	de8	d02	d7e	e78	c80	e79	e7a	e7b	e7c	e7d	e7e	e7f	cf0	c80	c80	c80	c80	cd5	d01	c80	c80	c80	c80	c80	c80	cea	c80	c80	c80	cd5	cce	cce	c80	c80	cce	cce	c80	c80	c80	c80	c80	c80	c80	c80	c80	c80	c80	c80	c80	c80	c80	c80	c80	c80	c80	c80	c80	c80	c80	c80	c80	c80	c80	c80	c80	c80	c80	c80	c80	c80	c80	c80	c80	c80	c80	c80	c80	c80	c80	c80	c80	c80	c80	c80	c80	c80	c80	c80	c80	c80	c80	c80	c80	c80	c80	c80	c80	c80	c80	c80	c80	c80	c80	c80	c80	c80	c80	c80	c80	c80	c80	c80	c80	c80	c80	c80	c80	c80	c80	c80	c80	c80	c80	c80	c80	c80	c80	c80	c80	c80	c80	c80	c80	c80	c80	c80	c80	c80	c80	c80	c80	c80	c80	c80	c80	c80	c80	c80	c80	c80	c80	c80	c80	c80	c80	c80	c80	c80	c80	c80	c80	c80	c80	c80	c80	c80	c80	c80	c80	c80	c80	c80	c80	c80	c80	c80	c80	c80	c80	c80	c80	c80	c80	c80	c80	c80	c80	c80	c80	c80	c80	c80	c80	c80	c80	c80	c80	c80	c80	cf6	cf7	d94	cf6	ced	cce	f6f	f70	c80	d0d	c80	c80	c80	da9	f71	cf5	cdc	c80	ccc	cdc	d8c	d93	f72	cd8	c80	c80	c80	d01	c80	cd5	ccc	cf5	f73	d9e	f74	d66	c80	c80	c80	c80	c80	c80	c80	c80	c80	de4	f75	f76	c80	dc2	c80	c80	cf8	c80	c80	c80	c80	c80	e9a	f77	d70	f78	d91	d67	c80	f79	f7a	f7b	f7c	cd7	cf5	f7d	cf0	d17	c80	c80	cd1	cea	f7e	cef	f7f	ce1	cd3	dd9	f80	ee2	c80	d73	c80	ce1	cf5	c80	cd7	c80
c80	c80	c80	c80	c80	c80	c80	c80	c80	c80	c80	c80	c80	c80	c80	c80	c80	c80	c80	c80	c80	c80	c80	c80	c80	c80	c80	c80	c80	c80	c80	c80	c80	c80	c80	c80	c80	c80	c80	c80	c80	c80	c80	c80	c80	c80	c80	c80	c80	c80	c80	c80	c80	c80	c80	c80	c80	c80	c80	c80	c80	c80	c80	c80	c80	c80	c80	c80	c80	c80	c80	c80	c80	c80	c80	c80	c80	c80	c80	c80	c80	c80	c80	c80	c80	c80	c80	c80	c80	c80	c80	c80	c80	c80	c80	c80	c80	c80	c80	c80	c80	c80	c80	c80	c80	c80	c80	c80	c80	c80	c80	c80	c80	c80	c80	c80	c80	c80	c80	c80	c80	c80	c80	c80	c80	c80	c80	c80	c80	c80	c80	c80	c80	c80	c80	c80	c80	c80	c80	c80	c80	c80	c80	c80	c80	c80	c80	c80	c80	c80	c80	c80	c80	c80	c80	c80	c80	c80	c80	c80	c80	c80	c80	c80	d54	d96	c80	c80	d7e	e80	e81	e82	d64	e83	cf0	c80	c80	c80	cf6	cec	cf7	cf8	c80	d9e	d96	c80	d02	d54	d66	dc1	cf6	cec	cf7	cf8	cf6	ced	e27	dce	e84	e85	e56	e57	d32	c80	c80	c80	c80	c80	c80	e86	c80	cf9	e87	d22	c80	c80	cdc	e88	e89	cd5	cdd	ccc	d03	c80	e8a	e8b	e8c	d55	e8d	c80	c80	c80	d73	c80	e75	e8e	cea	ce2	cd8	e8f	e2d	c80	d73	cea	c80	c80	e75	cd8	c80	ce8	c80	cd4	cce	ce1	c80	d18	c80	c80	c80	c80	c80	c80	c80	c80	c80	c80	c80	c80	c80	c80	c80	c80	c80	c80	c80	c80	c80	c80	c80	c80	c80	c80	c80	c80	c80	c80	c80	c80	c80	c80	c80	c80	c80	c80	c80	c80	c80	c80	c80	c80	c80	c80	c80	c80	c80	c80	c80	c80	c80	c80	c80	c80	c80	c80	c80	c80	c80	c80	c80	c80	c80	c80	c80	c80	c80	c80	c80	c80	c80	c80	c80	c80	c80	c80	c80	c80	c80	c80	c80	c80	c80	c80	c80	c80	c80	c80	c80	c80	c80	c80	c80	c80	c80	c80	c80	c80	c80	c80	c80	c80	c80	c80	c80	c80	c80	c80	c80	c80	c80	c80	c80	c80	c80	c80	c80	c80	c80	c80	c80	c80	c80	c80	c80	c80	c80	c80	c80	c80	c80	c80	c80	c80	c80	c80	c80	c80	c80	c80	c80	c80	c80	c80	c80	c80	c80	c80	c80	c80	d07	d92	cfb	db8	c80	c80	d91	d52	d55	d96	c80	cf8	d98	c80	c80	f40	c80	dfa	d91	d22	c80	d73	c80	c80	eb6	d73	f81	f08	c80	d8c	dd2	d67	db1	c80	c80	c80	de8	c80	c80	d9e	d4b	f82	c80	c80	c80	edb	f83	db5	cf6	cec	e0b	c80	d26	d27	e1e	f84	f85	f86	c80	de2	d1f	d20	d2c	de8	c80	c80	c80	edb	edf	f87	e35	c80	c80	c80	c80	d01	f39	f88	c80	ccc	c80	cf9	d54	e14	e12	c80	f89	dc4	dd0	c80	d54	f8a	dc4	f8b	c80	ef6	c80	c80	c80	c80	d05	cf4	c80	c80
c80	c80	c80	c80	c80	c80	c80	c80	c80	c80	c80	c80	c80	c80	c80	c80	c80	c80	c80	c80	c80	c80	c80	c80	c80	c80	c80	c80	c80	c80	c80	c80	c80	c80	c80	c80	c80	c80	c80	c80	c80	c80	c80	c80	c80	c80	c80	c80	c80	c80	c80	c80	c80	c80	c80	c80	c80	c80	c80	c80	c80	c80	c80	c80	c80	c80	c80	c80	c80	c80	c80	c80	c80	c80	c80	c80	c80	c80	c80	c80	c80	c80	c80	c80	c80	c80	c80	c80	c80	c80	c80	c80	c80	c80	c80	c80	c80	c80	c80	c80	c80	c80	c80	c80	c80	c80	c80	c80	c80	c80	c80	c80	c80	c80	c80	c80	c80	c80	c80	c80	c80	c80	c80	c80	c80	c80	c80	c80	c80	c80	c80	c80	c80	c80	c80	c80	c80	c80	c80	c80	c80	c80	c80	c80	c80	c80	c80	c80	c80	c80	c80	c80	c80	c80	c80	c80	c80	c80	c80	c80	c80	c80	c80	c80	c80	c80	c80	d8c	dc4	dde	e90	e91	dc8	d8b	e6d	c80	c80	c80	e92	e93	cf8	cfd	d02	c80	d54	dc4	e94	e95	c80	d54	cfb	c80	cf8	cfd	cfe	c80	c80	c80	e65	e96	e97	c80	ceb	cec	ced	e98	e99	d22	e9a	cdd	c80	c80	c80	da9	d22	d91	cf0	c80	c80	e9b	d05	db8	c80	c80	c80	c80	d02	c80	dd4	c80	c80	d09	ce1	cd1	ce4	e9c	d92	e9d	ce1	e7c	e9e	dc4	d22	c80	c80	c80	c80	cdc	c80	cce	cd1	cd1	c80	c80	c80	c80	c80	c80	c80	c80	c80	c80	c80	c80	c80	c80	c80	c80	c80	c80	c80	c80	c80	c80	c80	c80	c80	c80	c80	c80	c80	c80	c80	c80	c80	c80	c80	c80	c80	c80	c80	c80	c80	c80	c80	c80	c80	c80	c80	c80	c80	c80	c80	c80	c80	c80	c80	c80	c80	c80	c80	c80	c80	c80	c80	c80	c80	c80	c80	c80	c80	c80	c80	c80	c80	c80	c80	c80	c80	c80	c80	c80	c80	c80	c80	c80	c80	c80	c80	c80	c80	c80	c80	c80	c80	c80	c80	c80	c80	c80	c80	c80	c80	c80	c80	c80	c80	c80	c80	c80	c80	c80	c80	c80	c80	c80	c80	c80	c80	c80	c80	c80	c80	c80	c80	c80	c80	c80	c80	c80	c80	c80	c80	c80	c80	c80	c80	c80	c80	c80	c80	c80	c80	c80	c80	c80	c80	c80	c80	c80	d91	cf0	c80	c80	c80	c80	d8c	d55	d66	c80	da7	cfb	c80	d07	dd0	c80	c80	c80	d73	c80	cf6	cec	cec	ced	f4c	ccc	c80	c80	c80	c80	d01	c80	c80	c80	d91	dbf	e08	d66	c80	c80	d02	c80	c80	e40	c80	cd1	def	c80	df7	f8c	f8d	efe	f8e	f8f	f90	f91	c80	e17	e18	e19	c80	d34	f92	f93	f94	f95	d27	d28	d29	d2a	d2b	d2c	c80	d7e	d63	f96	f97	f98	cef	e08	cfb	c80	f99	f15	f51	e61	f9a	c80	d17	c80	dc2	da9	cfb	cdc	c80	c80	c80	d54	d66	c80	da5	f9b	f44	d09	c80	c80	ce1	c80	ccd	ce1	c80	c80
c80	c80	c80	c80	c80	c80	c80	c80	c80	c80	c80	c80	c80	c80	c80	c80	c80	c80	c80	c80	c80	c80	c80	c80	c80	c80	c80	c80	c80	c80	c80	c80	c80	c80	c80	c80	c80	c80	c80	c80	c80	c80	c80	c80	c80	c80	c80	c80	c80	c80	c80	c80	c80	c80	c80	c80	c80	c80	c80	c80	c80	c80	c80	c80	c80	c80	c80	c80	c80	c80	c80	c80	c80	c80	c80	c80	c80	c80	c80	c80	c80	c80	c80	c80	c80	c80	c80	c80	c80	c80	c80	c80	c80	c80	c80	c80	c80	c80	c80	c80	c80	c80	c80	c80	c80	c80	c80	c80	c80	c80	c80	c80	c80	c80	c80	c80	c80	c80	c80	c80	c80	c80	c80	c80	c80	c80	c80	c80	c80	c80	c80	c80	c80	c80	c80	c80	c80	c80	c80	c80	c80	c80	c80	c80	c80	c80	c80	c80	c80	c80	c80	c80	c80	c80	c80	c80	c80	c80	c80	c80	c80	c80	c80	c80	c80	c80	c80	d44	d67	e9f	ea0	d8b	e27	c80	ea1	e2d	c80	c80	e15	ea2	cf6	cec	ced	c80	c80	d91	ea3	ea4	d8c	ea5	d27	d20	d2c	c80	d7e	d8c	d96	ea6	ea7	ea8	cf6	cec	cf7	cf8	cf6	ced	c80	ea9	eaa	e95	cda	c80	eab	c80	d02	cf9	c80	d7e	c80	eac	452	ead	c80	c80	cd5	eae	eaf	cda	c80	d02	c80	c80	cf5	d05	d9e	d96	c80	ea9	ccd	cdc	c80	c80	db1	c80	c80	ce4	c80	c80	c80	cd8	c80	cd7	c80	c80	c80	c80	c80	c80	c80	c80	c80	c80	c80	c80	c80	c80	c80	c80	c80	c80	c80	c80	c80	c80	c80	c80	c80	c80	c80	c80	c80	c80	c80	c80	c80	c80	c80	c80	c80	c80	c80	c80	c80	c80	c80	c80	c80	c80	c80	c80	c80	c80	c80	c80	c80	c80	c80	c80	c80	c80	c80	c80	c80	c80	c80	c80	c80	c80	c80	c80	c80	c80	c80	c80	c80	c80	c80	c80	c80	c80	c80	c80	c80	c80	c80	c80	c80	c80	c80	c80	c80	c80	c80	c80	c80	c80	c80	c80	c80	c80	c80	c80	c80	c80	c80	c80	c80	c80	c80	c80	c80	c80	c80	c80	c80	c80	c80	c80	c80	c80	c80	c80	c80	c80	c80	c80	c80	c80	c80	c80	c80	c80	c80	c80	c80	c80	c80	c80	c80	c80	c80	c80	c80	c80	c80	c80	c80	c80	c80	c80	cf9	d54	cfb	c80	c80	c80	c80	c80	c80	da7	c80	c80	d3b	d66	d44	d65	d66	e28	cec	ced	c80	cf8	cf8	c80	c80	cce	d1a	f05	f9c	f9d	cf0	c80	c80	d09	c80	c80	c80	c80	d7e	c80	c80	d0d	ccc	c80	cf4	cf5	dce	c80	f9e	f9f	fa0	f8f	fa1	fa2	fa3	d1f	d20	d2c	fa4	fa5	cec	ced	d26	e33	e34	d8b	c80	d34	d35	d36	c80	d02	c80	da5	d6f	d70	d70	fa6	ced	d17	c80	d05	c80	c80	c80	c80	c80	fa7	fa8	d0d	c80	e27	d73	cd0	c80	c80	d54	fa9	d22	f67	d56	d56	cfb	f1f	f20	c80	ccd	c80	cdd	cde	c80	c80
c80	c80	c80	c80	c80	c80	c80	c80	c80	c80	c80	c80	c80	c80	c80	c80	c80	c80	c80	c80	c80	c80	c80	c80	c80	c80	c80	c80	c80	c80	c80	c80	c80	c80	c80	c80	c80	c80	c80	c80	c80	c80	c80	c80	c80	c80	c80	c80	c80	c80	c80	c80	c80	c80	c80	c80	c80	c80	c80	c80	c80	c80	c80	c80	c80	c80	c80	c80	c80	c80	c80	c80	c80	c80	c80	c80	c80	c80	c80	c80	c80	c80	c80	c80	c80	c80	c80	c80	c80	c80	c80	c80	c80	c80	c80	c80	c80	c80	c80	c80	c80	c80	c80	c80	c80	c80	c80	c80	c80	c80	c80	c80	c80	c80	c80	c80	c80	c80	c80	c80	c80	c80	c80	c80	c80	c80	c80	c80	c80	c80	c80	c80	c80	c80	c80	c80	c80	c80	c80	c80	c80	c80	c80	c80	c80	c80	c80	c80	c80	c80	c80	c80	c80	c80	c80	c80	c80	c80	c80	c80	c80	c80	c80	df2	d96	c80	d63	d64	d64	ea0	eb0	c80	eb1	d92	eb2	eb3	eb4	eb5	e51	d62	c80	cf8	c80	c80	c80	cf9	d96	c80	c80	eb6	d26	d27	d20	eb7	c80	d44	d65	cfb	eb8	c80	c80	c80	cf8	cfd	cfe	d60	d61	eb9	eba	ebb	d02	cd1	ce1	ce2	c80	c80	c80	ccc	e4d	c80	cdd	c80	ebc	ebd	ebe	ea0	d8b	cd1	ce1	ce2	cd5	ebf	d09	e4a	ec0	c80	c80	d54	d4b	cd5	d05	ec1	c80	c80	c80	ec2	c80	c80	c80	c80	c80	cdc	c80	cfc	ce4	c80	c80	c80	c80	c80	c80	c80	c80	c80	c80	c80	c80	c80	c80	c80	c80	c80	c80	c80	c80	c80	c80	c80	c80	c80	c80	c80	c80	c80	c80	c80	c80	c80	c80	c80	c80	c80	c80	c80	c80	c80	c80	c80	c80	c80	c80	c80	c80	c80	c80	c80	c80	c80	c80	c80	c80	c80	c80	c80	c80	c80	c80	c80	c80	c80	c80	c80	c80	c80	c80	c80	c80	c80	c80	c80	c80	c80	c80	c80	c80	c80	c80	c80	c80	c80	c80	c80	c80	c80	c80	c80	c80	c80	c80	c80	c80	c80	c80	c80	c80	c80	c80	c80	c80	c80	c80	c80	c80	c80	c80	c80	c80	c80	c80	c80	c80	c80	c80	c80	c80	c80	c80	c80	c80	c80	c80	c80	c80	c80	c80	c80	c80	c80	c80	c80	c80	c80	c80	c80	c80	c80	d8c	dc4	d22	d91	faa	d66	c80	cd5	ce2	d01	c80	c80	d3b	d66	fab	c80	d09	c80	c80	cf6	cec	cf7	cf8	cf6	ced	d91	cf0	cf6	cec	ced	fac	d8c	d66	fad	e87	ea2	491	c80	c80	c80	c80	ce1	c80	fae	e48	d93	faf	fb0	c80	c80	c80	d16	ec6	fb1	fb2	fb3	d57	cf6	d28	d29	d2a	d2b	fb4	d5e	d5f	c80	c80	fb5	e46	d2c	c80	c80	c80	c80	c80	c80	da7	d54	d93	fb6	d06	d0f	c80	c80	de8	e6d	c80	c80	d02	c80	fb7	fb8	fb9	c80	d02	d01	d0c	ccd	c80	db8	d8c	d66	d2d	d22	c80	c80	d17	c80	c80	c80	c80	c80	c80	c80	ce4	c80
c80	c80	c80	c80	c80	c80	c80	c80	c80	c80	c80	c80	c80	c80	c80	c80	c80	c80	c80	c80	c80	c80	c80	c80	c80	c80	c80	c80	c80	c80	c80	c80	c80	c80	c80	c80	c80	c80	c80	c80	c80	c80	c80	c80	c80	c80	c80	c80	c80	c80	c80	c80	c80	c80	c80	c80	c80	c80	c80	c80	c80	c80	c80	c80	c80	c80	c80	c80	c80	c80	c80	c80	c80	c80	c80	c80	c80	c80	c80	c80	c80	c80	c80	c80	c80	c80	c80	c80	c80	c80	c80	c80	c80	c80	c80	c80	c80	c80	c80	c80	c80	c80	c80	c80	c80	c80	c80	c80	c80	c80	c80	c80	c80	c80	c80	c80	c80	c80	c80	c80	c80	c80	c80	c80	c80	c80	c80	c80	c80	c80	c80	c80	c80	c80	c80	c80	c80	c80	c80	c80	c80	c80	c80	c80	c80	c80	c80	c80	c80	c80	c80	c80	c80	c80	c80	c80	c80	c80	c80	c80	c80	c80	d8c	c80	c80	c80	d6f	d70	d70	ec3	ec4	d91	ec5	d0d	ec6	ec7	cf9	ec8	d6c	d6d	ec9	d22	d01	c80	d8c	e87	d22	c80	ded	d56	cfb	d34	d50	c80	ce4	c80	c80	c80	eca	d91	df1	cf0	dce	cf6	cec	d6b	d6c	d6d	ecb	ecc	e0b	c80	d01	d09	cda	cf4	ce2	c80	d01	cea	cd8	de8	d60	ecd	ea0	eb0	c80	c80	c80	d73	c80	cdd	cf1	ece	d3b	d4b	c80	d73	c80	cdd	ce4	c80	c80	c80	ecf	ed0	ed1	d17	c80	c80	c80	e4d	c80	c80	ce4	c80	c80	c80	c80	c80	c80	c80	c80	c80	c80	c80	c80	c80	c80	c80	c80	c80	c80	c80	c80	c80	c80	c80	c80	c80	c80	c80	c80	c80	c80	c80	c80	c80	c80	c80	c80	c80	c80	c80	c80	c80	c80	c80	c80	c80	c80	c80	c80	c80	c80	c80	c80	c80	c80	c80	c80	c80	c80	c80	c80	c80	c80	c80	c80	c80	c80	c80	c80	c80	c80	c80	c80	c80	c80	c80	c80	c80	c80	c80	c80	c80	c80	c80	c80	c80	c80	c80	c80	c80	c80	c80	c80	c80	c80	c80	c80	c80	c80	c80	c80	c80	c80	c80	c80	c80	c80	c80	c80	c80	c80	c80	c80	c80	c80	c80	c80	c80	c80	c80	c80	c80	c80	c80	c80	c80	c80	c80	c80	c80	c80	c80	c80	c80	c80	c80	c80	c80	c80	c80	c80	c80	c80	c80	d07	dd0	d44	d22	cdd	c80	cce	fba	eae	d64	eaf	de7	d54	cfb	c80	d54	d66	dce	c80	cf8	cfd	cfe	c80	d57	d54	d96	cf6	cec	ced	c80	dc2	d54	d66	c80	c80	c80	c80	c80	f40	cd3	d91	d22	c80	c80	c80	c80	cd8	c80	c80	dfa	fbb	de3	fbc	d27	d20	fbd	d34	d35	d36	c80	c80	c80	c80	c80	c80	c80	c80	c80	c80	c80	c80	c80	c80	cf6	d23	ceb	cec	cec	d0f	d1b	c80	c80	d3b	d55	d93	d22	c80	c80	c80	fbe	c80	c80	c80	fbf	fc0	cfb	f59	c80	c80	c80	c80	d93	d52	d55	d96	fc1	c80	c80	c80	c80	c80	c80	c80	c80
c80	c80	c80	c80	c80	c80	c80	c80	c80	c80	c80	c80	c80	c80	c80	c80	c80	c80	c80	c80	c80	c80	c80	c80	c80	c80	c80	c80	c80	c80	c80	c80	c80	c80	c80	c80	c80	c80	c80	c80	c80	c80	c80	c80	c80	c80	c80	c80	c80	c80	c80	c80	c80	c80	c80	c80	c80	c80	c80	c80	c80	c80	c80	c80	c80	c80	c80	c80	c80	c80	c80	c80	c80	c80	c80	c80	c80	c80	c80	c80	c80	c80	c80	c80	c80	c80	c80	c80	c80	c80	c80	c80	c80	c80	c80	c80	c80	c80	c80	c80	c80	c80	c80	c80	c80	c80	c80	c80	c80	c80	c80	c80	c80	c80	c80	c80	c80	c80	c80	c80	c80	c80	c80	c80	c80	c80	c80	c80	c80	c80	c80	c80	c80	c80	c80	c80	c80	c80	c80	c80	c80	c80	c80	c80	c80	c80	c80	c80	c80	c80	c80	c80	c80	c80	c80	c80	c80	c80	c80	d91	cef	d92	d66	c80	c80	c80	c80	ed2	ed3	ed4	d2b	ed5	d54	ed6	ed7	d9e	cfb	d54	d93	df1	d22	c80	ce2	d8c	d66	d09	c80	d07	ceb	ced	ed8	d22	d15	d16	ed9	cf5	c80	c80	c80	cf9	de7	d54	e67	c80	cf8	c80	d73	c80	c80	eda	e18	e19	e73	c80	c80	edb	e2d	c80	c80	c80	c80	c80	d7b	edc	ec3	ec4	dce	c80	c80	da5	c80	cd7	ccc	c80	de8	c80	dd9	c80	d1a	d02	d7e	edd	ede	edf	ee0	ee1	ee2	e48	d55	d96	c80	c80	c80	c80	c80	cd5	c80	c80	c80	c80	c80	c80	c80	c80	c80	c80	c80	c80	c80	c80	c80	c80	c80	c80	c80	c80	c80	c80	c80	c80	c80	c80	c80	c80	c80	c80	c80	c80	c80	c80	c80	c80	c80	c80	c80	c80	c80	c80	c80	c80	c80	c80	c80	c80	c80	c80	c80	c80	c80	c80	c80	c80	c80	c80	c80	c80	c80	c80	c80	c80	c80	c80	c80	c80	c80	c80	c80	c80	c80	c80	c80	c80	c80	c80	c80	c80	c80	c80	c80	c80	c80	c80	c80	c80	c80	c80	c80	c80	c80	c80	c80	c80	c80	c80	c80	c80	c80	c80	c80	c80	c80	c80	c80	c80	c80	c80	c80	c80	c80	c80	c80	c80	c80	c80	c80	c80	c80	c80	c80	c80	c80	c80	c80	c80	c80	c80	c80	c80	c80	c80	c80	c80	c80	db8	c80	c80	db8	d3b	d66	c80	c80	c80	c80	d05	d63	d64	fc2	d70	fc3	f95	d27	d20	d2c	da5	d91	cef	d22	ceb	ced	d7e	da7	d54	d66	fc4	c80	cf8	c80	d09	c80	c80	dd4	c80	c80	db8	c80	ccd	eb8	d17	d0d	c80	c80	dd4	c80	ccd	d17	c80	c80	fc5	f75	f76	fc6	d34	d50	c80	c80	c80	c80	c80	c80	c80	c80	c80	c80	c80	c80	c80	c80	c80	c80	c80	c80	c80	d2e	cf7	cf8	cf8	d24	d25	cf6	cec	ced	d44	fc7	d61	d62	d26	d27	d20	ed5	c80	c80	e79	e26	d73	cd7	c80	d09	d54	d66	c80	c80	c80	e87	df1	dde	c80	c80	d05	c80	fc8	ce4	c80
c80	c80	c80	c80	c80	c80	c80	c80	c80	c80	c80	c80	c80	c80	c80	c80	c80	c80	c80	c80	c80	c80	c80	c80	c80	c80	c80	c80	c80	c80	c80	c80	c80	c80	c80	c80	c80	c80	c80	c80	c80	c80	c80	c80	c80	c80	c80	c80	c80	c80	c80	c80	c80	c80	c80	c80	c80	c80	c80	c80	c80	c80	c80	c80	c80	c80	c80	c80	c80	c80	c80	c80	c80	c80	c80	c80	c80	c80	c80	c80	c80	c80	c80	c80	c80	c80	c80	c80	c80	c80	c80	c80	c80	c80	c80	c80	c80	c80	c80	c80	c80	c80	c80	c80	c80	c80	c80	c80	c80	c80	c80	c80	c80	c80	c80	c80	c80	c80	c80	c80	c80	c80	c80	c80	c80	c80	c80	c80	c80	c80	c80	c80	c80	c80	c80	c80	c80	c80	c80	c80	c80	c80	c80	c80	c80	c80	c80	c80	c80	c80	c80	c80	c80	c80	c80	c80	c80	c80	d91	dd0	c80	c80	c80	c80	d26	d27	d39	ee3	d6f	d41	d42	d91	d52	d4b	ee4	ee5	e8c	ed6	c80	de7	d17	ccc	c80	d17	c80	d8c	d55	ee6	d0f	c80	c80	db1	ee7	ee8	ee9	c80	d09	c80	c80	e27	de7	d44	d65	cfb	d0d	eea	d26	d27	d20	de5	eeb	e2a	e2b	d20	eec	d13	eed	d1f	d20	eee	d22	eef	d2b	ef0	ed4	d2b	d2c	c80	cdc	ef1	cfb	c80	ccc	c80	c80	c80	ef2	c80	c80	c80	c80	c80	e7c	ef3	ef4	ef5	ef6	c80	c80	c80	c80	c80	ef7	c80	cd8	cf5	c80	c80	c80	c80	c80	c80	c80	c80	c80	c80	c80	c80	c80	c80	c80	c80	c80	c80	c80	c80	c80	c80	c80	c80	c80	c80	c80	c80	c80	c80	c80	c80	c80	c80	c80	c80	c80	c80	c80	c80	c80	c80	c80	c80	c80	c80	c80	c80	c80	c80	c80	c80	c80	c80	c80	c80	c80	c80	c80	c80	c80	c80	c80	c80	c80	c80	c80	c80	c80	c80	c80	c80	c80	c80	c80	c80	c80	c80	c80	c80	c80	c80	c80	c80	c80	c80	c80	c80	c80	c80	c80	c80	c80	c80	c80	c80	c80	c80	c80	c80	c80	c80	c80	c80	c80	c80	c80	c80	c80	c80	c80	c80	c80	c80	c80	c80	c80	c80	c80	c80	c80	c80	c80	c80	c80	c80	c80	c80	c80	c80	c80	c80	d91	d52	d55	d96	c80	d09	c80	d91	d52	d4b	db8	de7	c80	c80	cd1	c80	f29	dc8	d1b	fc9	fca	d8b	e27	c80	d3b	d54	d53	c80	d06	d0f	c80	fcb	ea2	d01	fcc	db5	c80	c80	c80	f11	efe	c80	c80	c80	fcd	d52	d55	cfb	cd5	c80	e2c	fce	c80	c80	cea	cd8	c80	d26	d27	f84	f85	f86	d63	d64	eaf	c80	c80	c80	c80	c80	c80	c80	c80	c80	c80	c80	c80	c80	c80	c80	c80	c80	c80	c80	c80	cf8	cfd	d63	e36	d31	d32	c80	d06	cec	d6b	d6c	d6d	d32	d34	d50	c80	edb	fcf	f8c	fd0	c80	c80	fd1	d01	d17	d54	d66	d54	d66	c80	cf9	da9	cfb	c80	c80	cea	fd2	cf5	c80
c80	c80	c80	c80	c80	c80	c80	c80	c80	c80	c80	c80	c80	c80	c80	c80	c80	c80	c80	c80	c80	c80	c80	c80	c80	c80	c80	c80	c80	c80	c80	c80	c80	c80	c80	c80	c80	c80	c80	c80	c80	c80	c80	c80	c80	c80	c80	c80	c80	c80	c80	c80	c80	c80	c80	c80	c80	c80	c80	c80	c80	c80	c80	c80	c80	c80	c80	c80	c80	c80	c80	c80	c80	c80	c80	c80	c80	c80	c80	c80	c80	c80	c80	c80	c80	c80	c80	c80	c80	c80	c80	c80	c80	c80	c80	c80	c80	c80	c80	c80	c80	c80	c80	c80	c80	c80	c80	c80	c80	c80	c80	c80	c80	c80	c80	c80	c80	c80	c80	c80	c80	c80	c80	c80	c80	c80	c80	c80	c80	c80	c80	c80	c80	c80	c80	c80	c80	c80	c80	c80	c80	c80	c80	c80	c80	c80	c80	c80	c80	c80	c80	c80	c80	c80	c80	c80	c80	d91	d52	c80	c80	c80	c80	d91	cf0	d48	ef8	ef9	ee3	d8a	d8b	efa	dd5	e87	efb	efc	efd	d10	efe	c80	eff	f00	c80	d91	f01	f02	cec	d0f	d1b	d26	d2b	ed5	efc	f03	d14	c80	c80	f04	f05	c80	d44	d67	c80	c80	c80	dce	da5	d34	d50	c80	dce	e3d	e3e	e3f	d26	d27	d28	d29	d2a	d2b	f06	d61	d62	f07	d41	d62	e73	ce1	ef7	c80	c80	c80	cf5	c80	c80	c80	c80	d73	c80	c80	cda	f08	ef7	c80	dfa	ce1	f09	d7e	d02	d09	c80	c80	c80	c80	cdc	c80	c80	c80	c80	c80	c80	c80	c80	c80	c80	c80	c80	c80	c80	c80	c80	c80	c80	c80	c80	c80	c80	c80	c80	c80	c80	c80	c80	c80	c80	c80	c80	c80	c80	c80	c80	c80	c80	c80	c80	c80	c80	c80	c80	c80	c80	c80	c80	c80	c80	c80	c80	c80	c80	c80	c80	c80	c80	c80	c80	c80	c80	c80	c80	c80	c80	c80	c80	c80	c80	c80	c80	c80	c80	c80	c80	c80	c80	c80	c80	c80	c80	c80	c80	c80	c80	c80	c80	c80	c80	c80	c80	c80	c80	c80	c80	c80	c80	c80	c80	c80	c80	c80	c80	c80	c80	c80	c80	c80	c80	c80	c80	c80	c80	c80	c80	c80	c80	c80	c80	c80	c80	c80	c80	c80	c80	c80	c80	c80	c80	c80	d91	d52	d53	c80	c80	c80	c80	c80	c80	d0d	c80	c80	d7e	c80	c80	cd5	ccd	c80	c80	c80	ed2	fd3	d0d	d91	e6d	cf6	d23	ceb	cec	cec	d0f	d1b	c80	c80	c80	c80	fd4	e7a	fd5	e2d	c80	e65	fd6	fd7	c80	dce	cf9	d44	fd8	cf0	c80	ccc	dfa	fd9	ce1	eff	f00	c80	da7	cfb	d34	f93	f94	eaf	d6f	dc8	d8b	c80	c80	c80	c80	c80	c80	c80	c80	c80	c80	c80	c80	c80	c80	c80	c80	c80	c80	c80	d06	cec	ced	d6f	d41	d42	cf6	cec	cf7	cf8	cf6	ced	c80	c80	c80	c80	d01	e65	f8f	fda	fdb	e7f	d22	fdc	c80	cee	d92	dc4	d22	d54	da0	d92	c80	c80	c80	c80	c80	c80	c80	c80
c80	c80	c80	c80	c80	c80	c80	c80	c80	c80	c80	c80	c80	c80	c80	c80	c80	c80	c80	c80	c80	c80	c80	c80	c80	c80	c80	c80	c80	c80	c80	c80	c80	c80	c80	c80	c80	c80	c80	c80	c80	c80	c80	c80	c80	c80	c80	c80	c80	c80	c80	c80	c80	c80	c80	c80	c80	c80	c80	c80	c80	c80	c80	c80	c80	c80	c80	c80	c80	c80	c80	c80	c80	c80	c80	c80	c80	c80	c80	c80	c80	c80	c80	c80	c80	c80	c80	c80	c80	c80	c80	c80	c80	c80	c80	c80	c80	c80	c80	c80	c80	c80	c80	c80	c80	c80	c80	c80	c80	c80	c80	c80	c80	c80	c80	c80	c80	c80	c80	c80	c80	c80	c80	c80	c80	c80	c80	c80	c80	c80	c80	c80	c80	c80	c80	c80	c80	c80	c80	c80	c80	c80	c80	c80	c80	c80	c80	c80	c80	c80	c80	c80	c80	c80	c80	c80	d91	dd0	c80	c80	c80	c80	d91	dd0	d54	d4b	f0a	f0b	e46	e47	d91	dd0	d54	d66	d54	dc4	f0c	e7c	f0d	c80	f0e	f0f	c80	d09	f10	c80	cf8	d24	d25	d17	c80	c80	c80	dd9	c80	f11	f12	f13	f14	c80	c80	c80	ce1	ebc	f15	e07	d54	d96	f16	c80	d63	d64	f17	c80	c80	c80	d34	d35	d36	c80	f18	e5c	f19	d32	f1a	d6d	e37	cdd	e75	cd8	491	cd7	cd5	c80	e27	d02	c80	c80	f1b	cd1	d07	dfd	f1c	f1d	f1e	c80	c80	f1f	f20	c80	c80	c80	f21	c80	cd1	cd1	c80	c80	c80	c80	c80	c80	c80	c80	c80	c80	c80	c80	c80	c80	c80	c80	c80	c80	c80	c80	c80	c80	c80	c80	c80	c80	c80	c80	c80	c80	c80	c80	c80	c80	c80	c80	c80	c80	c80	c80	c80	c80	c80	c80	c80	c80	c80	c80	c80	c80	c80	c80	c80	c80	c80	c80	c80	c80	c80	c80	c80	c80	c80	c80	c80	c80	c80	c80	c80	c80	c80	c80	c80	c80	c80	c80	c80	c80	c80	c80	c80	c80	c80	c80	c80	c80	c80	c80	c80	c80	c80	c80	c80	c80	c80	c80	c80	c80	c80	c80	c80	c80	c80	c80	c80	c80	c80	c80	c80	c80	c80	c80	c80	c80	c80	c80	c80	c80	c80	c80	c80	c80	c80	c80	c80	c80	c80	c80	c80	c80	d0d	c80	d44	fdd	c80	d10	fde	c80	de8	db8	c80	c80	c80	c80	cd5	fdf	d91	cf0	c80	c80	c80	c80	c80	d02	dd4	c80	d2e	cf7	cf8	cf8	d24	d25	c80	d7e	c80	c80	fe0	cf0	fe1	ea4	c80	c80	fe2	fe3	d32	c80	d0d	dab	cf9	dce	cdf	c80	dd9	c80	d7e	f0e	f0f	d26	d27	d20	fbc	e33	e34	d8b	c80	c80	c80	c80	c80	c80	c80	c80	c80	c80	c80	c80	c80	c80	c80	c80	c80	c80	c80	c80	cf6	cec	cf7	cf8	cf6	ced	d8a	d8b	c80	c80	cf8	cfd	cfe	c80	c80	c80	c80	f6d	c80	c80	fe4	c80	fe5	d57	c80	ccd	cd8	df2	c80	c80	c80	c80	cf9	c80	c80	c80	c80	c80	c80	c80	c80	c80
c80	c80	c80	c80	c80	c80	c80	c80	c80	c80	c80	c80	c80	c80	c80	c80	c80	c80	c80	c80	c80	c80	c80	c80	c80	c80	c80	c80	c80	c80	c80	c80	c80	c80	c80	c80	c80	c80	c80	c80	c80	c80	c80	c80	c80	c80	c80	c80	c80	c80	c80	c80	c80	c80	c80	c80	c80	c80	c80	c80	c80	c80	c80	c80	c80	c80	c80	c80	c80	c80	c80	c80	c80	c80	c80	c80	c80	c80	c80	c80	c80	c80	c80	c80	c80	c80	c80	c80	c80	c80	c80	c80	c80	c80	c80	c80	c80	c80	c80	c80	c80	c80	c80	c80	c80	c80	c80	c80	c80	c80	c80	c80	c80	c80	c80	c80	c80	c80	c80	c80	c80	c80	c80	c80	c80	c80	c80	c80	c80	c80	c80	c80	c80	c80	c80	c80	c80	c80	c80	c80	c80	c80	c80	c80	c80	c80	c80	c80	c80	c80	c80	c80	c80	c80	c80	d8c	d53	c80	c80	c80	c80	c80	c80	c80	d26	d27	d20	d2c	c80	c80	c80	c80	c80	d54	dd2	d67	e27	c80	c80	c80	f22	db8	c80	c80	ded	d96	cf6	d30	d31	f23	c80	f22	f24	f25	f26	f27	f28	c80	c80	c80	c80	c80	e27	c80	c80	c80	c80	c80	c80	c80	f29	dc8	d8b	c80	cf6	cec	ced	d17	f2a	c80	f2b	e80	f2c	c80	d06	ced	d07	dab	f2d	cdc	c80	c80	f2e	c80	c80	c80	c80	e8c	d55	f2f	f30	f31	e52	e53	e54	e55	c80	cd7	cd8	c80	c80	cd8	f32	c80	ce2	c80	c80	c80	c80	c80	c80	c80	c80	c80	c80	c80	c80	c80	c80	c80	c80	c80	c80	c80	c80	c80	c80	c80	c80	c80	c80	c80	c80	c80	c80	c80	c80	c80	c80	c80	c80	c80	c80	c80	c80	c80	c80	c80	c80	c80	c80	c80	c80	c80	c80	c80	c80	c80	c80	c80	c80	c80	c80	c80	c80	c80	c80	c80	c80	c80	c80	c80	c80	c80	c80	c80	c80	c80	c80	c80	c80	c80	c80	c80	c80	c80	c80	c80	c80	c80	c80	c80	c80	c80	c80	c80	c80	c80	c80	c80	c80	c80	c80	c80	c80	c80	c80	c80	c80	c80	c80	c80	c80	c80	c80	c80	c80	c80	c80	c80	c80	c80	c80	c80	c80	c80	c80	c80	c80	c80	c80	c80	c80	c80	c80	db8	c80	c80	c80	c80	fe6	fe7	fe8	c80	c80	c80	c80	c80	cd5	ce2	db8	66	db6	d54	d93	cf0	d8c	d93	d22	c80	c80	d09	c80	cf8	cfd	c80	fe9	d31	d32	c80	c80	c80	cf9	e87	d9f	d60	d61	fea	feb	fec	c80	c80	d57	d2d	d9f	c80	c80	c80	de9	dce	d07	dfd	cd3	fc6	d34	d50	c80	fb5	e46	e47	c80	c80	c80	c80	c80	c80	c80	c80	c80	c80	c80	c80	c80	c80	c80	d26	ecc	cec	e0b	cf6	ced	c80	cf8	cfd	cfe	c80	c80	c80	c80	c80	c80	c80	c80	c80	c80	cdd	ce4	c80	fed	cd5	c80	d7e	c80	d17	d7e	c80	d8c	c80	de7	d8c	d55	d55	dc4	d22	c80	c80	c80	c80	c80	c80	c80	c80
c80	c80	c80	c80	c80	c80	c80	c80	c80	c80	c80	c80	c80	c80	c80	c80	c80	c80	c80	c80	c80	c80	c80	c80	c80	c80	c80	c80	c80	c80	c80	c80	c80	c80	c80	c80	c80	c80	c80	c80	c80	c80	c80	c80	c80	c80	c80	c80	c80	c80	c80	c80	c80	c80	c80	c80	c80	c80	c80	c80	c80	c80	c80	c80	c80	c80	c80	c80	c80	c80	c80	c80	c80	c80	c80	c80	c80	c80	c80	c80	c80	c80	c80	c80	c80	c80	c80	c80	c80	c80	c80	c80	c80	c80	c80	c80	c80	c80	c80	c80	c80	c80	c80	c80	c80	c80	c80	c80	c80	c80	c80	c80	c80	c80	c80	c80	c80	c80	c80	c80	c80	c80	c80	c80	c80	c80	c80	c80	c80	c80	c80	c80	c80	c80	c80	c80	c80	c80	c80	c80	c80	c80	c80	c80	c80	c80	c80	c80	c80	c80	c80	c80	c80	d07	d92	d66	c80	c80	c80	c80	c80	f33	f34	c80	c80	d34	d50	c80	c80	c80	cdd	f35	c80	c80	db8	c80	c80	ccc	d05	e8c	d55	cfb	c80	f36	dce	c80	c80	d2e	cfd	c80	c80	ce4	cf9	c80	d54	f37	d14	c80	c80	f38	f39	f3a	c80	c80	c80	c80	c80	c80	cdc	f3b	d61	d62	d60	d61	e2e	cf8	c80	c80	f3c	e26	cf6	cec	ced	cf6	d7a	d8c	c80	c80	dd4	ce4	eab	c80	f3d	f21	cd5	c80	c80	c80	de8	c80	f3e	d6c	e68	e69	e6a	d31	d6e	d61	d62	c80	c80	c80	c80	ce1	cce	cce	c80	c80	c80	c80	c80	c80	c80	c80	c80	c80	c80	c80	c80	c80	c80	c80	c80	c80	c80	c80	c80	c80	c80	c80	c80	c80	c80	c80	c80	c80	c80	c80	c80	c80	c80	c80	c80	c80	c80	c80	c80	c80	c80	c80	c80	c80	c80	c80	c80	c80	c80	c80	c80	c80	c80	c80	c80	c80	c80	c80	c80	c80	c80	c80	c80	c80	c80	c80	c80	c80	c80	c80	c80	c80	c80	c80	c80	c80	c80	c80	c80	c80	c80	c80	c80	c80	c80	c80	c80	c80	c80	c80	c80	c80	c80	c80	c80	c80	c80	c80	c80	c80	c80	c80	c80	c80	c80	c80	c80	c80	c80	c80	c80	c80	c80	c80	c80	c80	c80	c80	c80	c80	c80	c80	c80	c80	c80	c80	c80	d91	cf0	d54	d66	d54	fee	deb	edf	dec	de8	c80	c80	cd3	c80	fef	ff0	ff1	c80	c80	c80	e48	d66	c80	da9	ff2	c80	c80	d73	c80	c80	cd5	de8	c80	c80	c80	d73	c80	d0d	c80	da9	ff3	e5c	ff4	ff5	ff6	dcb	d3b	d44	d67	d01	c80	ccc	d91	d9e	cfb	c80	c80	c80	c80	ff7	d27	d20	d2c	c80	c80	c80	c80	c80	c80	c80	c80	c80	c80	c80	c80	c80	c80	c80	c80	c80	c80	eda	e17	e18	e19	c80	c80	c80	c80	c80	c80	c80	c80	c80	c80	c80	c80	c80	c80	c80	f09	d0d	ff8	dec	ff9	c80	de8	c80	c80	ffa	ffb	cec	ced	e48	d66	d63	ffc	d3a	ea9	d17	c80	c80	ce1	cd1	c80	c80	c80
c80	c80	c80	c80	c80	c80	c80	c80	c80	c80	c80	c80	c80	c80	c80	c80	c80	c80	c80	c80	c80	c80	c80	c80	c80	c80	c80	c80	c80	c80	c80	c80	c80	c80	c80	c80	c80	c80	c80	c80	c80	c80	c80	c80	c80	c80	c80	c80	c80	c80	c80	c80	c80	c80	c80	c80	c80	c80	c80	c80	c80	c80	c80	c80	c80	c80	c80	c80	c80	c80	c80	c80	c80	c80	c80	c80	c80	c80	c80	c80	c80	c80	c80	c80	c80	c80	c80	c80	c80	c80	c80	c80	c80	c80	c80	c80	c80	c80	c80	c80	c80	c80	c80	c80	c80	c80	c80	c80	c80	c80	c80	c80	c80	c80	c80	c80	c80	c80	c80	c80	c80	c80	c80	c80	c80	c80	c80	c80	c80	cf9	d54	e14	d54	da0	ea3	ffd	ffe	fff	e26	c80	f1c	db8	66	1000	c80	de8	d73	ccc	c80	c80	db8	de7	c80	d7e	cd5	491	c80	c80	e27	1001	cef	1002	d27	d20	1003	d61	1004	d62	c80	dd4	e80	f2c	da7	d4b	d73	c80	c80	c80	c80	ccd	cce	c80	d0d	c80	da7	cfb	c80	c80	c80	d17	c80	c80	c80	c80	c80	c80	c80	c80	c80	c80	c80	c80	c80	c80	c80	c80	c80	c80	de2	d1f	d20	d2c	fa4	fa5	cec	ced	c80	c80	c80	c80	c80	c80	c80	c80	c80	c80	c80	ce2	c80	dbb	d10	1005	ede	efe	1006	d0d	491	cf6	cec	cf7	cf8	cf6	e6f	c80	d6f	d70	d41	1007	d96	c80	c80	cde	cdf	cd5	c80	c80	c80	c80	c80	c80	c80	c80	c80	c80	c80	c80	c80	c80	c80	c80	c80	c80	c80	c80	c80	c80	c80	c80	c80	c80	c80	c80	c80	c80	c80	c80	c80	c80	c80	c80	c80	c80	c80	c80	c80	c80	c80	c80	c80	c80	c80	c80	c80	c80	c80	c80	c80	c80	c80	c80	c80	c80	c80	c80	c80	c80	c80	c80	c80	c80	c80	c80	c80	c80	c80	c80	c80	c80	c80	c80	c80	c80	c80	c80	c80	c80	c80	c80	c80	c80	c80	c80	c80	c80	c80	c80	c80	c80	c80	c80	c80	c80	c80	c80	c80	c80	c80	c80	c80	c80	c80	c80	c80	c80	c80	c80	c80	c80	c80	c80	c80	c80	c80	c80	c80	c80	c80	ce2	cd8	c80	d07	d22	c80	c80	c80	c80	c80	d91	d22	1084	3f	396	1085	e3a	dce	c80	c80	c80	1086	c80	c80	d57	d54	f44	c80	f36	c80	df7	df8	c80	de8	d17	cd5	c80	1087	1088	d38	c80	c80	c80	c80	e8c	d66	da9	d66	fc4	c80	c80	c80	dd4	d86	d8a	d8b	1020	ea0	d8b	c80	d73	c80	c80	d71	c80	c80	c80	ce2	ce0	c80	c80	c80	cea	cdc	c80	c80	c80	c80	c80	cf5	c80	cea	c80	c80	c80	cd8	cd7	c80	c80	c80	c80	c80	c80	d05	c80	c80	c80	c80	c80	c80	c80	c80	c80	c80	c80	c80	c80	c80	c80	c80	c80	c80	c80	c80	c80	c80	c80	c80	c80	c80	c80	c80	c80	c80	c80	cd7	c80	c80	c80	c80	c80	c80	c80	c80	c80
c80	c80	c80	c80	c80	c80	c80	c80	c80	c80	c80	c80	c80	c80	c80	c80	c80	c80	c80	c80	c80	c80	c80	c80	c80	c80	c80	c80	c80	c80	c80	c80	c80	c80	c80	c80	c80	c80	c80	c80	c80	c80	c80	c80	c80	c80	c80	c80	c80	c80	c80	c80	c80	c80	c80	c80	c80	c80	c80	c80	c80	c80	c80	c80	c80	c80	c80	c80	c80	c80	c80	c80	c80	c80	c80	c80	c80	c80	c80	c80	c80	c80	c80	c80	c80	c80	c80	c80	c80	c80	c80	c80	c80	c80	c80	c80	c80	c80	c80	c80	c80	c80	c80	c80	c80	c80	c80	c80	c80	c80	c80	c80	c80	c80	c80	c80	c80	c80	c80	c80	c80	c80	c80	c80	c80	c80	c80	c80	c80	c80	c80	da9	e0c	dd0	d54	db9	d02	1008	c80	c80	c80	1009	cd5	dd9	c80	100a	dec	100b	c80	e78	c80	c80	c80	c80	cf5	c80	c80	c80	c80	c80	c80	d02	c80	c80	d7b	e5c	100c	f19	d32	c80	d02	100d	d17	c80	c80	c80	c80	dd4	c80	cce	100e	100f	c80	1010	d66	c80	c80	c80	c80	d26	d27	d20	d2c	c80	c80	c80	c80	c80	c80	c80	c80	c80	c80	c80	c80	c80	d26	d27	d28	d29	d2a	d2b	fb4	d5e	d5f	c80	c80	c80	c80	c80	c80	c80	c80	c80	c80	c80	1011	c80	1012	1013	1014	d14	fe5	1015	1016	dce	c80	c80	c80	cf8	cfd	cfe	c80	c80	c80	1017	1018	1019	e02	c80	c80	cdd	ce4	cda	c80	c80	c80	c80	c80	c80	c80	c80	c80	c80	c80	c80	c80	c80	c80	c80	c80	c80	c80	c80	c80	c80	c80	c80	c80	c80	c80	c80	c80	c80	c80	c80	c80	c80	c80	c80	c80	c80	c80	c80	c80	c80	c80	c80	c80	c80	c80	c80	c80	c80	c80	c80	c80	c80	c80	c80	c80	c80	c80	c80	c80	c80	c80	c80	c80	c80	c80	c80	c80	c80	c80	c80	c80	c80	c80	c80	c80	c80	c80	c80	c80	c80	c80	c80	c80	c80	c80	c80	c80	c80	c80	c80	c80	c80	c80	c80	c80	c80	c80	c80	c80	c80	c80	c80	c80	c80	c80	c80	c80	c80	c80	c80	c80	c80	c80	c80	c80	c80	c80	c80	c80	c80	c80	cd1	d18	c80	c80	d93	df1	cef	dbf	cef	d22	c80	db1	d3b	cfb	c80	c80	c80	d07	cf0	cd1	1089	db8	de8	c80	dd8	cef	d92	d4b	108a	108b	c80	108c	d0d	c80	c80	108d	dd4	d07	cf0	c80	108e	c80	108f	df8	c80	c80	de7	c80	c80	c80	c80	d63	d3a	1090	d64	d64	ea0	eb0	c80	d01	c80	c80	c80	cdd	c80	cd8	ce1	cce	c80	c80	c80	c80	c80	cdd	d03	c80	c80	d71	c80	c80	ce1	c80	c80	c80	c80	c80	cdc	c80	cfc	ce4	c80	c80	c80	c80	c80	cce	c80	c80	c80	c80	c80	c80	c80	c80	c80	c80	c80	c80	c80	c80	c80	c80	c80	c80	c80	c80	c80	c80	c80	c80	c80	c80	c80	c80	c80	c80	c80	c80	c80	c80	c80	c80	c80	c80	c80
c80	c80	c80	c80	c80	c80	c80	c80	c80	c80	c80	c80	c80	c80	c80	c80	c80	c80	c80	c80	c80	c80	c80	c80	c80	c80	c80	c80	c80	c80	c80	c80	c80	c80	c80	c80	c80	c80	c80	c80	c80	c80	c80	c80	c80	c80	c80	c80	c80	c80	c80	c80	c80	c80	c80	c80	c80	c80	c80	c80	c80	c80	c80	c80	c80	c80	c80	c80	c80	c80	c80	c80	c80	c80	c80	c80	c80	c80	c80	c80	c80	c80	c80	c80	c80	c80	c80	c80	c80	c80	c80	c80	c80	c80	c80	c80	c80	c80	c80	c80	c80	c80	c80	c80	c80	c80	c80	c80	c80	c80	c80	c80	c80	c80	c80	c80	c80	c80	c80	c80	c80	c80	c80	c80	c80	c80	c80	c80	c80	d8c	c80	c80	c80	c80	c80	c80	c80	c80	ce1	cce	cf1	f52	c80	de9	c80	edd	e64	101a	c80	c80	c80	c80	c80	c80	c80	d91	cf0	c80	c80	c80	c80	c80	c80	c80	c80	e80	101b	f2c	cf6	cec	101c	c80	c80	c80	c80	c80	c80	c80	db8	ce4	101d	101e	c80	c80	3f	c80	f5c	101f	c80	c80	d34	d50	c80	c80	c80	c80	c80	c80	c80	c80	c80	c80	c80	c80	c80	c80	1020	eaf	d34	d35	d36	c80	c80	c80	c80	c80	c80	c80	c80	c80	c80	c80	c80	c80	c80	c80	de8	c80	c80	c80	1021	c80	c80	c80	c80	c80	c80	c80	c80	c80	c80	c80	c80	c80	c80	c80	1022	1023	c80	c80	c80	cce	c80	c80	cce	cce	c80	c80	c80	c80	c80	c80	c80	c80	c80	c80	c80	c80	c80	c80	c80	c80	c80	c80	c80	c80	c80	c80	c80	c80	c80	c80	c80	c80	c80	c80	c80	c80	c80	c80	c80	c80	c80	c80	c80	c80	c80	c80	c80	c80	c80	c80	c80	c80	c80	c80	c80	c80	c80	c80	c80	c80	c80	c80	c80	c80	c80	c80	c80	c80	c80	c80	c80	c80	c80	c80	c80	c80	c80	c80	c80	c80	c80	c80	c80	c80	c80	c80	c80	c80	c80	c80	c80	c80	c80	c80	c80	c80	c80	c80	c80	c80	c80	c80	c80	c80	c80	c80	c80	c80	c80	c80	c80	c80	c80	c80	c80	c80	c80	c80	c80	c80	c80	c80	c80	c80	c80	c80	c80	d8c	c80	c80	de7	c80	c80	c80	d2d	cef	d22	c80	c80	c80	d91	cef	ea2	d54	d96	c80	c80	c80	d0d	cf9	c80	c80	1091	1092	e7b	d73	c80	c80	c80	cd5	dce	d8c	d66	c80	c80	d05	fbf	1059	1093	d64	eaf	c80	c80	c80	d91	e6d	d6f	d41	fc2	d70	d70	ec3	ec4	d91	d22	c80	c80	c80	cce	c80	c80	cd3	c80	c80	cd2	c80	1094	c80	c80	d19	c80	cf5	cdd	c80	cd8	ce1	cd1	c80	c80	cea	c80	e4d	c80	c80	ce4	c80	c80	c80	c80	c80	c80	c80	c80	c80	c80	c80	c80	c80	c80	c80	c80	c80	c80	c80	c80	c80	c80	c80	c80	c80	c80	c80	c80	c80	c80	c80	c80	c80	c80	c80	c80	c80	c80	c80	c80	c80	c80	c80	c80	c80
c80	c80	c80	c80	c80	c80	c80	c80	c80	c80	c80	c80	c80	c80	c80	c80	c80	c80	c80	c80	c80	c80	c80	c80	c80	c80	c80	c80	c80	c80	c80	c80	c80	c80	c80	c80	c80	c80	c80	c80	c80	c80	c80	c80	c80	c80	c80	c80	c80	c80	c80	c80	c80	c80	c80	c80	c80	c80	c80	c80	c80	c80	c80	c80	c80	c80	c80	c80	c80	c80	c80	c80	c80	c80	c80	c80	c80	c80	c80	c80	c80	c80	c80	c80	c80	c80	c80	c80	c80	c80	c80	c80	c80	c80	c80	c80	c80	c80	c80	c80	c80	c80	c80	c80	c80	c80	c80	c80	c80	c80	c80	c80	c80	c80	c80	c80	c80	c80	c80	c80	c80	c80	c80	c80	c80	c80	c80	c80	d91	d67	c80	1024	cf0	d7e	c80	d91	cef	dbf	d22	cce	c80	c80	c80	d9e	db9	c80	d0a	f58	c80	eb4	cef	1025	c80	c80	dce	d57	de8	c80	c80	c80	c80	c80	c80	c80	c80	c80	c80	c80	c80	1026	1027	d23	c80	c80	c80	c80	c80	c80	c80	c80	1028	1029	d73	d0d	d02	d7e	c80	c80	c80	d01	cf6	cec	ced	c80	c80	c80	c80	c80	c80	c80	c80	c80	c80	c80	c80	d63	fc2	d8b	c80	c80	c80	c80	c80	c80	c80	c80	c80	c80	c80	c80	c80	c80	c80	cd7	c80	27	c80	c80	c80	c80	c80	c80	ce8	cdf	cd5	c80	c80	c80	d02	d09	c80	c80	c80	c80	c80	c80	d7e	c80	c80	c80	c80	c80	cd4	cce	ce1	c80	c80	c80	c80	c80	c80	c80	c80	c80	c80	c80	c80	c80	c80	c80	c80	c80	c80	c80	c80	c80	c80	c80	c80	c80	c80	c80	c80	c80	c80	c80	c80	c80	c80	c80	c80	c80	c80	c80	c80	c80	c80	c80	c80	c80	c80	c80	c80	c80	c80	c80	c80	c80	c80	c80	c80	c80	c80	c80	c80	c80	c80	c80	c80	c80	c80	c80	c80	c80	c80	c80	c80	c80	c80	c80	c80	c80	c80	c80	c80	c80	c80	c80	c80	c80	c80	c80	c80	c80	c80	c80	c80	c80	c80	c80	c80	c80	c80	c80	c80	c80	c80	c80	c80	c80	c80	c80	c80	c80	c80	c80	c80	c80	c80	c80	c80	c80	c80	c80	c80	c80	c80	c80	d8c	c80	c80	c80	c80	c80	c80	de7	c80	c80	d2d	d22	c80	d91	d52	c80	d96	c80	c80	c80	cf6	d23	ceb	cec	cec	ced	ff0	1095	ede	e2d	fdc	cce	dd9	ccd	da5	c80	c80	e15	d22	d17	e7c	1096	d6f	dc8	d8b	cee	cf0	db8	1097	d64	eaf	d8a	d1b	fc9	ed2	d26	d2b	de5	cef	d22	c80	c80	c80	ce5	cf3	ce2	cdf	c80	c80	cda	cd5	c80	ccd	cce	ccc	cd3	cce	c80	c80	d71	d72	cd5	ccd	c80	c80	c80	c80	c80	c80	c80	c80	c80	c80	c80	c80	c80	c80	c80	c80	c80	c80	c80	c80	c80	c80	c80	c80	c80	c80	c80	c80	c80	c80	c80	c80	c80	c80	c80	c80	c80	c80	c80	c80	c80	c80	c80	c80	c80	c80	c80	c80	c80	c80	c80
c80	c80	c80	c80	c80	c80	c80	c80	c80	c80	c80	c80	c80	c80	c80	c80	c80	c80	c80	c80	c80	c80	c80	c80	c80	c80	c80	c80	c80	c80	c80	c80	c80	c80	c80	c80	c80	c80	c80	c80	c80	c80	c80	c80	c80	c80	c80	c80	c80	c80	c80	c80	c80	c80	c80	c80	c80	c80	c80	c80	c80	c80	c80	c80	c80	c80	c80	c80	c80	c80	c80	c80	c80	c80	c80	c80	c80	c80	c80	c80	c80	c80	c80	c80	c80	c80	c80	c80	c80	c80	c80	c80	c80	c80	c80	c80	c80	c80	c80	c80	c80	c80	c80	c80	c80	c80	c80	c80	c80	c80	c80	c80	c80	c80	c80	c80	c80	c80	c80	c80	c80	c80	c80	c80	c80	c80	d44	cef	102a	d44	d67	dce	d54	cfb	d8c	d53	d44	d67	c80	d1a	c80	df7	e2d	de8	ce1	cd8	efc	102b	c80	d57	c80	c80	cd5	102c	c80	d02	c80	c80	c80	c80	c80	c80	c80	c80	c80	c80	c80	c80	c80	c80	102d	d2e	cfd	c80	c80	c80	c80	c80	c80	102e	c80	fd9	c80	c80	cee	cef	cf0	102f	c80	c80	d60	d61	e2e	c80	c80	c80	c80	c80	c80	c80	c80	de4	de3	d2c	c80	1030	1031	c80	c80	c80	c80	c80	c80	c80	c80	c80	c80	c80	c80	c80	c80	c80	c80	ccd	d05	c80	cda	c80	c80	cda	cd7	c80	cce	c80	c80	c80	c80	c80	c80	c80	dd4	c80	de8	c80	d02	d10	f83	1032	e26	c80	c80	cd1	cd1	c80	c80	c80	c80	c80	c80	c80	c80	c80	c80	c80	c80	c80	c80	c80	c80	c80	c80	c80	c80	c80	c80	c80	c80	c80	c80	c80	c80	c80	c80	c80	c80	c80	c80	c80	c80	c80	c80	c80	c80	c80	c80	c80	c80	c80	c80	c80	c80	c80	c80	c80	c80	c80	c80	c80	c80	c80	c80	c80	c80	c80	c80	c80	c80	c80	c80	c80	c80	c80	c80	c80	c80	c80	c80	c80	c80	c80	c80	c80	c80	c80	c80	c80	c80	c80	c80	c80	c80	c80	c80	c80	c80	c80	c80	c80	c80	c80	c80	c80	c80	c80	c80	c80	c80	c80	c80	c80	c80	c80	c80	c80	c80	c80	c80	c80	c80	c80	c80	c80	c80	c80	c80	c80	c80	c80	c80	c80	c80	c80	c80	c80	c80	c80	d54	d66	c80	da9	d55	d53	c80	de7	d54	cfb	c80	c80	c80	d2e	cf7	cf8	cf8	c80	e27	db1	e7c	1098	c80	de8	de9	d9e	d56	1099	d55	d66	ea9	c80	da5	c80	d02	c80	c80	d57	d63	d64	fc2	d70	d8b	d0d	ed2	d8b	cf6	d23	c80	db8	c80	ceb	cec	ced	c80	c80	cf3	cce	ce4	c80	c80	c80	ce3	c80	c80	c80	c80	c80	c80	c80	cf5	cdd	c80	c80	c80	c80	c80	c80	c80	c80	c80	c80	c80	ccc	c80	c80	c80	c80	c80	c80	c80	c80	c80	c80	c80	c80	c80	c80	c80	c80	c80	c80	c80	c80	c80	c80	c80	c80	c80	c80	c80	c80	c80	c80	c80	c80	c80	c80	c80	c80	c80	c80	c80	c80	c80	c80
c80	c80	c80	c80	c80	c80	c80	c80	c80	c80	c80	c80	c80	c80	c80	c80	c80	c80	c80	c80	c80	c80	c80	c80	c80	c80	c80	c80	c80	c80	c80	c80	c80	c80	c80	c80	c80	c80	c80	c80	c80	c80	c80	c80	c80	c80	c80	c80	c80	c80	c80	c80	c80	c80	c80	c80	c80	c80	c80	c80	c80	c80	c80	c80	c80	c80	c80	c80	c80	c80	c80	c80	c80	c80	c80	c80	c80	c80	c80	c80	c80	c80	c80	c80	c80	c80	c80	c80	c80	c80	c80	c80	c80	c80	c80	c80	c80	c80	c80	c80	c80	c80	c80	c80	c80	c80	c80	c80	c80	c80	c80	c80	c80	c80	c80	c80	c80	c80	c80	c80	c80	c80	c80	c80	c80	c80	c80	c80	c80	c80	c80	d8c	dc4	cf0	d0d	c80	c80	c80	c80	cd1	c80	f9e	1029	c80	cd7	d73	f6f	e25	1033	c80	c80	cd5	ce4	1009	c80	c80	c80	c80	c80	c80	c80	c80	c80	c80	c80	c80	c80	c80	c80	c80	c80	c80	c80	d02	c80	c80	c80	c80	dce	1034	f6f	e26	c80	c80	c80	c80	c80	c80	d38	c80	d7b	e5c	1035	1036	c80	c80	c80	c80	c80	c80	de4	f75	f76	c80	eae	fc2	c80	c80	c80	c80	c80	c80	c80	c80	c80	c80	c80	c80	c80	c80	c80	c80	c80	c80	c80	c80	c80	cce	cce	c80	ccd	d05	c80	cdd	c80	c80	c80	c80	c80	c80	c80	d17	d10	e2d	c80	1037	1038	d14	c80	c80	c80	c80	cd7	c80	c80	c80	c80	c80	c80	c80	c80	c80	c80	c80	c80	c80	c80	c80	c80	c80	c80	c80	c80	c80	c80	c80	c80	c80	c80	c80	c80	c80	c80	c80	c80	c80	c80	c80	c80	c80	c80	c80	c80	c80	c80	c80	c80	c80	c80	c80	c80	c80	c80	c80	c80	c80	c80	c80	c80	c80	c80	c80	c80	c80	c80	c80	c80	c80	c80	c80	c80	c80	c80	c80	c80	c80	c80	c80	c80	c80	c80	c80	c80	c80	c80	c80	c80	c80	c80	c80	c80	c80	c80	c80	c80	c80	c80	c80	c80	c80	c80	c80	c80	c80	c80	c80	c80	c80	c80	c80	c80	c80	c80	c80	c80	c80	c80	c80	c80	c80	c80	c80	c80	c80	c80	c80	c80	c80	c80	c80	c80	c80	c80	c80	c80	d44	d67	c80	c80	c80	c80	c80	de7	d54	d66	c80	c80	c80	c80	c80	cf8	cfd	cf6	d23	d91	cf0	df7	109a	e4f	c80	c80	c80	de7	c80	d44	d67	d54	f74	e87	faf	d26	d27	e1e	d20	109b	dc8	d1b	fc9	db8	de8	c80	c80	c80	d2e	cfd	cf6	cec	cf7	cf8	cf6	ced	c80	c80	c80	cd1	cf5	c80	1076	d17	c80	c80	c80	c80	c80	c80	c80	cd3	cce	ce2	c80	ce5	ce1	c80	cd4	c80	c80	c80	c80	c80	c80	c80	c80	c80	c80	c80	c80	c80	c80	c80	c80	c80	c80	c80	c80	c80	c80	c80	c80	c80	c80	c80	c80	c80	c80	c80	c80	c80	c80	c80	c80	c80	c80	c80	c80	c80	c80	c80	c80	c80	c80	c80	c80
c80	c80	c80	c80	c80	c80	c80	c80	c80	c80	c80	c80	c80	c80	c80	c80	c80	c80	c80	c80	c80	c80	c80	c80	c80	c80	c80	c80	c80	c80	c80	c80	c80	c80	c80	c80	c80	c80	c80	c80	c80	c80	c80	c80	c80	c80	c80	c80	c80	c80	c80	c80	c80	c80	c80	c80	c80	c80	c80	c80	c80	c80	c80	c80	c80	c80	c80	c80	c80	c80	c80	c80	c80	c80	c80	c80	c80	c80	c80	c80	c80	c80	c80	c80	c80	c80	c80	c80	c80	c80	c80	c80	c80	c80	c80	c80	c80	c80	c80	c80	c80	c80	c80	c80	c80	c80	c80	c80	c80	c80	c80	c80	c80	c80	c80	c80	c80	c80	c80	c80	c80	c80	c80	c80	c80	c80	c80	c80	d54	da0	d92	d66	c80	c80	c80	d73	c80	c80	c80	f39	1039	efc	103a	c80	cce	c80	c80	103b	103c	d09	c80	c80	e4a	103d	f1f	f20	c80	c80	c80	c80	cd0	cd3	cd8	c80	c80	ce1	c80	c80	c80	c80	c80	c80	c80	d91	d92	d4b	c80	dd4	c80	cea	c80	d09	d73	d9e	d93	cf0	c80	c80	f5c	f5d	efa	103e	d4f	103f	1040	d62	c80	d26	d27	e1e	f84	f85	f86	d63	fc2	1041	c80	c80	c80	c80	c80	c80	c80	c80	c80	c80	c80	c80	c80	c80	c80	c80	c80	c80	c80	c80	c80	ce1	c80	d05	c80	c80	c80	c80	d19	c80	c80	c80	c80	c80	c80	c80	e7c	d14	c80	edd	d14	c80	c80	c80	c80	c80	c80	c80	cd1	ce4	c80	c80	c80	c80	c80	c80	c80	c80	c80	c80	c80	c80	c80	c80	c80	c80	c80	c80	c80	c80	c80	c80	c80	c80	c80	c80	c80	c80	c80	c80	c80	c80	c80	c80	c80	c80	c80	c80	c80	c80	c80	c80	c80	c80	c80	c80	c80	c80	c80	c80	c80	c80	c80	c80	c80	c80	c80	c80	c80	c80	c80	c80	c80	c80	c80	c80	c80	c80	c80	c80	c80	c80	c80	c80	c80	c80	c80	c80	c80	c80	c80	c80	c80	c80	c80	c80	c80	c80	c80	c80	c80	c80	c80	c80	c80	c80	c80	c80	c80	c80	c80	c80	c80	c80	c80	c80	c80	c80	c80	c80	c80	c80	c80	c80	c80	c80	c80	c80	c80	c80	c80	c80	c80	c80	c80	c80	c80	c80	c80	c80	c80	c80	c80	c80	c80	c80	c80	dc2	c80	d96	d17	c80	cf6	cec	ced	c80	c80	d2e	cfd	d54	e14	e65	e25	109c	997	109d	c80	dc2	c80	d54	d66	dce	d7e	d54	cfb	d34	f92	d50	c80	c80	ed2	d8b	d16	e4f	e4f	c80	c80	c80	d91	cf0	c80	cf8	cfd	cfe	c80	c80	66	d0d	d63	109e	d4b	107c	f39	ed1	c80	c80	c80	c80	c80	cd9	c80	ce1	cce	c80	d38	c80	cd5	c80	cf5	c80	d05	cd5	c80	c80	c80	c80	c80	c80	c80	c80	c80	c80	c80	c80	c80	c80	c80	c80	c80	c80	c80	c80	c80	c80	c80	c80	c80	c80	c80	c80	c80	c80	c80	c80	c80	c80	c80	c80	c80	c80	c80	c80	c80	c80	c80	c80
c80	c80	c80	c80	c80	c80	c80	c80	c80	c80	c80	c80	c80	c80	c80	c80	c80	c80	c80	c80	c80	c80	c80	c80	c80	c80	c80	c80	c80	c80	c80	c80	c80	c80	c80	c80	c80	c80	c80	c80	c80	c80	c80	c80	c80	c80	c80	c80	c80	c80	c80	c80	c80	c80	c80	c80	c80	c80	c80	c80	c80	c80	c80	c80	c80	c80	c80	c80	c80	c80	c80	c80	c80	c80	c80	c80	c80	c80	c80	c80	c80	c80	c80	c80	c80	c80	c80	c80	c80	c80	c80	c80	c80	c80	c80	c80	c80	c80	c80	c80	c80	c80	c80	c80	c80	c80	c80	c80	c80	c80	c80	c80	c80	c80	c80	c80	c80	c80	c80	c80	c80	c80	c80	c80	c80	c80	c80	c80	c80	c80	c80	de7	d17	c80	c80	c80	c80	1042	c80	1043	1044	c80	ccd	cd8	d07	d22	c80	c80	c80	c80	c80	1045	1046	e61	dce	d17	c80	c80	c80	c80	ce2	c80	c80	c80	cd8	ce1	cd1	c80	c80	cd8	c80	c80	c80	c80	c80	ceb	cec	ced	c80	c80	c80	c80	c80	d09	c80	c80	d7e	c80	c80	ce1	c80	db1	d7e	1047	1048	f19	d32	c80	d34	f92	f93	f94	eaf	d6f	d1b	1049	c80	c80	c80	c80	c80	c80	c80	c80	c80	c80	cd8	c80	cdc	c80	c80	cdc	c80	c80	c80	c80	c80	ce4	ce5	ce4	ce2	c80	c80	ccd	cce	ccf	cce	cce	c80	c80	c80	c80	c80	c80	c80	c80	c80	cd0	cd1	c80	c80	c80	c80	c80	c80	c80	c80	c80	c80	c80	c80	c80	c80	c80	c80	c80	c80	c80	c80	c80	c80	c80	c80	c80	c80	c80	c80	c80	c80	c80	c80	c80	c80	c80	c80	c80	c80	c80	c80	c80	c80	c80	c80	c80	c80	c80	c80	c80	c80	c80	c80	c80	c80	c80	c80	c80	c80	c80	c80	c80	c80	c80	c80	c80	c80	c80	c80	c80	c80	c80	c80	c80	c80	c80	c80	c80	c80	c80	c80	c80	c80	c80	c80	c80	c80	c80	c80	c80	c80	c80	c80	c80	c80	c80	c80	c80	c80	c80	c80	c80	c80	c80	c80	c80	c80	c80	c80	c80	c80	c80	c80	c80	c80	c80	c80	c80	c80	c80	c80	c80	c80	c80	c80	c80	c80	c80	c80	c80	c80	c80	c80	c80	c80	c80	c80	c80	c80	c80	c80	c80	c80	c80	c80	c80	c80	e87	d22	c80	c80	c80	c80	ceb	ced	c80	c80	c80	da9	d96	1015	d14	c80	c80	c80	d44	d67	c80	c80	c80	c80	d17	de8	c80	c80	f16	c80	c80	de8	d0c	e65	109f	10a0	10a1	dbd	c80	c80	d54	d93	cf0	cf6	cec	ced	c80	c80	10a2	d6f	d8b	c80	c80	10a3	10a4	10a5	c80	c80	c80	c80	c80	c80	c80	d1a	c80	c80	c80	c80	c80	cda	cd5	c80	c80	c80	d03	c80	c80	c80	c80	c80	c80	c80	c80	c80	c80	c80	c80	c80	c80	c80	c80	c80	c80	c80	c80	c80	c80	c80	c80	c80	c80	c80	c80	c80	c80	c80	c80	c80	c80	c80	c80	c80	c80	c80	c80	c80	c80
c80	c80	c80	c80	c80	c80	c80	c80	c80	c80	c80	c80	c80	c80	c80	c80	c80	c80	c80	c80	c80	c80	c80	c80	c80	c80	c80	c80	c80	c80	c80	c80	c80	c80	c80	c80	c80	c80	c80	c80	c80	c80	c80	c80	c80	c80	c80	c80	c80	c80	c80	c80	c80	c80	c80	c80	c80	c80	c80	c80	c80	c80	c80	c80	c80	c80	c80	c80	c80	c80	c80	c80	c80	c80	c80	c80	c80	c80	c80	c80	c80	c80	c80	c80	c80	c80	c80	c80	c80	c80	c80	c80	c80	c80	c80	c80	c80	c80	c80	c80	c80	c80	c80	c80	c80	c80	c80	c80	c80	c80	c80	c80	c80	c80	c80	c80	c80	c80	c80	c80	c80	c80	c80	c80	c80	c80	c80	db8	c80	104a	c80	c80	c80	c80	c80	cdf	cd1	c80	c80	104b	104c	d07	cf0	c80	c80	d7e	c80	c80	ce1	cce	d09	c80	c80	c80	c80	c80	c80	c80	c80	c80	c80	c80	cd1	c80	c80	d71	d72	cd5	ccd	ce1	c80	c80	c80	cf6	cec	cf7	cf8	cf6	ced	c80	104d	104e	d17	ccc	d02	d09	ccc	104f	fcb	1050	cf0	c80	c80	1051	1052	1053	d26	d27	d20	fbc	e33	e34	d8b	c80	ed2	c80	c80	c80	c80	c80	c80	c80	c80	c80	c80	cd1	ce1	cd1	c80	cea	c80	cd1	ce2	c80	cdc	c80	c80	c80	cd1	ce1	cce	c80	c80	c80	c80	c80	c80	cd4	cd5	c80	c80	c80	c80	cd6	c80	c80	c80	c80	cd7	cd8	c80	c80	c80	c80	c80	c80	c80	c80	c80	c80	c80	c80	c80	c80	c80	c80	c80	c80	c80	c80	c80	c80	c80	c80	c80	c80	c80	c80	c80	c80	c80	c80	c80	c80	c80	c80	c80	c80	c80	c80	c80	c80	c80	c80	c80	c80	c80	c80	c80	c80	c80	c80	c80	c80	c80	c80	c80	c80	c80	c80	c80	c80	c80	c80	c80	c80	c80	c80	c80	c80	c80	c80	c80	c80	c80	c80	c80	c80	c80	c80	c80	c80	c80	c80	c80	c80	c80	c80	c80	c80	c80	c80	c80	c80	c80	c80	c80	c80	c80	c80	c80	c80	c80	c80	c80	c80	c80	c80	c80	c80	c80	c80	c80	c80	c80	c80	c80	c80	c80	c80	c80	c80	c80	c80	c80	c80	c80	c80	c80	c80	c80	c80	c80	c80	c80	c80	c80	c80	c80	c80	c80	c80	c80	c80	c80	c80	d96	d0d	c80	c80	d06	d0f	c80	cf6	cec	cec	ced	d0d	dd8	d92	e14	c80	c80	e27	c80	d73	c80	c80	c80	c80	c80	c80	c80	fcc	c80	10a6	10a7	10a8	d55	10a9	10aa	10ab	d64	d64	eaf	d01	c80	d54	d96	c80	c80	cd5	c80	90c	c80	db8	c80	d7e	e9a	10ac	ec0	c80	c80	10ad	c80	c80	c80	c80	c80	c80	c80	c80	cd8	c80	cd8	ce3	c80	ce4	c80	c80	c80	c80	c80	c80	c80	c80	c80	c80	c80	c80	c80	c80	c80	c80	c80	c80	c80	c80	c80	c80	c80	c80	c80	c80	c80	c80	c80	c80	c80	c80	c80	c80	c80	c80	c80	c80	c80	c80	c80	c80	c80	c80
c80	c80	c80	c80	c80	c80	c80	c80	c80	c80	c80	c80	c80	c80	c80	c80	c80	c80	c80	c80	c80	c80	c80	c80	c80	c80	c80	c80	c80	c80	c80	c80	c80	c80	c80	c80	c80	c80	c80	c80	c80	c80	c80	c80	c80	c80	c80	c80	c80	c80	c80	c80	c80	c80	c80	c80	c80	c80	c80	c80	c80	c80	c80	c80	c80	c80	c80	c80	c80	c80	c80	c80	c80	c80	c80	c80	c80	c80	c80	c80	c80	c80	c80	c80	c80	c80	c80	c80	c80	c80	c80	c80	c80	c80	c80	c80	c80	c80	c80	c80	c80	c80	c80	c80	c80	c80	c80	c80	c80	c80	c80	c80	c80	c80	c80	c80	c80	c80	c80	c80	c80	c80	c80	c80	c80	c80	d0d	c80	c80	c80	c80	c80	c80	c80	cd5	ce4	c80	c80	d8c	d55	dc4	ea2	c80	c80	c80	d02	c80	d09	cf5	1054	1055	d16	c80	c80	c80	c80	c80	c80	c80	c80	c80	c80	c80	c80	cf5	cdd	c80	c80	c80	c80	c80	c80	c80	c80	c80	cf8	cfd	cfe	c80	3f	1056	e4f	c80	cd1	c80	c80	cce	d07	d22	fad	d54	d96	eb8	ce2	c80	c80	c80	c80	c80	c80	fb5	e46	e47	c80	c80	c80	c80	c80	c80	c80	c80	fc8	1057	cd8	c80	cd5	c80	c80	cd5	c80	cd1	c80	c80	c80	c80	cd1	c80	cf4	cd5	cf5	c80	c80	cdc	c80	cda	cdb	cd5	c80	c80	c80	c80	c80	c80	c80	cdc	cd8	c80	cdc	cd8	ccd	c80	cd7	cd8	cd8	c80	c80	c80	c80	c80	c80	c80	c80	c80	c80	c80	c80	c80	c80	c80	c80	c80	c80	c80	c80	c80	c80	c80	c80	c80	c80	c80	c80	c80	c80	c80	c80	c80	c80	c80	c80	c80	c80	c80	c80	c80	c80	c80	c80	c80	c80	c80	c80	c80	c80	c80	c80	c80	c80	c80	c80	c80	c80	c80	c80	c80	c80	c80	c80	c80	c80	c80	c80	c80	c80	c80	c80	c80	c80	c80	c80	c80	c80	c80	c80	c80	c80	c80	c80	c80	c80	c80	c80	c80	c80	c80	c80	c80	c80	c80	c80	c80	c80	c80	c80	c80	c80	c80	c80	c80	c80	c80	c80	c80	c80	c80	c80	c80	c80	c80	c80	c80	c80	c80	c80	c80	c80	c80	c80	c80	c80	c80	c80	c80	c80	c80	c80	c80	c80	c80	c80	c80	c80	c80	c80	c80	c80	e87	d22	cf6	cec	d0f	d1b	c80	c80	cf8	cf8	c80	c80	da7	10ae	db1	d17	c80	c80	c80	c80	c80	c80	c80	c80	dd4	d15	f11	f8c	1070	e2d	108c	c80	c80	d6f	d41	fc2	d70	d70	d8b	c80	d3b	d4b	d54	10af	de8	cda	ccc	c80	c80	c80	c80	c80	10b0	c80	c80	c80	cd8	c80	c80	c80	c80	c80	cea	c80	c80	c80	cdc	c80	c80	cdc	c80	c80	c80	c80	c80	c80	c80	c80	c80	c80	c80	c80	c80	c80	c80	c80	c80	c80	c80	c80	c80	c80	c80	c80	c80	c80	c80	c80	c80	c80	c80	c80	c80	c80	c80	c80	c80	c80	c80	c80	c80	c80	c80	c80	c80	c80
c80	c80	c80	c80	c80	c80	c80	c80	c80	c80	c80	c80	c80	c80	c80	c80	c80	c80	c80	c80	c80	c80	c80	c80	c80	c80	c80	c80	c80	c80	c80	c80	c80	c80	c80	c80	c80	c80	c80	c80	c80	c80	c80	c80	c80	c80	c80	c80	c80	c80	c80	c80	c80	c80	c80	c80	c80	c80	c80	c80	c80	c80	c80	c80	c80	c80	c80	c80	c80	c80	c80	c80	c80	c80	c80	c80	c80	c80	c80	c80	c80	c80	c80	c80	c80	c80	c80	c80	c80	c80	c80	c80	c80	c80	c80	c80	c80	c80	c80	c80	c80	c80	c80	c80	c80	c80	c80	c80	c80	c80	c80	c80	c80	c80	c80	c80	c80	c80	c80	c80	c80	c80	c80	c80	c80	c80	c80	c80	c80	c80	c80	ce1	1058	d72	c80	c80	d02	d8c	c80	dc2	c80	c80	cdd	cd5	cea	d0d	491	c80	c80	efc	e25	1059	c80	c80	d73	c80	c80	c80	c80	c80	ccc	cce	cd2	c80	cd3	cce	ce2	c80	ce5	c80	ce2	c80	c80	c80	c80	f16	c80	c80	c80	c80	f79	105a	105b	e27	c80	c80	c80	c80	c80	c80	de7	dd4	d17	105c	ce2	c80	c80	c80	c80	c80	c80	c80	c80	c80	c80	c80	c80	c80	c80	c80	c80	cd5	cf5	cce	c80	c80	c80	c80	cda	c80	c80	c80	cd7	ce0	c80	ccc	c80	c80	c80	cda	cd5	c80	c80	ce1	cd6	ce2	ce3	c80	ce4	ce5	ce4	ce2	c80	c80	cd1	ce1	cd1	cd1	c80	c80	cdc	cd8	c80	c80	c80	c80	c80	c80	c80	c80	c80	c80	c80	c80	c80	c80	c80	c80	c80	c80	c80	c80	c80	c80	c80	c80	c80	c80	c80	c80	c80	c80	c80	c80	c80	c80	c80	c80	c80	c80	c80	c80	c80	c80	c80	c80	c80	c80	c80	c80	c80	c80	c80	c80	c80	c80	c80	c80	c80	c80	c80	c80	c80	c80	c80	c80	c80	c80	c80	c80	c80	c80	c80	c80	c80	c80	c80	c80	c80	c80	c80	c80	c80	c80	c80	c80	c80	c80	c80	c80	c80	c80	c80	c80	c80	c80	c80	c80	c80	c80	c80	c80	c80	c80	c80	c80	c80	c80	c80	c80	c80	c80	c80	c80	c80	c80	c80	c80	c80	c80	c80	c80	c80	c80	c80	c80	c80	c80	c80	c80	c80	c80	c80	c80	c80	c80	c80	c80	c80	c80	c80	c80	c80	c80	c80	c80	c80	d96	c80	cf8	10b1	10b2	d06	cec	ced	c80	cf6	cec	e0b	d54	d93	d22	c80	c80	c80	c80	d63	d64	eaf	d09	c80	d1c	10b3	10b4	10b5	d14	c80	10b6	d64	eaf	d8a	d1b	fc9	ed3	ed4	d27	d39	10b7	d55	cfb	10b8	cd1	c80	dd9	cdd	de8	c80	10b9	10ba	10bb	c80	cce	cce	c80	cce	c80	c80	c80	c80	c80	c80	c80	cd1	cd1	c80	c80	c80	cf4	c80	c80	c80	c80	c80	c80	c80	c80	c80	c80	c80	c80	c80	c80	c80	c80	c80	c80	c80	c80	c80	c80	c80	c80	c80	c80	c80	c80	c80	c80	c80	c80	c80	c80	c80	c80	c80	c80	c80	c80	c80	c80	c80	c80
c80	c80	c80	c80	c80	c80	c80	c80	c80	c80	c80	c80	c80	c80	c80	c80	c80	c80	c80	c80	c80	c80	c80	c80	c80	c80	c80	c80	c80	c80	c80	c80	c80	c80	c80	c80	c80	c80	c80	c80	c80	c80	c80	c80	c80	c80	c80	c80	c80	c80	c80	c80	c80	c80	c80	c80	c80	c80	c80	c80	c80	c80	c80	c80	c80	c80	c80	c80	c80	c80	c80	c80	c80	c80	c80	c80	c80	c80	c80	c80	c80	c80	c80	c80	c80	c80	c80	c80	c80	c80	c80	c80	c80	c80	c80	c80	c80	c80	c80	c80	c80	c80	c80	c80	c80	c80	c80	c80	c80	c80	c80	c80	c80	c80	c80	c80	c80	c80	c80	c80	c80	c80	c80	c80	c80	c80	c80	c80	c80	c80	c80	c80	c80	c80	c80	d26	d27	d39	ee3	cf6	ced	c80	cd8	105d	d10	e2d	c80	c80	d91	cef	105e	105f	c80	c80	c80	d01	c80	c80	c80	c80	cd1	cf5	c80	cd9	c80	ce1	cce	c80	d38	ce1	cce	c80	c80	c80	c80	d07	d22	d91	cef	1060	c80	c80	c80	c80	c80	1061	1062	e3b	e4a	ec0	c80	c80	c80	c80	c80	cf4	c80	c80	c80	c80	c80	c80	c80	c80	c80	c80	c80	c80	c80	c80	c80	cdd	cde	c80	cd8	cd8	c80	c80	c80	cce	cce	c80	cce	cce	c80	c80	c80	c80	c80	c80	c80	c80	c80	c80	cd1	c80	cdc	c80	c80	cd1	ce1	cce	cce	c80	cd5	c80	cdf	cd5	c80	cd5	ce9	c80	cea	c80	c80	c80	c80	c80	c80	c80	c80	c80	c80	c80	c80	c80	c80	c80	c80	c80	c80	c80	c80	c80	c80	c80	c80	c80	c80	c80	c80	c80	c80	c80	c80	c80	c80	c80	c80	c80	c80	c80	c80	c80	c80	c80	c80	c80	c80	c80	c80	c80	c80	c80	c80	c80	c80	c80	c80	c80	c80	c80	c80	c80	c80	c80	c80	c80	c80	c80	c80	c80	c80	c80	c80	c80	c80	c80	c80	c80	c80	c80	c80	c80	c80	c80	c80	c80	c80	c80	c80	c80	c80	c80	c80	c80	c80	c80	c80	c80	c80	c80	c80	c80	c80	c80	c80	c80	c80	c80	c80	c80	c80	c80	c80	c80	c80	c80	c80	c80	c80	c80	c80	c80	c80	c80	c80	c80	c80	c80	c80	c80	c80	c80	c80	c80	c80	c80	c80	c80	c80	c80	c80	c80	c80	c80	c80	e87	cef	cf0	cf6	cec	cf7	cf8	cf6	ced	c80	e17	e18	e19	c80	d3b	d55	d93	d22	c80	d6f	d70	d41	d3a	d63	d64	fc2	d70	fc3	eaf	c80	d6f	dc8	d8b	c80	ed2	d8b	d6f	d41	10bc	ef8	ef9	10bd	cda	d02	d09	10be	de9	d01	c80	d8c	c80	c80	c80	ce5	cd4	d05	c80	cd4	c80	c80	cce	cd5	ccc	c80	c80	c80	ccc	cd7	c80	ccd	ce1	c80	c80	c80	c80	c80	c80	c80	c80	c80	c80	c80	c80	c80	c80	c80	c80	c80	c80	c80	c80	c80	c80	c80	c80	c80	c80	c80	c80	c80	c80	c80	c80	c80	c80	c80	c80	c80	c80	c80	c80	c80	c80	c80	c80
c80	c80	c80	c80	c80	c80	c80	c80	c80	c80	c80	c80	c80	c80	c80	c80	c80	c80	c80	c80	c80	c80	c80	c80	c80	c80	c80	c80	c80	c80	c80	c80	c80	c80	c80	c80	c80	c80	c80	c80	c80	c80	c80	c80	c80	c80	c80	c80	c80	c80	c80	c80	c80	c80	c80	c80	c80	c80	c80	c80	c80	c80	c80	c80	c80	c80	c80	c80	c80	c80	c80	c80	c80	c80	c80	c80	c80	c80	c80	c80	c80	c80	c80	c80	c80	c80	c80	c80	c80	c80	c80	c80	c80	c80	c80	c80	c80	c80	c80	c80	c80	c80	c80	c80	c80	c80	c80	c80	c80	c80	c80	c80	c80	c80	c80	c80	c80	c80	c80	c80	c80	c80	c80	c80	c80	ce2	ce2	cd8	c80	c80	c80	ceb	cec	ced	d60	d61	1063	ef8	ef9	ee3	c80	c80	fd1	d7e	1064	1065	c80	1066	d53	c80	1067	1068	c80	c80	d16	c80	c80	c80	c80	c80	c80	c80	c80	c80	c80	c80	d1a	c80	c80	c80	c80	c80	c80	c80	d3b	d63	1069	106a	dd4	c80	c80	c80	c80	c80	c80	c80	106b	ee1	f4e	dcd	c80	c80	c80	c80	c80	c80	cdd	ce5	c80	c80	c80	c80	c80	c80	c80	c80	c80	c80	c80	c80	c80	c80	c80	106c	c80	cdc	c80	cd5	cce	c80	cd4	cd5	c80	d05	c80	c80	c80	c80	c80	c80	c80	c80	c80	c80	c80	c80	c80	c80	cf4	cd5	cf5	c80	cd4	cd5	c80	cdd	ce4	cda	c80	c80	cda	c80	c80	c80	c80	c80	c80	c80	c80	c80	c80	c80	c80	c80	c80	c80	c80	c80	c80	c80	c80	c80	c80	c80	c80	c80	c80	c80	c80	c80	c80	c80	c80	c80	c80	c80	c80	c80	c80	c80	c80	c80	c80	c80	c80	c80	c80	c80	c80	c80	c80	c80	c80	c80	c80	c80	c80	c80	c80	c80	c80	c80	c80	c80	c80	c80	c80	c80	c80	c80	c80	c80	c80	c80	c80	c80	c80	c80	c80	c80	c80	c80	c80	c80	c80	c80	c80	c80	c80	c80	c80	c80	c80	c80	c80	c80	c80	c80	c80	c80	c80	c80	c80	c80	c80	c80	c80	c80	c80	c80	c80	c80	c80	c80	c80	c80	c80	c80	c80	c80	c80	c80	c80	c80	c80	c80	c80	c80	c80	c80	c80	c80	c80	c80	c80	c80	c80	c80	c80	c80	c80	c80	c80	c80	c80	c80	c80	c80	c80	e87	cf0	c80	cf8	cfd	cfe	d60	d61	d62	10bf	e2a	e2b	d20	d2c	c80	de4	d1f	d20	10c0	d7d	d41	10c1	dc8	d1b	fc9	10c2	d8b	c80	c80	c80	c80	c80	c80	c80	c80	d8a	d8b	f0a	f0b	e46	10c3	c80	c80	cd1	c80	c80	d02	c80	c80	c80	c80	c80	10c4	c80	cd5	c80	c80	ce1	c80	c80	c80	c80	ce1	c80	c80	ccd	d05	c80	c80	c80	c80	c80	c80	c80	c80	c80	c80	c80	c80	c80	c80	c80	c80	c80	c80	c80	c80	c80	c80	c80	c80	c80	c80	c80	c80	c80	c80	c80	c80	c80	c80	c80	c80	c80	c80	c80	c80	c80	c80	c80	c80	c80	c80
c80	c80	c80	c80	c80	c80	c80	c80	c80	c80	c80	c80	c80	c80	c80	c80	c80	c80	c80	c80	c80	c80	c80	c80	c80	c80	c80	c80	c80	c80	c80	c80	c80	c80	c80	c80	c80	c80	c80	c80	c80	c80	c80	c80	c80	c80	c80	c80	c80	c80	c80	c80	c80	c80	c80	c80	c80	c80	c80	c80	c80	c80	c80	c80	c80	c80	c80	c80	c80	c80	c80	c80	c80	c80	c80	c80	c80	c80	c80	c80	c80	c80	c80	c80	c80	c80	c80	c80	c80	c80	c80	c80	c80	c80	c80	c80	c80	c80	c80	c80	c80	c80	c80	c80	c80	c80	c80	c80	c80	c80	c80	c80	c80	c80	c80	c80	c80	c80	c80	c80	c80	c80	c80	c80	ce1	cce	cd1	d18	c80	cf6	cec	cf7	cf8	cf6	d6b	d6c	d6d	106d	f0b	e46	106e	d61	d62	ccc	de8	c80	d7e	de8	c80	dc2	db1	106f	1070	1071	1072	1073	cf0	e40	c80	c80	c80	c80	c80	c80	c80	c80	cd1	cd1	c80	ccd	c80	c80	d63	d64	1074	d6f	1075	fc3	d64	eaf	c80	c80	cd5	ccc	c80	c80	c80	ef5	fbe	c80	cea	d1a	c80	c80	c80	c80	c80	c80	c80	c80	c80	c80	c80	c80	c80	c80	c80	c80	c80	c80	c80	c80	c80	c80	c80	cd1	c80	cd1	c80	c80	c80	c80	cda	c80	cdd	d03	c80	c80	c80	c80	c80	c80	c80	c80	c80	c80	c80	c80	c80	c80	cda	cd5	c80	c80	ce5	c80	c80	c80	cce	cce	c80	c80	cd5	ccc	c80	c80	c80	c80	c80	c80	c80	c80	c80	c80	c80	c80	c80	c80	c80	c80	c80	c80	c80	c80	c80	c80	c80	c80	c80	c80	c80	c80	c80	c80	c80	c80	c80	c80	c80	c80	c80	c80	c80	c80	c80	c80	c80	c80	c80	c80	c80	c80	c80	c80	c80	c80	c80	c80	c80	c80	c80	c80	c80	c80	c80	c80	c80	c80	c80	c80	c80	c80	c80	c80	c80	c80	c80	c80	c80	c80	c80	c80	c80	c80	c80	c80	c80	c80	c80	c80	c80	c80	c80	c80	c80	c80	c80	c80	c80	c80	c80	c80	c80	c80	c80	c80	c80	c80	c80	c80	c80	c80	c80	c80	c80	c80	c80	c80	c80	c80	c80	c80	c80	c80	c80	c80	c80	c80	c80	c80	c80	c80	c80	c80	c80	c80	c80	c80	c80	c80	c80	c80	c80	c80	c80	c80	c80	d54	d66	c80	c80	cf6	cec	ced	c80	d7b	d6c	d6d	d32	e3d	e3e	e3f	d26	d27	d28	d29	d50	c80	d86	d8a	d8b	c80	ed2	d8b	c80	c80	c80	c80	c80	c80	c80	c80	c80	c80	c80	c80	c80	c80	c80	c80	ce8	c80	c80	c80	d91	d22	cdd	c80	c80	db8	ce9	cdd	cdc	ce3	c80	c80	c80	c80	cd4	cce	c80	ce1	c80	c80	c80	c80	cce	c80	c80	c80	c80	c80	c80	c80	c80	c80	c80	c80	c80	c80	c80	c80	c80	c80	c80	c80	c80	c80	c80	c80	c80	c80	c80	c80	c80	c80	c80	c80	c80	c80	c80	c80	c80	c80	c80	c80	c80	c80	c80	c80	c80	c80
c80	c80	c80	c80	c80	c80	c80	c80	c80	c80	c80	c80	c80	c80	c80	c80	c80	c80	c80	c80	c80	c80	c80	c80	c80	c80	c80	c80	c80	c80	c80	c80	c80	c80	c80	c80	c80	c80	c80	c80	c80	c80	c80	c80	c80	c80	c80	c80	c80	c80	c80	c80	c80	c80	c80	c80	c80	c80	c80	c80	c80	c80	c80	c80	c80	c80	c80	c80	c80	c80	c80	c80	c80	c80	c80	c80	c80	c80	c80	c80	c80	c80	c80	c80	c80	c80	c80	c80	c80	c80	c80	c80	c80	c80	c80	c80	c80	c80	c80	c80	c80	c80	c80	c80	c80	c80	c80	c80	c80	c80	c80	c80	c80	c80	c80	c80	c80	c80	c80	c80	c80	c80	c80	c80	cce	1076	de8	db8	c80	d73	c80	cf8	cfd	cfe	c80	c80	c80	db8	c80	c80	d7b	d6c	d6d	d32	cd5	cdc	cdd	c80	d7e	c80	c80	1077	f90	1078	d91	dd0	c80	c80	cda	1079	c80	c80	107a	107b	c80	c80	c80	c80	c80	c80	c80	c80	d6f	d70	d41	d3a	c80	d6f	d70	d8b	c80	c80	c80	ccc	cdd	c80	cf3	ce2	c80	c80	c80	c80	c80	c80	c80	d71	cce	c80	27	c80	c80	ce2	cd8	c80	c80	c80	c80	cd5	c80	ce1	c80	c80	fc8	1057	ce0	c80	ccc	cd7	c80	cd5	c80	ce4	cdd	cdc	c80	cea	c80	c80	c80	c80	c80	c80	c80	c80	c80	c80	c80	c80	c80	c80	c80	cce	c80	ce4	c80	c80	cd4	cce	ce1	c80	d05	c80	cf5	ccc	c80	c80	c80	c80	c80	c80	c80	c80	c80	c80	c80	c80	c80	c80	c80	c80	c80	c80	c80	c80	c80	c80	c80	c80	c80	c80	c80	c80	c80	c80	c80	c80	c80	c80	c80	c80	c80	c80	c80	c80	c80	c80	c80	c80	c80	c80	c80	c80	c80	c80	c80	c80	c80	c80	c80	c80	c80	c80	c80	c80	c80	c80	c80	c80	c80	c80	c80	c80	c80	c80	c80	c80	c80	c80	c80	c80	c80	c80	c80	c80	c80	c80	c80	c80	c80	c80	c80	c80	c80	c80	c80	c80	c80	c80	c80	c80	c80	c80	c80	c80	c80	c80	c80	c80	c80	c80	c80	c80	c80	c80	c80	c80	c80	c80	c80	c80	c80	c80	c80	c80	c80	c80	c80	c80	c80	c80	c80	c80	c80	c80	c80	c80	c80	c80	c80	c80	c80	c80	c80	c80	c80	c80	c80	c80	c80	c80	f10	c80	cf8	c80	cf6	d23	ceb	cec	cec	ced	c80	c80	c80	c80	d34	d35	e47	c80	c80	c80	c80	c80	c80	c80	c80	c80	c80	c80	c80	c80	c80	c80	c80	c80	c80	c80	de2	de3	d2c	c80	ce1	c80	c80	10c5	c80	c80	cd7	10c6	c80	e27	c80	cd4	c80	cdc	c80	c80	c80	cd1	cd1	c80	c80	d71	cce	cd4	cce	ce1	c80	c80	c80	c80	c80	c80	c80	c80	c80	c80	c80	c80	c80	c80	c80	c80	c80	c80	c80	c80	c80	c80	c80	c80	c80	c80	c80	c80	c80	c80	c80	c80	c80	c80	c80	c80	c80	c80	c80	c80	c80	c80	c80	c80	c80	c80
c80	c80	c80	c80	c80	c80	c80	c80	c80	c80	c80	c80	c80	c80	c80	c80	c80	c80	c80	c80	c80	c80	c80	c80	c80	c80	c80	c80	c80	c80	c80	c80	c80	c80	c80	c80	c80	c80	c80	c80	c80	c80	c80	c80	c80	c80	c80	c80	c80	c80	c80	c80	c80	c80	c80	c80	c80	c80	c80	c80	c80	c80	c80	c80	c80	c80	c80	c80	c80	c80	c80	c80	c80	c80	c80	c80	c80	c80	c80	c80	c80	c80	c80	c80	c80	c80	c80	c80	c80	c80	c80	c80	c80	c80	c80	c80	c80	c80	c80	c80	c80	c80	c80	c80	c80	c80	c80	c80	c80	c80	c80	c80	c80	c80	c80	c80	c80	c80	c80	c80	c80	c80	c80	c80	c80	107c	c80	c80	c80	c80	c80	c80	c80	c80	c80	db4	d15	c80	c80	c80	c80	c80	c80	de8	d02	d91	107d	ce1	cd8	dfc	c80	c80	c80	c80	c80	da5	c80	ce1	107e	ed1	ce1	dce	ef5	107f	1080	d4b	d07	d22	d07	d22	ff7	d27	d20	1081	d7d	d41	d42	c80	1082	eaf	d09	c80	1083	c80	cdd	cd3	c80	c80	ce2	c80	c80	c80	c80	c80	ce2	c80	cda	c80	c80	c80	ce1	cce	c80	cd3	c80	c80	cd1	cd1	c80	c80	c80	c80	fd2	cf5	cce	c80	c80	c80	c80	c80	c80	c80	c80	c80	c80	c80	c80	c80	c80	c80	c80	c80	c80	c80	c80	c80	c80	c80	c80	c80	c80	c80	c80	c80	c80	cd1	cd1	c80	c80	c80	d0e	c80	c80	c80	c80	c80	c80	c80	c80	c80	c80	c80	c80	c80	c80	c80	c80	c80	c80	c80	c80	c80	c80	c80	c80	c80	c80	c80	c80	c80	c80	c80	c80	c80	c80	c80	c80	c80	c80	c80	c80	c80	c80	c80	c80	c80	c80	c80	c80	c80	c80	c80	c80	c80	c80	c80	c80	c80	c80	c80	c80	c80	c80	c80	c80	c80	c80	c80	c80	c80	c80	c80	c80	c80	c80	c80	c80	c80	c80	c80	c80	c80	c80	c80	c80	c80	c80	c80	c80	c80	c80	c80	c80	c80	c80	c80	c80	c80	c80	c80	c80	c80	c80	c80	c80	c80	c80	c80	c80	c80	c80	c80	c80	c80	c80	c80	c80	c80	c80	c80	c80	c80	c80	c80	c80	c80	c80	c80	c80	c80	c80	c80	c80	c80	c80	c80	c80	c80	c80	c80	c80	c80	c80	c80	c80	c80	c80	c80	c80	c80	d54	d96	d07	cf0	c80	d2e	cf7	cf8	cf8	c80	c80	cf6	cec	cec	ced	c80	c80	c80	c80	c80	c80	c80	c80	c80	c80	c80	c80	c80	c80	c80	c80	c80	c80	c80	c80	d26	df4	10c7	c80	c80	cf5	c80	c80	c80	c80	10c8	c80	c80	c80	f4d	f42	cd1	c80	c80	c80	c80	c80	c80	cd7	c80	c80	c80	cd1	cd1	c80	c80	c80	c80	c80	c80	c80	c80	c80	c80	c80	c80	c80	c80	c80	c80	c80	c80	c80	c80	c80	c80	c80	c80	c80	c80	c80	c80	c80	c80	c80	c80	c80	c80	c80	c80	c80	c80	c80	c80	c80	c80	c80	c80	c80	c80	c80	c80
c80	c80	c80	c80	c80	c80	c80	c80	c80	c80	c80	c80	c80	c80	c80	c80	c80	c80	c80	c80	c80	c80	c80	c80	c80	c80	c80	c80	c80	c80	c80	c80	c80	c80	c80	c80	c80	c80	c80	c80	c80	c80	c80	c80	c80	c80	c80	c80	c80	c80	c80	c80	c80	c80	c80	c80	c80	c80	c80	c80	c80	c80	c80	c80	c80	c80	c80	c80	c80	c80	c80	c80	c80	c80	c80	c80	c80	c80	c80	c80	c80	c80	c80	c80	c80	c80	c80	c80	c80	c80	c80	c80	c80	c80	c80	c80	c80	c80	c80	c80	c80	c80	c80	c80	c80	c80	c80	c80	c80	c80	c80	c80	c80	c80	c80	c80	c80	c80	c80	c80	c80	c80	c80	c80	c80	c80	c80	c80	c80	c80	c80	c80	c80	c80	c80	c80	c80	c80	c80	c80	c80	c80	c80	c80	c80	d54	d66	d54	e14	c80	cf8	cfd	cf6	d23	c80	c80	cf8	cf8	c80	c80	c80	c80	c80	c80	c80	c80	c80	c80	c80	c80	c80	c80	c80	c80	c80	c80	c80	c80	c80	de4	e00	c80	d7e	10c9	c80	c80	c80	c80	c80	10ca	d61	d62	c80	10cb	10cc	ccd	c80	cdc	cd8	cd4	c80	c80	c80	c80	cd7	cd8	cd8	cd7	c80	c80	c80	c80	c80	c80	c80	c80	c80	c80	c80	c80	c80	c80	c80	c80	c80	c80	c80	c80	c80	c80	c80	c80	c80	c80	c80	c80	c80	c80	c80	c80	c80	c80	c80	c80	c80	c80	c80	c80	c80	c80	c80	c80	c80	c80	c80	c80	c80	c80	c80	c80	c80	c80	c80	c80	c80	c80	c80	c80	c80	c80	c80	c80	c80	c80	c80	c80	c80	c80	c80	c80	c80	c80	c80	c80	c80	c80	c80	c80	c80	c80	c80	c80	c80	c80	c80	c80	c80	c80	c80	c80	c80	c80	c80	c80	c80	c80	c80	c80	c80	c80	c80	c80	c80	c80	c80	c80	c80	c80	c80	c80	c80	c80	c80	c80	c80	c80	c80	c80	c80	c80	c80	c80	c80	c80	c80	c80	c80	c80	c80	c80	c80	c80	c80	c80	c80	c80	c80	c80	c80	c80	c80	c80	c80	c80	c80	c80	c80	c80	c80	c80	c80	c80	c80	c80	c80	c80	c80	c80	c80	c80	c80	c80	c80	c80	c80	c80	c80	c80	c80	c80	c80	c80	c80	c80	c80	c80	c80	c80	c80	c80	c80	c80	c80	c80	c80	c80	c80	c80	c80	c80	c80	c80	c80	c80	c80	c80	c80	c80	c80	c80	c80	c80	c80	c80	c80	c80	c80	c80	c80	c80	c80	c80	c80	c80	c80	c80	c80	de2	e0e	e0f	c80	c80	c80	c80	c80	dce	c80	d02	c80	c80	c80	c80	c80	cdd	cdc	10b8	cd5	ccd	c80	ce2	cd7	c80	c80	c80	c80	c80	c80	c80	c80	c80	c80	c80	c80	c80	c80	c80	c80	c80	c80	c80	c80	c80	c80	c80	c80	c80	c80	c80	c80	c80	c80	c80	c80	c80	c80	c80	c80	c80	cea	c80	e4d	c80	c80	c80	c80	c80	c80	c80	c80	c80	c80	cea	ccc	c80	c80	c80	c80	c80	c80	c80	c80	c80
c80	c80	c80	c80	c80	c80	c80	c80	c80	c80	c80	c80	c80	c80	c80	c80	c80	c80	c80	c80	c80	c80	c80	c80	c80	c80	c80	c80	c80	c80	c80	c80	c80	c80	c80	c80	c80	c80	c80	c80	c80	c80	c80	c80	c80	c80	c80	c80	c80	c80	c80	c80	c80	c80	c80	c80	c80	c80	c80	c80	c80	c80	c80	c80	c80	c80	c80	c80	c80	c80	c80	c80	c80	c80	c80	c80	c80	c80	c80	c80	c80	c80	c80	c80	c80	c80	c80	c80	c80	c80	c80	c80	c80	c80	c80	c80	c80	c80	c80	c80	c80	c80	c80	c80	c80	c80	c80	c80	c80	c80	c80	c80	c80	c80	c80	c80	c80	c80	c80	c80	c80	c80	c80	c80	c80	c80	c80	c80	c80	c80	c80	c80	c80	c80	c80	c80	c80	c80	c80	c80	c80	c80	c80	c80	c80	c80	c80	c80	d2d	cef	d22	da5	c80	d2e	ced	c80	c80	c80	c80	c80	c80	c80	c80	c80	c80	c80	c80	c80	c80	c80	c80	c80	c80	c80	c80	c80	c80	c80	de4	e0e	e0f	c80	c80	de8	e13	e2d	c80	1012	c80	10cd	e5c	f19	10ce	f51	dcd	c80	c80	ce9	cd5	c80	cf5	c80	d05	c80	c80	c80	c80	cdc	c80	cfc	ce4	c80	c80	c80	c80	c80	c80	c80	c80	c80	c80	c80	c80	c80	c80	c80	c80	c80	c80	c80	c80	c80	c80	c80	c80	c80	c80	c80	c80	c80	c80	c80	c80	c80	c80	c80	c80	c80	c80	c80	c80	c80	c80	c80	c80	c80	c80	c80	c80	c80	c80	c80	c80	c80	c80	c80	c80	c80	c80	c80	c80	c80	c80	c80	c80	c80	c80	c80	c80	c80	c80	c80	c80	c80	c80	c80	c80	c80	c80	c80	c80	c80	c80	c80	c80	c80	c80	c80	c80	c80	c80	c80	c80	c80	c80	c80	c80	c80	c80	c80	c80	c80	c80	c80	c80	c80	c80	c80	c80	c80	c80	c80	c80	c80	c80	c80	c80	c80	c80	c80	c80	c80	c80	c80	c80	c80	c80	c80	c80	c80	c80	c80	c80	c80	c80	c80	c80	c80	c80	c80	c80	c80	c80	c80	c80	c80	c80	c80	c80	c80	c80	c80	c80	c80	c80	c80	c80	c80	c80	c80	c80	c80	c80	c80	c80	c80	c80	c80	c80	c80	c80	c80	c80	c80	c80	c80	c80	c80	c80	c80	c80	c80	c80	c80	c80	c80	c80	c80	c80	c80	c80	c80	c80	c80	c80	c80	c80	c80	c80	c80	c80	c80	c80	c80	c80	c80	c80	c80	c80	c80	c80	c80	c80	c80	c80	c80	d26	e1b	e1c	10f6	c80	c80	c80	c80	db8	c80	d73	c80	c80	c80	10f7	10f8	ec0	c80	c80	c80	c80	cda	c80	c80	c80	c80	ce4	c80	c80	c80	c80	c80	c80	c80	c80	c80	c80	c80	c80	c80	c80	c80	c80	c80	c80	c80	c80	c80	c80	c80	c80	c80	c80	c80	c80	c80	c80	c80	c80	c80	c80	cd1	ce4	c80	c80	c80	cdc	d0e	c80	cdc	c80	c80	c80	c80	cd1	ce4	c80	c80	c80	c80	c80	c80	c80	c80	c80	c80
c80	c80	c80	c80	c80	c80	c80	c80	c80	c80	c80	c80	c80	c80	c80	c80	c80	c80	c80	c80	c80	c80	c80	c80	c80	c80	c80	c80	c80	c80	c80	c80	c80	c80	c80	c80	c80	c80	c80	c80	c80	c80	c80	c80	c80	c80	c80	c80	c80	c80	c80	c80	c80	c80	c80	c80	c80	c80	c80	c80	c80	c80	c80	c80	c80	c80	c80	c80	c80	c80	c80	c80	c80	c80	c80	c80	c80	c80	c80	c80	c80	c80	c80	c80	c80	c80	c80	c80	c80	c80	c80	c80	c80	c80	c80	c80	c80	c80	c80	c80	c80	c80	c80	c80	c80	c80	c80	c80	c80	c80	c80	c80	c80	c80	c80	c80	c80	c80	c80	c80	c80	c80	c80	c80	c80	c80	c80	c80	c80	c80	c80	c80	c80	c80	c80	c80	c80	c80	c80	c80	c80	c80	c80	c80	c80	c80	c80	c80	c80	c80	da9	d56	e14	c80	c80	c80	ceb	cec	ced	c80	c80	c80	c80	c80	c80	c80	c80	c80	c80	c80	c80	c80	c80	c80	c80	10cf	d62	d26	e1b	e1c	10d0	d7e	ccd	c80	e79	103a	c80	c80	10d1	10d2	d4e	d3b	cfb	c80	c80	ce2	c80	cda	c80	c80	cda	cd5	c80	c80	cd8	cea	c80	e4d	c80	c80	ce4	c80	c80	c80	c80	c80	c80	c80	c80	c80	c80	c80	c80	c80	c80	c80	c80	c80	c80	c80	c80	c80	10d3	c80	c80	c80	c80	c80	c80	c80	c80	c80	cdc	c80	c80	c80	c80	c80	c80	c80	c80	c80	c80	c80	c80	c80	c80	c80	c80	c80	c80	c80	c80	c80	c80	c80	c80	c80	c80	c80	c80	c80	c80	c80	c80	c80	c80	c80	c80	c80	c80	c80	c80	c80	c80	c80	c80	c80	c80	c80	c80	c80	c80	c80	c80	c80	c80	c80	c80	c80	c80	c80	c80	c80	c80	c80	c80	c80	c80	c80	c80	c80	c80	c80	c80	c80	c80	c80	c80	c80	c80	c80	c80	c80	c80	c80	c80	c80	c80	c80	c80	c80	c80	c80	c80	c80	c80	c80	c80	c80	c80	c80	c80	c80	c80	c80	c80	c80	c80	c80	c80	c80	c80	c80	c80	c80	c80	c80	c80	c80	c80	c80	c80	c80	c80	c80	c80	c80	c80	c80	c80	c80	c80	c80	c80	c80	c80	c80	c80	c80	c80	c80	c80	c80	c80	c80	c80	c80	c80	c80	c80	c80	c80	c80	c80	c80	c80	c80	c80	c80	c80	c80	c80	c80	c80	c80	c80	c80	c80	c80	c80	c80	c80	c80	c80	c80	c80	c80	c80	c80	c80	c80	c80	c80	c80	c80	c80	d34	e30	c80	c80	c80	c80	c80	c80	c80	c80	c80	c80	c80	c80	10f9	c80	c80	c80	c80	ce4	cdd	cdc	cd0	c80	c80	c80	c80	c80	c80	c80	c80	c80	c80	c80	c80	c80	c80	c80	c80	c80	c80	c80	c80	c80	c80	c80	c80	c80	c80	c80	c80	c80	c80	c80	c80	c80	c80	c80	c80	c80	c80	cdf	d05	ce4	c80	c80	c80	c80	e4d	ce1	cd8	cd8	cf5	cdd	c80	c80	c80	c80	c80	c80	c80	c80	c80	c80	c80
c80	c80	c80	c80	c80	c80	c80	c80	c80	c80	c80	c80	c80	c80	c80	c80	c80	c80	c80	c80	c80	c80	c80	c80	c80	c80	c80	c80	c80	c80	c80	c80	c80	c80	c80	c80	c80	c80	c80	c80	c80	c80	c80	c80	c80	c80	c80	c80	c80	c80	c80	c80	c80	c80	c80	c80	c80	c80	c80	c80	c80	c80	c80	c80	c80	c80	c80	c80	c80	c80	c80	c80	c80	c80	c80	c80	c80	c80	c80	c80	c80	c80	c80	c80	c80	c80	c80	c80	c80	c80	c80	c80	c80	c80	c80	c80	c80	c80	c80	c80	c80	c80	c80	c80	c80	c80	c80	c80	c80	c80	c80	c80	c80	c80	c80	c80	c80	c80	c80	c80	c80	c80	c80	c80	c80	c80	c80	c80	c80	c80	c80	c80	c80	c80	c80	c80	c80	c80	c80	c80	c80	c80	c80	c80	c80	c80	c80	c80	c80	c80	c80	c80	da9	d96	cf6	cec	cf7	cf8	cf6	ced	c80	c80	c80	c80	c80	c80	c80	c80	c80	c80	c80	c80	d60	d61	e52	e53	e54	e55	d48	10d4	c80	10d5	10d6	10d7	10d8	10d9	c80	c80	10da	d9e	d93	10db	cfb	c80	c80	c80	c80	c80	c80	c80	cd8	ce3	c80	ce4	c80	c80	c80	c80	c80	c80	c80	c80	c80	c80	c80	c80	c80	c80	c80	c80	c80	c80	c80	c80	c80	c80	c80	c80	c80	c80	c80	cea	c80	c80	c80	c80	10d3	c80	c80	c80	c80	c80	e4d	c80	c80	c80	c80	c80	c80	c80	c80	c80	c80	c80	c80	c80	c80	c80	c80	c80	c80	c80	c80	c80	c80	c80	c80	c80	c80	c80	c80	c80	c80	c80	c80	c80	c80	c80	c80	c80	c80	c80	c80	c80	c80	c80	c80	c80	c80	c80	c80	c80	c80	c80	c80	c80	c80	c80	c80	c80	c80	c80	c80	c80	c80	c80	c80	c80	c80	c80	c80	c80	c80	c80	c80	c80	c80	c80	c80	c80	c80	c80	c80	c80	c80	c80	c80	c80	c80	c80	c80	c80	c80	c80	c80	c80	c80	c80	c80	c80	c80	c80	c80	c80	c80	c80	c80	c80	c80	c80	c80	c80	c80	c80	c80	c80	c80	c80	c80	c80	c80	c80	c80	c80	c80	c80	c80	c80	c80	c80	c80	c80	c80	c80	c80	c80	c80	c80	c80	c80	c80	c80	c80	c80	c80	c80	c80	c80	c80	c80	c80	c80	c80	c80	c80	c80	c80	c80	c80	c80	c80	c80	c80	c80	c80	c80	c80	c80	c80	c80	c80	c80	c80	c80	c80	c80	c80	c80	c80	c80	c80	c80	c80	c80	c80	c80	ceb	cec	ced	c80	c80	c80	c80	c80	c80	c80	c80	c80	c80	c80	c80	c80	c80	c80	c80	d03	c80	c80	c80	c80	c80	c80	c80	c80	c80	c80	c80	c80	c80	c80	c80	c80	c80	c80	c80	c80	c80	c80	c80	c80	c80	c80	c80	c80	c80	c80	c80	c80	c80	c80	c80	c80	c80	c80	c80	c80	c80	c80	ce1	c80	c80	d0e	ce1	cd8	cd8	c80	c80	c80	c80	cdc	c80	c80	c80	c80	c80	c80	c80	c80	c80	c80	c80	c80
c80	c80	c80	c80	c80	c80	c80	c80	c80	c80	c80	c80	c80	c80	c80	c80	c80	c80	c80	c80	c80	c80	c80	c80	c80	c80	c80	c80	c80	c80	c80	c80	c80	c80	c80	c80	c80	c80	c80	c80	c80	c80	c80	c80	c80	c80	c80	c80	c80	c80	c80	c80	c80	c80	c80	c80	c80	c80	c80	c80	c80	c80	c80	c80	c80	c80	c80	c80	c80	c80	c80	c80	c80	c80	c80	c80	c80	c80	c80	c80	c80	c80	c80	c80	c80	c80	c80	c80	c80	c80	c80	c80	c80	c80	c80	c80	c80	c80	c80	c80	c80	c80	c80	c80	c80	c80	c80	c80	c80	c80	c80	c80	c80	c80	c80	c80	c80	c80	c80	c80	c80	c80	c80	c80	c80	c80	c80	c80	c80	c80	c80	c80	c80	c80	c80	c80	c80	c80	c80	c80	c80	c80	c80	c80	c80	c80	c80	c80	c80	c80	c80	c80	c80	d54	e14	c80	cf8	cfd	10dc	c80	c80	c80	c80	c80	c80	c80	c80	c80	c80	c80	cf6	cec	d6b	d6c	e68	e69	e6a	d31	ecb	d27	d20	109b	dc8	d70	d8b	10dd	c80	db8	10de	d54	d66	c80	c80	c80	c80	cd7	cd4	cce	c80	c80	c80	cdc	c80	c80	c80	c80	c80	c80	c80	c80	c80	c80	c80	c80	c80	c80	c80	c80	c80	c80	c80	c80	c80	c80	c80	c80	c80	c80	c80	c80	c80	c80	c80	c80	c80	cea	c80	c80	c80	c80	c80	c80	c80	c80	cdc	d0e	c80	c80	c80	c80	c80	c80	c80	c80	c80	c80	c80	c80	c80	c80	c80	c80	c80	c80	c80	c80	c80	c80	c80	c80	c80	c80	c80	c80	c80	c80	c80	c80	c80	c80	c80	c80	c80	c80	c80	c80	c80	c80	c80	c80	c80	c80	c80	c80	c80	c80	c80	c80	c80	c80	c80	c80	c80	c80	c80	c80	c80	c80	c80	c80	c80	c80	c80	c80	c80	c80	c80	c80	c80	c80	c80	c80	c80	c80	c80	c80	c80	c80	c80	c80	c80	c80	c80	c80	c80	c80	c80	c80	c80	c80	c80	c80	c80	c80	c80	c80	c80	c80	c80	c80	c80	c80	c80	c80	c80	c80	c80	c80	c80	c80	c80	c80	c80	c80	c80	c80	c80	c80	c80	c80	c80	c80	c80	c80	c80	c80	c80	c80	c80	c80	c80	c80	c80	c80	c80	c80	c80	c80	c80	c80	c80	c80	c80	c80	c80	c80	c80	c80	c80	c80	c80	c80	c80	c80	c80	c80	c80	c80	c80	c80	c80	c80	c80	c80	c80	c80	c80	c80	c80	c80	c80	c80	c80	c80	cf6	cec	cf7	cf8	c80	c80	c80	c80	c80	c80	c80	c80	c80	c80	c80	c80	ce1	cd1	c80	c80	c80	c80	c80	c80	c80	c80	c80	c80	c80	c80	c80	c80	c80	c80	c80	c80	c80	c80	c80	c80	c80	c80	c80	c80	c80	c80	c80	c80	c80	c80	c80	c80	c80	c80	c80	c80	c80	c80	c80	c80	c80	c80	c80	c80	c80	ce4	c80	c80	c80	c80	ccc	c80	c80	cea	c80	e4d	ce1	cce	c80	c80	c80	c80	c80	c80	c80	c80	c80	c80
c80	c80	c80	c80	c80	c80	c80	c80	c80	c80	c80	c80	c80	c80	c80	c80	c80	c80	c80	c80	c80	c80	c80	c80	c80	c80	c80	c80	c80	c80	c80	c80	c80	c80	c80	c80	c80	c80	c80	c80	c80	c80	c80	c80	c80	c80	c80	c80	c80	c80	c80	c80	c80	c80	c80	c80	c80	c80	c80	c80	c80	c80	c80	c80	c80	c80	c80	c80	c80	c80	c80	c80	c80	c80	c80	c80	c80	c80	c80	c80	c80	c80	c80	c80	c80	c80	c80	c80	c80	c80	c80	c80	c80	c80	c80	c80	c80	c80	c80	c80	c80	c80	c80	c80	c80	c80	c80	c80	c80	c80	c80	c80	c80	c80	c80	c80	c80	c80	c80	c80	c80	c80	c80	c80	c80	c80	c80	c80	c80	c80	c80	c80	c80	c80	c80	c80	c80	c80	c80	c80	c80	c80	c80	c80	c80	c80	c80	c80	c80	c80	c80	c80	c80	c80	db1	cf6	cec	e0b	c80	c80	c80	c80	c80	c80	c80	c80	c80	c80	c80	c80	c80	e21	c80	d09	e80	e81	10df	c80	c80	d34	d50	1020	eaf	ed2	c80	c80	c80	c80	10e0	c80	c80	c80	c80	cdd	c80	cd1	cd1	c80	cd1	cd1	c80	c80	c80	cd8	c80	c80	c80	c80	c80	c80	c80	c80	c80	c80	c80	c80	c80	c80	c80	c80	c80	c80	c80	c80	c80	c80	c80	c80	c80	c80	c80	c80	c80	c80	c80	c80	c80	c80	c80	c80	c80	c80	ce4	c80	c80	c80	c80	c80	c80	c80	c80	c80	c80	c80	c80	c80	c80	c80	c80	c80	c80	c80	c80	c80	c80	c80	c80	c80	c80	c80	c80	c80	c80	c80	c80	c80	c80	c80	c80	c80	c80	c80	c80	c80	c80	c80	c80	c80	c80	c80	c80	c80	c80	c80	c80	c80	c80	c80	c80	c80	c80	c80	c80	c80	c80	c80	c80	c80	c80	c80	c80	c80	c80	c80	c80	c80	c80	c80	c80	c80	c80	c80	c80	c80	c80	c80	c80	c80	c80	c80	c80	c80	c80	c80	c80	c80	c80	c80	c80	c80	c80	c80	c80	c80	c80	c80	c80	c80	c80	c80	c80	c80	c80	c80	c80	c80	c80	c80	c80	c80	c80	c80	c80	c80	c80	c80	c80	c80	c80	c80	c80	c80	c80	c80	c80	c80	c80	c80	c80	c80	c80	c80	c80	c80	c80	c80	c80	c80	c80	c80	c80	c80	c80	c80	c80	c80	c80	c80	c80	c80	c80	c80	c80	c80	c80	c80	c80	c80	c80	c80	c80	c80	c80	c80	c80	c80	c80	c80	c80	c80	c80	c80	c80	c80	c80	c80	cf8	cfd	c80	c80	c80	c80	c80	c80	c80	c80	c80	c80	c80	c80	d71	d72	c80	c80	c80	c80	c80	c80	c80	c80	c80	c80	c80	c80	c80	c80	c80	c80	c80	c80	c80	c80	c80	c80	c80	c80	c80	c80	c80	c80	c80	c80	c80	c80	c80	c80	c80	c80	c80	c80	c80	c80	c80	c80	c80	c80	c80	ccc	c80	c80	c80	c80	c80	c80	c80	c80	cd1	ce4	c80	c80	c80	c80	c80	c80	c80	c80	c80	c80	c80	c80	c80	c80
c80	c80	c80	c80	c80	c80	c80	c80	c80	c80	c80	c80	c80	c80	c80	c80	c80	c80	c80	c80	c80	c80	c80	c80	c80	c80	c80	c80	c80	c80	c80	c80	c80	c80	c80	c80	c80	c80	c80	c80	c80	c80	c80	c80	c80	c80	c80	c80	c80	c80	c80	c80	c80	c80	c80	c80	c80	c80	c80	c80	c80	c80	c80	c80	c80	c80	c80	c80	c80	c80	c80	c80	c80	c80	c80	c80	c80	c80	c80	c80	c80	c80	c80	c80	c80	c80	c80	c80	c80	c80	c80	c80	c80	c80	c80	c80	c80	c80	c80	c80	c80	c80	c80	c80	c80	c80	c80	c80	c80	c80	c80	c80	c80	c80	c80	c80	c80	c80	c80	c80	c80	c80	c80	c80	c80	c80	c80	c80	c80	c80	c80	c80	c80	c80	c80	c80	c80	c80	c80	c80	c80	c80	c80	c80	c80	c80	c80	c80	c80	c80	c80	c80	c80	c80	f10	c80	e17	e18	e19	c80	c80	c80	c80	c80	c80	c80	c80	c80	c80	c80	c80	c80	c80	c80	c80	c80	c80	c80	c80	c80	d63	fc2	d8b	104d	10e1	d06	ced	c80	10e2	cd5	ccd	d05	cd4	c80	c80	c80	cd7	c80	c80	ccc	cd7	c80	ccd	c80	c80	c80	c80	c80	c80	c80	c80	c80	c80	c80	c80	c80	c80	c80	c80	c80	c80	c80	c80	c80	c80	c80	c80	c80	c80	c80	c80	c80	c80	c80	c80	c80	c80	c80	c80	c80	c80	c80	c80	c80	c80	c80	c80	c80	c80	c80	c80	c80	c80	c80	c80	c80	c80	c80	c80	c80	c80	c80	c80	c80	c80	c80	c80	c80	c80	c80	c80	c80	c80	c80	c80	c80	c80	c80	c80	c80	c80	c80	c80	c80	c80	c80	c80	c80	c80	c80	c80	c80	c80	c80	c80	c80	c80	c80	c80	c80	c80	c80	c80	c80	c80	c80	c80	c80	c80	c80	c80	c80	c80	c80	c80	c80	c80	c80	c80	c80	c80	c80	c80	c80	c80	c80	c80	c80	c80	c80	c80	c80	c80	c80	c80	c80	c80	c80	c80	c80	c80	c80	c80	c80	c80	c80	c80	c80	c80	c80	c80	c80	c80	c80	c80	c80	c80	c80	c80	c80	c80	c80	c80	c80	c80	c80	c80	c80	c80	c80	c80	c80	c80	c80	c80	c80	c80	c80	c80	c80	c80	c80	c80	c80	c80	c80	c80	c80	c80	c80	c80	c80	c80	c80	c80	c80	c80	c80	c80	c80	c80	c80	c80	c80	c80	c80	c80	c80	c80	c80	c80	c80	c80	c80	c80	c80	c80	c80	c80	c80	c80	c80	c80	c80	c80	cf6	cec	ced	c80	c80	c80	c80	c80	c80	c80	c80	c80	c80	c80	c80	c80	c80	c80	c80	c80	c80	c80	c80	c80	c80	c80	c80	c80	c80	c80	c80	c80	c80	c80	c80	c80	c80	c80	c80	c80	c80	c80	c80	c80	c80	c80	c80	c80	c80	c80	c80	c80	c80	c80	c80	c80	c80	c80	c80	c80	c80	cf4	c80	c80	c80	c80	c80	c80	c80	c80	c80	c80	c80	c80	c80	c80	c80	c80	c80	c80	c80	c80	c80	c80	c80	c80	c80
c80	c80	c80	c80	c80	c80	c80	c80	c80	c80	c80	c80	c80	c80	c80	c80	c80	c80	c80	c80	c80	c80	c80	c80	c80	c80	c80	c80	c80	c80	c80	c80	c80	c80	c80	c80	c80	c80	c80	c80	c80	c80	c80	c80	c80	c80	c80	c80	c80	c80	c80	c80	c80	c80	c80	c80	c80	c80	c80	c80	c80	c80	c80	c80	c80	c80	c80	c80	c80	c80	c80	c80	c80	c80	c80	c80	c80	c80	c80	c80	c80	c80	c80	c80	c80	c80	c80	c80	c80	c80	c80	c80	c80	c80	c80	c80	c80	c80	c80	c80	c80	c80	c80	c80	c80	c80	c80	c80	c80	c80	c80	c80	c80	c80	c80	c80	c80	c80	c80	c80	c80	c80	c80	c80	c80	c80	c80	c80	c80	c80	c80	c80	c80	c80	c80	c80	c80	c80	c80	c80	c80	c80	c80	c80	c80	c80	c80	c80	c80	c80	c80	c80	c80	c80	d54	d93	d22	10bf	e2a	e2b	d20	d2c	c80	c80	c80	c80	c80	c80	c80	cf6	d23	ceb	cec	cec	ced	cf6	cec	ced	e27	c80	d6f	10e3	c80	10e4	cf6	10e5	cec	10e6	10e7	cf0	dd8	cef	dde	c80	ccc	c80	cd1	c80	cf4	c80	ccd	d05	c80	c80	c80	c80	c80	c80	c80	c80	c80	c80	c80	c80	c80	c80	c80	c80	c80	c80	c80	c80	c80	c80	c80	c80	c80	c80	c80	c80	c80	ccc	cd7	c80	c80	c80	cdd	cdc	10b8	cd5	ccd	c80	c80	c80	cce	c80	ccd	c80	c80	c80	c80	c80	c80	c80	c80	c80	c80	c80	c80	c80	c80	c80	c80	c80	c80	c80	c80	c80	c80	c80	c80	c80	c80	c80	c80	c80	c80	c80	c80	c80	c80	c80	c80	c80	c80	c80	c80	c80	c80	c80	c80	c80	c80	c80	c80	c80	c80	c80	c80	c80	c80	c80	c80	c80	c80	c80	c80	c80	c80	c80	c80	c80	c80	c80	c80	c80	c80	c80	c80	c80	c80	c80	c80	c80	c80	c80	c80	c80	c80	c80	c80	c80	c80	c80	c80	c80	c80	c80	c80	c80	c80	c80	c80	c80	c80	c80	c80	c80	c80	c80	c80	c80	c80	c80	c80	c80	c80	c80	c80	c80	c80	c80	c80	c80	c80	c80	c80	c80	c80	c80	c80	c80	c80	c80	c80	c80	c80	c80	c80	c80	c80	c80	c80	c80	c80	c80	c80	c80	c80	c80	c80	c80	c80	c80	c80	c80	c80	c80	c80	c80	c80	c80	c80	c80	c80	c80	c80	c80	c80	c80	c80	c80	c80	c80	c80	c80	c80	c80	c80	c80	c80	c80	c80	c80	c80	c80	c80	c80	c80	c80	c80	c80	c80	c80	c80	c80	c80	c80	c80	c80	c80	c80	c80	c80	c80	c80	c80	c80	c80	c80	c80	c80	c80	c80	c80	c80	c80	c80	c80	c80	c80	c80	c80	c80	c80	c80	c80	c80	c80	c80	c80	c80	c80	c80	c80	c80	c80	c80	c80	c80	c80	c80	c80	c80	c80	c80	c80	e4d	c80	c80	c80	c80	c80	c80	cdc	c80	c80	c80	c80	c80	c80	c80	c80	c80	c80	c80	c80	c80	c80	c80	c80	c80
c80	c80	c80	c80	c80	c80	c80	c80	c80	c80	c80	c80	c80	c80	c80	c80	c80	c80	c80	c80	c80	c80	c80	c80	c80	c80	c80	c80	c80	c80	c80	c80	c80	c80	c80	c80	c80	c80	c80	c80	c80	c80	c80	c80	c80	c80	c80	c80	c80	c80	c80	c80	c80	c80	c80	c80	c80	c80	c80	c80	c80	c80	c80	c80	c80	c80	c80	c80	c80	c80	c80	c80	c80	c80	c80	c80	c80	c80	c80	c80	c80	c80	c80	c80	c80	c80	c80	c80	c80	c80	c80	c80	c80	c80	c80	c80	c80	c80	c80	c80	c80	c80	c80	c80	c80	c80	c80	c80	c80	c80	c80	c80	c80	c80	c80	c80	c80	c80	c80	c80	c80	c80	c80	c80	c80	c80	c80	c80	c80	c80	c80	c80	c80	c80	c80	c80	c80	c80	c80	c80	c80	c80	c80	c80	c80	c80	c80	c80	c80	c80	c80	c80	c80	c80	c80	c80	d96	c80	e3d	e3e	e3f	c80	c80	c80	c80	c80	c80	c80	c80	c80	d2e	cf7	cf8	cf8	c80	c80	cf8	c80	c80	c80	c80	d6f	c80	10e8	cf6	cf7	cf8	c80	e27	d54	d53	c80	d17	c80	c80	c80	ccc	c80	c80	cdd	c80	c80	c80	c80	c80	c80	c80	c80	c80	c80	c80	c80	c80	c80	c80	c80	c80	c80	c80	c80	c80	c80	c80	c80	c80	c80	c80	c80	c80	c80	c80	c80	ccd	d05	c80	cdd	cdc	c80	c80	c80	cda	c80	c80	c80	c80	d05	c80	cd8	c80	c80	c80	c80	c80	c80	c80	c80	c80	c80	c80	c80	c80	c80	c80	c80	c80	c80	c80	c80	c80	c80	c80	c80	c80	c80	c80	c80	c80	c80	c80	c80	c80	c80	c80	c80	c80	c80	c80	c80	c80	c80	c80	c80	c80	c80	c80	c80	c80	c80	c80	c80	c80	c80	c80	c80	c80	c80	c80	c80	c80	c80	c80	c80	c80	c80	c80	c80	c80	c80	c80	c80	c80	c80	c80	c80	c80	c80	c80	c80	c80	c80	c80	c80	c80	c80	c80	c80	c80	c80	c80	c80	c80	c80	c80	c80	c80	c80	c80	c80	c80	c80	c80	c80	c80	c80	c80	c80	c80	c80	c80	c80	c80	c80	c80	c80	c80	c80	c80	c80	c80	c80	c80	c80	c80	c80	c80	c80	c80	c80	c80	c80	c80	c80	c80	c80	c80	c80	c80	c80	c80	c80	c80	c80	c80	c80	c80	c80	c80	c80	c80	c80	c80	c80	c80	c80	c80	c80	c80	c80	c80	c80	c80	c80	c80	c80	c80	c80	c80	c80	c80	c80	c80	c80	c80	c80	c80	c80	c80	c80	c80	c80	c80	c80	c80	c80	c80	c80	c80	c80	c80	c80	c80	c80	c80	c80	c80	c80	c80	c80	c80	c80	c80	c80	c80	c80	c80	c80	c80	c80	c80	c80	c80	c80	c80	c80	c80	c80	c80	c80	c80	c80	c80	c80	c80	c80	c80	c80	c80	c80	c80	c80	c80	c80	c80	c80	c80	c80	c80	cce	c80	c80	c80	c80	c80	c80	e4d	c80	c80	c80	c80	c80	c80	c80	c80	c80	c80	c80	c80	c80	c80	c80	c80	c80
c80	c80	c80	c80	c80	c80	c80	c80	c80	c80	c80	c80	c80	c80	c80	c80	c80	c80	c80	c80	c80	c80	c80	c80	c80	c80	c80	c80	c80	c80	c80	c80	c80	c80	c80	c80	c80	c80	c80	c80	c80	c80	c80	c80	c80	c80	c80	c80	c80	c80	c80	c80	c80	c80	c80	c80	c80	c80	c80	c80	c80	c80	c80	c80	c80	c80	c80	c80	c80	c80	c80	c80	c80	c80	c80	c80	c80	c80	c80	c80	c80	c80	c80	c80	c80	c80	c80	c80	c80	c80	c80	c80	c80	c80	c80	c80	c80	c80	c80	c80	c80	c80	c80	c80	c80	c80	c80	c80	c80	c80	c80	c80	c80	c80	c80	c80	c80	c80	c80	c80	c80	c80	c80	c80	c80	c80	c80	c80	c80	c80	c80	c80	c80	c80	c80	c80	c80	c80	c80	c80	c80	c80	c80	c80	c80	c80	c80	c80	c80	c80	c80	c80	c80	c80	c80	c80	c80	c80	c80	d63	d64	d64	eaf	c80	c80	c80	c80	c80	c80	c80	c80	cf8	cfd	10e9	f26	d73	c80	c80	c80	cdc	c80	c80	c80	10ea	c80	cf8	cfd	c80	c80	c80	de7	dd4	c80	10eb	c80	c80	c80	cd7	ce0	c80	c80	cf5	c80	c80	c80	c80	c80	c80	c80	c80	c80	c80	c80	c80	c80	c80	c80	c80	c80	c80	c80	c80	c80	c80	c80	c80	c80	c80	c80	c80	ce4	c80	c80	c80	ceb	cec	10e6	10e7	cf0	dd8	cef	dde	c80	ccc	c80	10ec	cea	c80	c80	c80	c80	c80	c80	c80	c80	c80	c80	c80	c80	c80	c80	c80	c80	c80	c80	c80	c80	c80	c80	c80	c80	c80	c80	c80	c80	c80	c80	c80	c80	c80	c80	c80	c80	c80	c80	c80	c80	c80	c80	c80	c80	c80	c80	c80	c80	c80	c80	c80	c80	c80	c80	c80	c80	c80	c80	c80	c80	c80	c80	c80	c80	c80	c80	c80	c80	c80	c80	c80	c80	c80	c80	c80	c80	c80	c80	c80	c80	c80	c80	c80	c80	c80	c80	c80	c80	c80	c80	c80	c80	c80	c80	c80	c80	c80	c80	c80	c80	c80	c80	c80	c80	c80	c80	c80	c80	c80	c80	c80	c80	c80	c80	c80	c80	c80	c80	c80	c80	c80	c80	c80	c80	c80	c80	c80	c80	c80	c80	c80	c80	c80	c80	c80	c80	c80	c80	c80	c80	c80	c80	c80	c80	c80	c80	c80	c80	c80	c80	c80	c80	c80	c80	c80	c80	c80	c80	c80	c80	c80	c80	c80	c80	c80	c80	c80	c80	c80	c80	c80	c80	c80	c80	c80	c80	c80	c80	c80	c80	c80	c80	c80	c80	c80	c80	c80	c80	c80	c80	c80	c80	c80	c80	c80	c80	c80	c80	c80	c80	c80	c80	c80	c80	c80	c80	c80	c80	c80	c80	c80	c80	c80	c80	c80	c80	c80	c80	c80	c80	c80	c80	c80	c80	c80	c80	c80	c80	c80	c80	c80	c80	c80	c80	c80	c80	c80	c80	c80	c80	10d3	c80	c80	c80	c80	c80	c80	c80	c80	cdc	d0e	c80	c80	c80	c80	c80	c80	c80	c80	c80	c80	c80	c80	c80	c80
c80	c80	c80	c80	c80	c80	c80	c80	c80	c80	c80	c80	c80	c80	c80	c80	c80	c80	c80	c80	c80	c80	c80	c80	c80	c80	c80	c80	c80	c80	c80	c80	c80	c80	c80	c80	c80	c80	c80	c80	c80	c80	c80	c80	c80	c80	c80	c80	c80	c80	c80	c80	c80	c80	c80	c80	c80	c80	c80	c80	c80	c80	c80	c80	c80	c80	c80	c80	c80	c80	c80	c80	c80	c80	c80	c80	c80	c80	c80	c80	c80	c80	c80	c80	c80	c80	c80	c80	c80	c80	c80	c80	c80	c80	c80	c80	c80	c80	c80	c80	c80	c80	c80	c80	c80	c80	c80	c80	c80	c80	c80	c80	c80	c80	c80	c80	c80	c80	c80	c80	c80	c80	c80	c80	c80	c80	c80	c80	c80	c80	c80	c80	c80	c80	c80	c80	c80	c80	c80	c80	c80	c80	c80	c80	c80	c80	c80	c80	c80	c80	c80	c80	c80	c80	c80	c80	c80	c80	c80	d6f	d70	d70	d8b	c80	c80	c80	c80	c80	c80	c80	c80	d06	ced	c80	e27	c80	c80	c80	ce0	c80	c80	c80	c80	c80	c80	c80	d0d	c80	c80	c80	c80	c80	c80	10ed	10ee	c80	c80	cce	cce	cd7	c80	c80	c80	c80	c80	c80	c80	c80	c80	c80	c80	c80	c80	c80	c80	c80	c80	c80	c80	c80	c80	c80	c80	c80	c80	c80	c80	c80	c80	d03	c80	c80	cf6	cec	cf7	cf8	c80	e27	d54	d53	c80	d17	c80	c80	c80	c80	c80	c80	c80	c80	c80	c80	c80	c80	c80	c80	c80	c80	c80	c80	c80	c80	c80	c80	c80	c80	c80	c80	c80	c80	c80	c80	c80	c80	c80	c80	c80	c80	c80	c80	c80	c80	c80	c80	c80	c80	c80	c80	c80	c80	c80	c80	c80	c80	c80	c80	c80	c80	c80	c80	c80	c80	c80	c80	c80	c80	c80	c80	c80	c80	c80	c80	c80	c80	c80	c80	c80	c80	c80	c80	c80	c80	c80	c80	c80	c80	c80	c80	c80	c80	c80	c80	c80	c80	c80	c80	c80	c80	c80	c80	c80	c80	c80	c80	c80	c80	c80	c80	c80	c80	c80	c80	c80	c80	c80	c80	c80	c80	c80	c80	c80	c80	c80	c80	c80	c80	c80	c80	c80	c80	c80	c80	c80	c80	c80	c80	c80	c80	c80	c80	c80	c80	c80	c80	c80	c80	c80	c80	c80	c80	c80	c80	c80	c80	c80	c80	c80	c80	c80	c80	c80	c80	c80	c80	c80	c80	c80	c80	c80	c80	c80	c80	c80	c80	c80	c80	c80	c80	c80	c80	c80	c80	c80	c80	c80	c80	c80	c80	c80	c80	c80	c80	c80	c80	c80	c80	c80	c80	c80	c80	c80	c80	c80	c80	c80	c80	c80	c80	c80	c80	c80	c80	c80	c80	c80	c80	c80	c80	c80	c80	c80	c80	c80	c80	c80	c80	c80	c80	c80	c80	c80	c80	c80	c80	c80	c80	c80	c80	c80	c80	c80	c80	c80	c80	c80	c80	c80	c80	c80	c80	c80	c80	c80	c80	ce4	c80	c80	c80	c80	c80	c80	c80	c80	c80	c80	c80	c80	c80	c80	c80	c80	c80
c80	c80	c80	c80	c80	c80	c80	c80	c80	c80	c80	c80	c80	c80	c80	c80	c80	c80	c80	c80	c80	c80	c80	c80	c80	c80	c80	c80	c80	c80	c80	c80	c80	c80	c80	c80	c80	c80	c80	c80	c80	c80	c80	c80	c80	c80	c80	c80	c80	c80	c80	c80	c80	c80	c80	c80	c80	c80	c80	c80	c80	c80	c80	c80	c80	c80	c80	c80	c80	c80	c80	c80	c80	c80	c80	c80	c80	c80	c80	c80	c80	c80	c80	c80	c80	c80	c80	c80	c80	c80	c80	c80	c80	c80	c80	c80	c80	c80	c80	c80	c80	c80	c80	c80	c80	c80	c80	c80	c80	c80	c80	c80	c80	c80	c80	c80	c80	c80	c80	c80	c80	c80	c80	c80	c80	c80	c80	c80	c80	c80	c80	c80	c80	c80	c80	c80	c80	c80	c80	c80	c80	c80	c80	c80	c80	c80	c80	c80	c80	c80	c80	c80	c80	c80	c80	c80	c80	c80	c80	c80	ed2	ed3	d3a	eae	d64	d64	eaf	c80	c80	c80	ceb	d0f	c80	da5	c80	c80	d72	c80	10ef	c80	e27	d07	1060	c80	c80	c80	c80	c80	c80	c80	c80	dbb	10f0	10f1	c80	c80	c80	c80	10f2	ccd	d05	c80	c80	c80	c80	c80	c80	c80	c80	c80	c80	c80	c80	c80	c80	c80	c80	c80	c80	c80	c80	c80	c80	c80	c80	c80	c80	c80	c80	c80	10f3	c80	c80	c80	cf8	cfd	c80	c80	c80	de7	dd4	c80	10eb	c80	c80	c80	c80	c80	c80	c80	c80	c80	c80	c80	c80	c80	c80	c80	c80	c80	c80	c80	c80	c80	c80	c80	c80	c80	c80	c80	c80	c80	c80	c80	c80	c80	c80	c80	c80	c80	c80	c80	c80	c80	c80	c80	c80	c80	c80	c80	c80	c80	c80	c80	c80	c80	c80	c80	c80	c80	c80	c80	c80	c80	c80	c80	c80	c80	c80	c80	c80	c80	c80	c80	c80	c80	c80	c80	c80	c80	c80	c80	c80	c80	c80	c80	c80	c80	c80	c80	c80	c80	c80	c80	c80	c80	c80	c80	c80	c80	c80	c80	c80	c80	c80	c80	c80	c80	c80	c80	c80	c80	c80	c80	c80	c80	c80	c80	c80	c80	c80	c80	c80	c80	c80	c80	c80	c80	c80	c80	c80	c80	c80	c80	c80	c80	c80	c80	c80	c80	c80	c80	c80	c80	c80	c80	c80	c80	c80	c80	c80	c80	c80	c80	c80	c80	c80	c80	c80	c80	c80	c80	c80	c80	c80	c80	c80	c80	c80	c80	c80	c80	c80	c80	c80	c80	c80	c80	c80	c80	c80	c80	c80	c80	c80	c80	c80	c80	c80	c80	c80	c80	c80	c80	c80	c80	c80	c80	c80	c80	c80	c80	c80	c80	c80	c80	c80	c80	c80	c80	c80	c80	c80	c80	c80	c80	c80	c80	c80	c80	c80	c80	c80	c80	c80	c80	c80	c80	c80	c80	c80	c80	c80	c80	c80	c80	c80	c80	c80	c80	c80	c80	c80	c80	c80	c80	c80	c80	c80	c80	c80	c80	c80	c80	c80	c80	c80	c80	c80	c80	c80	c80	c80	c80	c80	c80	c80	c80	c80	c80	c80	c80
c80	c80	c80	c80	c80	c80	c80	c80	c80	c80	c80	c80	c80	c80	c80	c80	c80	c80	c80	c80	c80	c80	c80	c80	c80	c80	c80	c80	c80	c80	c80	c80	c80	c80	c80	c80	c80	c80	c80	c80	c80	c80	c80	c80	c80	c80	c80	c80	c80	c80	c80	c80	c80	c80	c80	c80	c80	c80	c80	c80	c80	c80	c80	c80	c80	c80	c80	c80	c80	c80	c80	c80	c80	c80	c80	c80	c80	c80	c80	c80	c80	c80	c80	c80	c80	c80	c80	c80	c80	c80	c80	c80	c80	c80	c80	c80	c80	c80	c80	c80	c80	c80	c80	c80	c80	c80	c80	c80	c80	c80	c80	c80	c80	c80	c80	c80	c80	c80	c80	c80	c80	c80	c80	c80	c80	c80	c80	c80	c80	c80	c80	c80	c80	c80	c80	c80	c80	c80	c80	c80	c80	c80	c80	c80	c80	c80	c80	c80	c80	c80	c80	c80	c80	c80	c80	c80	c80	c80	c80	c80	c80	d6f	d41	fc2	d70	d70	d8b	cf6	cec	cec	d0f	d1b	c80	e87	d22	c80	ce4	d02	c80	db8	d07	d22	db1	c80	c80	c80	c80	d02	d09	c80	c80	e5f	10f4	c80	c80	c80	c80	cf3	ce2	c80	c80	c80	c80	c80	c80	c80	c80	c80	c80	c80	c80	c80	c80	c80	c80	c80	c80	c80	c80	c80	c80	c80	c80	c80	c80	c80	c80	c80	c80	c80	ccc	e4d	c80	c80	c80	d0d	c80	c80	c80	c80	c80	c80	10ed	10ee	c80	c80	c80	c80	c80	c80	c80	c80	c80	c80	c80	c80	c80	c80	c80	c80	c80	c80	c80	c80	c80	c80	c80	c80	c80	c80	c80	c80	c80	c80	c80	c80	c80	c80	c80	c80	c80	c80	c80	c80	c80	c80	c80	c80	c80	c80	c80	c80	c80	c80	c80	c80	c80	c80	c80	c80	c80	c80	c80	c80	c80	c80	c80	c80	c80	c80	c80	c80	c80	c80	c80	c80	c80	c80	c80	c80	c80	c80	c80	c80	c80	c80	c80	c80	c80	c80	c80	c80	c80	c80	c80	c80	c80	c80	c80	c80	c80	c80	c80	c80	c80	c80	c80	c80	c80	c80	c80	c80	c80	c80	c80	c80	c80	c80	c80	c80	c80	c80	c80	c80	c80	c80	c80	c80	c80	c80	c80	c80	c80	c80	c80	c80	c80	c80	c80	c80	c80	c80	c80	c80	c80	c80	c80	c80	c80	c80	c80	c80	c80	c80	c80	c80	c80	c80	c80	c80	c80	c80	c80	c80	c80	c80	c80	c80	c80	c80	c80	c80	c80	c80	c80	c80	c80	c80	c80	c80	c80	c80	c80	c80	c80	c80	c80	c80	c80	c80	c80	c80	c80	c80	c80	c80	c80	c80	c80	c80	c80	c80	c80	c80	c80	c80	c80	c80	c80	c80	c80	c80	c80	c80	c80	c80	c80	c80	c80	c80	c80	c80	c80	c80	c80	c80	c80	c80	c80	c80	c80	c80	c80	c80	c80	c80	c80	c80	c80	c80	c80	c80	c80	c80	c80	c80	c80	c80	c80	c80	c80	c80	c80	c80	c80	c80	c80	c80	c80	c80	c80	c80	c80	c80	c80	c80	c80	c80	c80	c80	c80	c80
c80	c80	c80	c80	c80	c80	c80	c80	c80	c80	c80	c80	c80	c80	c80	c80	c80	c80	c80	c80	c80	c80	c80	c80	c80	c80	c80	c80	c80	c80	c80	c80	c80	c80	c80	c80	c80	c80	c80	c80	c80	c80	c80	c80	c80	c80	c80	c80	c80	c80	c80	c80	c80	c80	c80	c80	c80	c80	c80	c80	c80	c80	c80	c80	c80	c80	c80	c80	c80	c80	c80	c80	c80	c80	c80	c80	c80	c80	c80	c80	c80	c80	c80	c80	c80	c80	c80	c80	c80	c80	c80	c80	c80	c80	c80	c80	c80	c80	c80	c80	c80	c80	c80	c80	c80	c80	c80	c80	c80	c80	c80	c80	c80	c80	c80	c80	c80	c80	c80	c80	c80	c80	c80	c80	c80	c80	c80	c80	c80	c80	c80	c80	c80	c80	c80	c80	c80	c80	c80	c80	c80	c80	c80	c80	c80	c80	c80	c80	c80	c80	c80	c80	c80	c80	c80	c80	c80	c80	c80	c80	c80	c80	d8a	d1b	fc9	ed3	d3a	c80	cf8	cf8	d24	d25	c80	de2	de3	d2c	c80	c80	c80	c80	d0d	ea9	dce	c80	dce	c80	c80	c80	c80	c80	c80	10f5	c80	c80	c80	c80	cd5	ce4	cce	c80	c80	c80	c80	c80	c80	c80	c80	c80	c80	c80	c80	c80	c80	c80	c80	c80	c80	c80	c80	c80	c80	c80	c80	c80	c80	c80	c80	c80	c80	c80	cea	c80	c80	c80	c80	c80	c80	c80	c80	c80	dbb	10f0	10f1	c80	c80	c80	c80	c80	c80	c80	c80	c80	c80	c80	c80	c80	c80	c80	c80	c80	c80	c80	c80	c80	c80	c80	c80	c80	c80	c80	c80	c80	c80	c80	c80	c80	c80	c80	c80	c80	c80	c80	c80	c80	c80	c80	c80	c80	c80	c80	c80	c80	c80	c80	c80	c80	c80	c80	c80	c80	c80	c80	c80	c80	c80	c80	c80	c80	c80	c80	c80	c80	c80	c80	c80	c80	c80	c80	c80	c80	c80	c80	c80	c80	c80	c80	c80	c80	c80	c80	c80	c80	c80	c80	c80	c80	c80	c80	c80	c80	c80	c80	c80	c80	c80	c80	c80	c80	c80	c80	c80	c80	c80	c80	c80	c80	c80	c80	c80	c80	c80	c80	c80	c80	c80	c80	c80	c80	c80	c80	c80	c80	c80	c80	c80	c80	c80	c80	c80	c80	c80	c80	c80	c80	c80	c80	c80	c80	c80	c80	c80	c80	c80	c80	c80	c80	c80	c80	c80	c80	c80	c80	c80	c80	c80	c80	c80	c80	c80	c80	c80	c80	c80	c80	c80	c80	c80	c80	c80	c80	c80	c80	c80	c80	c80	c80	c80	c80	c80	c80	c80	c80	c80	c80	c80	c80	c80	c80	c80	c80	c80	c80	c80	c80	c80	c80	c80	c80	c80	c80	c80	c80	c80	c80	c80	c80	c80	c80	c80	c80	c80	c80	c80	c80	c80	c80	c80	c80	c80	c80	c80	c80	c80	c80	c80	c80	c80	c80	c80	c80	c80	c80	c80	c80	c80	c80	c80	c80	c80	c80	c80	c80	c80	c80	c80	c80	c80	c80	c80	c80	c80	c80	c80	c80	c80	c80	c80	c80	c80	c80	c80	c80
c80	c80	c80	c80	c80	c80	c80	c80	c80	c80	c80	c80	c80	c80	c80	c80	c80	c80	c80	c80	c80	c80	c80	c80	c80	c80	c80	c80	c80	c80	c80	c80	c80	c80	c80	c80	c80	c80	c80	c80	c80	c80	c80	c80	c80	c80	c80	c80	c80	c80	c80	c80	c80	c80	c80	c80	c80	c80	c80	c80	c80	c80	c80	c80	c80	c80	c80	c80	c80	c80	c80	c80	c80	c80	c80	c80	c80	c80	c80	c80	c80	c80	c80	c80	c80	c80	c80	c80	c80	c80	c80	c80	c80	c80	c80	c80	c80	c80	c80	c80	c80	c80	c80	c80	c80	c80	c80	c80	c80	c80	c80	c80	c80	c80	c80	c80	c80	c80	c80	c80	c80	c80	c80	c80	c80	c80	c80	c80	c80	c80	c80	c80	c80	c80	c80	c80	c80	c80	c80	c80	c80	c80	c80	c80	c80	c80	c80	c80	c80	c80	c80	c80	c80	c80	c80	c80	c80	c80	c80	c80	c80	c80	c80	ed2	d8b	d6f	d41	eaf	c80	cf6	d30	d31	ecb	df4	10c7	c80	c80	c80	c80	c80	d91	d54	cfb	c80	c80	d7e	c80	c80	c80	c80	c80	c80	c80	c80	c80	cd7	c80	c80	c80	c80	c80	c80	c80	c80	c80	c80	c80	c80	c80	c80	c80	c80	c80	c80	c80	c80	c80	c80	c80	c80	c80	c80	c80	c80	c80	c80	c80	c80	c80	c80	c80	ce1	cd8	cd8	c80	c80	d02	d09	c80	c80	e5f	10f4	c80	c80	c80	cdd	cdc	ccc	c80	c80	c80	c80	c80	c80	c80	c80	c80	c80	c80	c80	c80	c80	c80	c80	c80	c80	c80	c80	c80	c80	c80	c80	c80	c80	c80	c80	c80	c80	c80	c80	c80	c80	c80	c80	c80	c80	c80	c80	c80	c80	c80	c80	c80	c80	c80	c80	c80	c80	c80	c80	c80	c80	c80	c80	c80	c80	c80	c80	c80	c80	c80	c80	c80	c80	c80	c80	c80	c80	c80	c80	c80	c80	c80	c80	c80	c80	c80	c80	c80	c80	c80	c80	c80	c80	c80	c80	c80	c80	c80	c80	c80	c80	c80	c80	c80	c80	c80	c80	c80	c80	c80	c80	c80	c80	c80	c80	c80	c80	c80	c80	c80	c80	c80	c80	c80	c80	c80	c80	c80	c80	c80	c80	c80	c80	c80	c80	c80	c80	c80	c80	c80	c80	c80	c80	c80	c80	c80	c80	c80	c80	c80	c80	c80	c80	c80	c80	c80	c80	c80	c80	c80	c80	c80	c80	c80	c80	c80	c80	c80	c80	c80	c80	c80	c80	c80	c80	c80	c80	c80	c80	c80	c80	c80	c80	c80	c80	c80	c80	c80	c80	c80	c80	c80	c80	c80	c80	c80	c80	c80	c80	c80	c80	c80	c80	c80	c80	c80	c80	c80	c80	c80	c80	c80	c80	c80	c80	c80	c80	c80	c80	c80	c80	c80	c80	c80	c80	c80	c80	c80	c80	c80	c80	c80	c80	c80	c80	c80	c80	c80	c80	c80	c80	c80	c80	c80	c80	c80	c80	c80	c80	c80	c80	c80	c80	c80	c80	c80	c80	c80	c80	c80	c80	c80	c80	c80	c80	c80	c80	c80	c80	c80	c80
c80	c80	c80	c80	c80	c80	c80	c80	c80	c80	c80	c80	c80	c80	c80	c80	c80	c80	c80	c80	c80	c80	c80	c80	c80	c80	c80	c80	c80	c80	c80	c80	c80	c80	c80	c80	c80	c80	c80	c80	c80	c80	c80	c80	c80	c80	c80	c80	c80	c80	c80	c80	c80	c80	c80	c80	c80	c80	c80	c80	c80	c80	c80	c80	c80	c80	c80	c80	c80	c80	c80	c80	c80	c80	c80	c80	c80	c80	c80	c80	c80	c80	c80	c80	c80	c80	c80	c80	c80	c80	c80	c80	c80	c80	c80	c80	c80	c80	c80	c80	c80	c80	c80	c80	c80	c80	c80	c80	c80	c80	c80	c80	c80	c80	c80	c80	c80	c80	c80	c80	c80	c80	c80	c80	c80	c80	c80	c80	c80	c80	c80	c80	c80	c80	c80	c80	c80	c80	c80	c80	c80	c80	c80	c80	c80	c80	c80	c80	c80	c80	c80	c80	c80	c80	c80	c80	c80	c80	c80	c80	c80	c80	c80	c80	c80	c80	d8a	d8b	c80	c80	d2e	ced	de4	e00	c80	c80	c80	c80	c80	c80	c80	c80	d7e	c80	c80	dce	c80	cda	cd1	c80	c80	c80	c80	c80	c80	cdf	d05	ce4	c80	c80	c80	c80	c80	c80	c80	c80	c80	c80	c80	c80	c80	c80	c80	c80	c80	c80	c80	c80	c80	c80	c80	c80	c80	c80	c80	c80	c80	c80	c80	c80	c80	c80	c80	c80	cdc	c80	c80	c80	c80	c80	10f5	c80	c80	c80	cda	cd1	c80	c80	c80	c80	c80	c80	c80	c80	c80	c80	c80	c80	c80	c80	c80	c80	c80	c80	c80	c80	c80	c80	c80	c80	c80	c80	c80	c80	c80	c80	c80	c80	c80	c80	c80	c80	c80	c80	c80	c80	c80	c80	c80	c80	c80	c80	c80	c80	c80	c80	c80	c80	c80	c80	c80	c80	c80	c80	c80	c80	c80	c80	c80	c80	c80	c80	c80	c80	c80	c80	c80	c80	c80	c80	c80	c80	c80	c80	c80	c80	c80	c80	c80	c80	c80	c80	c80	c80	c80	c80	c80	c80	c80	c80	c80	c80	c80	c80	c80	c80	c80	c80	c80	c80	c80	c80	c80	c80	c80	c80	c80	c80	c80	c80	c80	c80	c80	c80	c80	c80	c80	c80	c80	c80	c80	c80	c80	c80	c80	c80	c80	c80	c80	c80	c80	c80	c80	c80	c80	c80	c80	c80	c80	c80	c80	c80	c80	c80	c80	c80	c80	c80	c80	c80	c80	c80	c80	c80	c80	c80	c80	c80	c80	c80	c80	c80	c80	c80	c80	c80	c80	c80	c80	c80	c80	c80	c80	c80	c80	c80	c80	c80	c80	c80	c80	c80	c80	c80	c80	c80	c80	c80	c80	c80	c80	c80	c80	c80	c80	c80	c80	c80	c80	c80	c80	c80	c80	c80	c80	c80	c80	c80	c80	c80	c80	c80	c80	c80	c80	c80	c80	c80	c80	c80	c80	c80	c80	c80	c80	c80	c80	c80	c80	c80	c80	c80	c80	c80	c80	c80	c80	c80	c80	c80	c80	c80	c80	c80	c80	c80	c80	c80	c80	c80	c80	c80	c80	c80	c80	c80	c80	c80	c80	c80	c80	c80
c80	c80	c80	c80	c80	c80	c80	c80	c80	c80	c80	c80	c80	c80	c80	c80	c80	c80	c80	c80	c80	c80	c80	c80	c80	c80	c80	c80	c80	c80	c80	c80	c80	c80	c80	c80	c80	c80	c80	c80	c80	c80	c80	c80	c80	c80	c80	c80	c80	c80	c80	c80	c80	c80	c80	c80	c80	c80	c80	c80	c80	c80	c80	c80	c80	c80	c80	c80	c80	c80	c80	c80	c80	c80	c80	c80	c80	c80	c80	c80	c80	c80	c80	c80	c80	c80	c80	c80	c80	c80	c80	c80	c80	c80	c80	c80	c80	c80	c80	c80	c80	c80	c80	c80	c80	c80	c80	c80	c80	c80	c80	c80	c80	c80	c80	c80	c80	c80	c80	c80	c80	c80	c80	c80	c80	c80	c80	c80	c80	c80	c80	c80	c80	c80	c80	c80	c80	c80	c80	c80	c80	c80	c80	c80	c80	c80	c80	c80	c80	c80	c80	c80	c80	c80	c80	c80	c80	c80	c80	c80	c80	c80	c80	c80	c80	c80	c80	c80	c80	c80	c80	c80	c80	c80	c80	c80	c80	c80	c80	c80	c80	c80	c80	c80	c80	c80	c80	c80	c80	c80	c80	c80	c80	c80	c80	c80	c80	c80	c80	c80	c80	c80	c80	c80	c80	c80	c80	c80	c80	c80	c80	c80	c80	c80	c80	c80	c80	c80	c80	c80	c80	c80	c80	c80	c80	c80	c80	c80	c80	c80	c80	c80	c80	c80	c80	c80	c80	c80	c80	c80	c80	c80	c80	c80	c80	c80	c80	c80	c80	c80	c80	c80	c80	c80	c80	c80	c80	c80	c80	c80	c80	c80	c80	c80	c80	c80	c80	c80	c80	c80	c80	c80	c80	c80	c80	c80	c80	c80	c80	c80	c80	c80	c80	c80	c80	c80	c80	c80	c80	c80	c80	c80	c80	c80	c80	c80	c80	c80	c80	c80	c80	c80	c80	c80	c80	c80	c80	c80	c80	c80	c80	c80	c80	c80	c80	c80	c80	c80	c80	c80	c80	c80	c80	c80	c80	c80	c80	c80	c80	c80	c80	c80	c80	c80	c80	c80	c80	c80	c80	c80	c80	c80	c80	c80	c80	c80	c80	c80	c80	c80	c80	c80	c80	c80	c80	c80	c80	c80	c80	c80	c80	c80	c80	c80	c80	c80	c80	c80	c80	c80	c80	c80	c80	c80	c80	c80	c80	c80	c80	c80	c80	c80	c80	c80	c80	c80	c80	c80	c80	c80	c80	c80	c80	c80	c80	c80	c80	c80	c80	c80	c80	c80	c80	c80	c80	c80	c80	c80	c80	c80	c80	c80	c80	c80	c80	c80	c80	c80	c80	c80	c80	c80	c80	c80	c80	c80	c80	c80	c80	c80	c80	c80	c80	c80	c80	c80	c80	c80	c80	c80	c80	c80	c80	c80	c80	c80	c80	c80	c80	c80	c80	c80	c80	c80	c80	c80	c80	c80	c80	c80	c80	c80	c80	c80	c80	c80	c80	c80	c80	c80	c80	c80	c80	c80	c80	c80	c80	c80	c80	c80	c80	c80	c80	c80	c80	c80	c80	c80	c80	c80	c80	c80	c80	c80	c80	c80	c80	c80	c80	c80	c80	c80	c80	c80	c80	c80	c80	c80	c80	c80	c80	c80
c80	c80	c80	c80	c80	c80	c80	c80	c80	c80	c80	c80	c80	c80	c80	c80	c80	c80	c80	c80	c80	c80	c80	c80	c80	c80	c80	c80	c80	c80	c80	c80	c80	c80	c80	c80	c80	c80	c80	c80	c80	c80	c80	c80	c80	c80	c80	c80	c80	c80	c80	c80	c80	c80	c80	c80	c80	c80	c80	c80	c80	c80	c80	c80	c80	c80	c80	c80	c80	c80	c80	c80	c80	c80	c80	c80	c80	c80	c80	c80	c80	c80	c80	c80	c80	c80	c80	c80	c80	c80	c80	c80	c80	c80	c80	c80	c80	c80	c80	c80	c80	c80	c80	c80	c80	c80	c80	c80	c80	c80	c80	c80	c80	c80	c80	c80	c80	c80	c80	c80	c80	c80	c80	c80	c80	c80	c80	c80	c80	c80	c80	c80	c80	c80	c80	c80	c80	c80	c80	c80	c80	c80	c80	c80	c80	c80	c80	c80	c80	c80	c80	c80	c80	c80	c80	c80	c80	c80	c80	c80	c80	c80	c80	c80	c80	c80	c80	c80	c80	c80	c80	c80	c80	c80	c80	c80	c80	c80	c80	c80	c80	c80	c80	c80	c80	c80	c80	c80	c80	c80	c80	c80	c80	c80	c80	c80	c80	c80	c80	c80	c80	c80	c80	c80	c80	c80	c80	c80	c80	c80	c80	c80	c80	c80	c80	c80	c80	c80	c80	c80	c80	c80	c80	c80	c80	c80	c80	c80	c80	c80	c80	c80	c80	c80	c80	c80	c80	c80	c80	c80	c80	c80	c80	c80	c80	c80	c80	c80	c80	c80	c80	c80	c80	c80	c80	c80	c80	c80	c80	c80	c80	c80	c80	c80	c80	c80	c80	c80	c80	c80	c80	c80	c80	c80	c80	c80	c80	c80	c80	c80	c80	c80	c80	c80	c80	c80	c80	c80	c80	c80	c80	c80	c80	c80	c80	c80	c80	c80	c80	c80	c80	c80	c80	c80	c80	c80	c80	c80	c80	c80	c80	c80	c80	c80	c80	c80	c80	c80	c80	c80	c80	c80	c80	c80	c80	c80	c80	c80	c80	c80	c80	c80	c80	c80	c80	c80	c80	c80	c80	c80	c80	c80	c80	c80	c80	c80	c80	c80	c80	c80	c80	c80	c80	c80	c80	c80	c80	c80	c80	c80	c80	c80	c80	c80	c80	c80	c80	c80	c80	c80	c80	c80	c80	c80	c80	c80	c80	c80	c80	c80	c80	c80	c80	c80	c80	c80	c80	c80	c80	c80	c80	c80	c80	c80	c80	c80	c80	c80	c80	c80	c80	c80	c80	c80	c80	c80	c80	c80	c80	c80	c80	c80	c80	c80	c80	c80	c80	c80	c80	c80	c80	c80	c80	c80	c80	c80	c80	c80	c80	c80	c80	c80	c80	c80	c80	c80	c80	c80	c80	c80	c80	c80	c80	c80	c80	c80	c80	c80	c80	c80	c80	c80	c80	c80	c80	c80	c80	c80	c80	c80	c80	c80	c80	c80	c80	c80	c80	c80	c80	c80	c80	c80	c80	c80	c80	c80	c80	c80	c80	c80	c80	c80	c80	c80	c80	c80	c80	c80	c80	c80	c80	c80	c80	c80	c80	c80	c80	c80	c80	c80	c80	c80	c80	c80	c80	c80	c80	c80	c80	c80	c80	c80
c80	c80	c80	c80	c80	c80	c80	c80	c80	c80	c80	c80	c80	c80	c80	c80	c80	c80	c80	c80	c80	c80	c80	c80	c80	c80	c80	c80	c80	c80	c80	c80	c80	c80	c80	c80	c80	c80	c80	c80	c80	c80	c80	c80	c80	c80	c80	c80	c80	c80	c80	c80	c80	c80	c80	c80	c80	c80	c80	c80	c80	c80	c80	c80	c80	c80	c80	c80	c80	c80	c80	c80	c80	c80	c80	c80	c80	c80	c80	c80	c80	c80	c80	c80	c80	c80	c80	c80	c80	c80	c80	c80	c80	c80	c80	c80	c80	c80	c80	c80	c80	c80	c80	c80	c80	c80	c80	c80	c80	c80	c80	c80	c80	c80	c80	c80	c80	c80	c80	c80	c80	c80	c80	c80	c80	c80	c80	c80	c80	c80	c80	c80	c80	c80	c80	c80	c80	c80	c80	c80	c80	c80	c80	c80	c80	c80	c80	c80	c80	c80	c80	c80	c80	c80	c80	c80	c80	c80	c80	c80	c80	c80	c80	c80	c80	c80	c80	c80	c80	c80	c80	c80	c80	c80	c80	c80	c80	c80	c80	c80	c80	c80	c80	c80	c80	c80	c80	c80	c80	c80	c80	c80	c80	c80	c80	c80	c80	c80	c80	c80	c80	c80	c80	c80	c80	c80	c80	c80	c80	c80	c80	c80	c80	c80	c80	c80	c80	c80	c80	c80	c80	c80	c80	c80	c80	c80	c80	c80	c80	c80	c80	c80	c80	c80	c80	c80	c80	c80	c80	c80	c80	c80	c80	c80	c80	c80	c80	c80	c80	c80	c80	c80	c80	c80	c80	c80	c80	c80	c80	c80	c80	c80	c80	c80	c80	c80	c80	c80	c80	c80	c80	c80	c80	c80	c80	c80	c80	c80	c80	c80	c80	c80	c80	c80	c80	c80	c80	c80	c80	c80	c80	c80	c80	c80	c80	c80	c80	c80	c80	c80	c80	c80	c80	c80	c80	c80	c80	c80	c80	c80	c80	c80	c80	c80	c80	c80	c80	c80	c80	c80	c80	c80	c80	c80	c80	c80	c80	c80	c80	c80	c80	c80	c80	c80	c80	c80	c80	c80	c80	c80	c80	c80	c80	c80	c80	c80	c80	c80	c80	c80	c80	c80	c80	c80	c80	c80	c80	c80	c80	c80	c80	c80	c80	c80	c80	c80	c80	c80	c80	c80	c80	c80	c80	c80	c80	c80	c80	c80	c80	c80	c80	c80	c80	c80	c80	c80	c80	c80	c80	c80	c80	c80	c80	c80	c80	c80	c80	c80	c80	c80	c80	c80	c80	c80	c80	c80	c80	c80	c80	c80	c80	c80	c80	c80	c80	c80	c80	c80	c80	c80	c80	c80	c80	c80	c80	c80	c80	c80	c80	c80	c80	c80	c80	c80	c80	c80	c80	c80	c80	c80	c80	c80	c80	c80	c80	c80	c80	c80	c80	c80	c80	c80	c80	c80	c80	c80	c80	c80	c80	c80	c80	c80	c80	c80	c80	c80	c80	c80	c80	c80	c80	c80	c80	c80	c80	c80	c80	c80	c80	c80	c80	c80	c80	c80	c80	c80	c80	c80	c80	c80	c80	c80	c80	c80	c80	c80	c80	c80	c80	c80	c80	c80	c80	c80	c80	c80	c80	c80	c80	c80	c80	c80
c80	c80	c80	c80	c80	c80	c80	c80	c80	c80	c80	c80	c80	c80	c80	c80	c80	c80	c80	c80	c80	c80	c80	c80	c80	c80	c80	c80	c80	c80	c80	c80	c80	c80	c80	c80	c80	c80	c80	c80	c80	c80	c80	c80	c80	c80	c80	c80	c80	c80	c80	c80	c80	c80	c80	c80	c80	c80	c80	c80	c80	c80	c80	c80	c80	c80	c80	c80	c80	c80	c80	c80	c80	c80	c80	c80	c80	c80	c80	c80	c80	c80	c80	c80	c80	c80	c80	c80	c80	c80	c80	c80	c80	c80	c80	c80	c80	c80	c80	c80	c80	c80	c80	c80	c80	c80	c80	c80	c80	c80	c80	c80	c80	c80	c80	c80	c80	c80	c80	c80	c80	c80	c80	c80	c80	c80	c80	c80	c80	c80	c80	c80	c80	c80	c80	c80	c80	c80	c80	c80	c80	c80	c80	c80	c80	c80	c80	c80	c80	c80	c80	c80	c80	c80	c80	c80	c80	c80	c80	c80	c80	c80	c80	c80	c80	c80	c80	c80	c80	c80	c80	c80	c80	c80	c80	c80	c80	c80	c80	c80	c80	c80	c80	c80	c80	c80	c80	c80	c80	c80	c80	c80	c80	c80	c80	c80	c80	c80	c80	c80	c80	c80	c80	c80	c80	c80	c80	c80	c80	c80	c80	c80	c80	c80	c80	c80	c80	c80	c80	c80	c80	c80	c80	c80	c80	c80	c80	c80	c80	c80	c80	c80	c80	c80	c80	c80	c80	c80	c80	c80	c80	c80	c80	c80	c80	c80	c80	c80	c80	c80	c80	c80	c80	c80	c80	c80	c80	c80	c80	c80	c80	c80	c80	c80	c80	c80	c80	c80	c80	c80	c80	c80	c80	c80	c80	c80	c80	c80	c80	c80	c80	c80	c80	c80	c80	c80	c80	c80	c80	c80	c80	c80	c80	c80	c80	c80	c80	c80	c80	c80	c80	c80	c80	c80	c80	c80	c80	c80	c80	c80	c80	c80	c80	c80	c80	c80	c80	c80	c80	c80	c80	c80	c80	c80	c80	c80	c80	c80	c80	c80	c80	c80	c80	c80	c80	c80	c80	c80	c80	c80	c80	c80	c80	c80	c80	c80	c80	c80	c80	c80	c80	c80	c80	c80	c80	c80	c80	c80	c80	c80	c80	c80	c80	c80	c80	c80	c80	c80	c80	c80	c80	c80	c80	c80	c80	c80	c80	c80	c80	c80	c80	c80	c80	c80	c80	c80	c80	c80	c80	c80	c80	c80	c80	c80	c80	c80	c80	c80	c80	c80	c80	c80	c80	c80	c80	c80	c80	c80	c80	c80	c80	c80	c80	c80	c80	c80	c80	c80	c80	c80	c80	c80	c80	c80	c80	c80	c80	c80	c80	c80	c80	c80	c80	c80	c80	c80	c80	c80	c80	c80	c80	c80	c80	c80	c80	c80	c80	c80	c80	c80	c80	c80	c80	c80	c80	c80	c80	c80	c80	c80	c80	c80	c80	c80	c80	c80	c80	c80	c80	c80	c80	c80	c80	c80	c80	c80	c80	c80	c80	c80	c80	c80	c80	c80	c80	c80	c80	c80	c80	c80	c80	c80	c80	c80	c80	c80	c80	c80	c80	c80	c80	c80	c80	c80	c80	c80	c80	c80	c80	c80	c80	c80
c80	c80	c80	c80	c80	c80	c80	c80	c80	c80	c80	c80	c80	c80	c80	c80	c80	c80	c80	c80	c80	c80	c80	c80	c80	c80	c80	c80	c80	c80	c80	c80	c80	c80	c80	c80	c80	c80	c80	c80	c80	c80	c80	c80	c80	c80	c80	c80	c80	c80	c80	c80	c80	c80	c80	c80	c80	c80	c80	c80	c80	c80	c80	c80	c80	c80	c80	c80	c80	c80	c80	c80	c80	c80	c80	c80	c80	c80	c80	c80	c80	c80	c80	c80	c80	c80	c80	c80	c80	c80	c80	c80	c80	c80	c80	c80	c80	c80	c80	c80	c80	c80	c80	c80	c80	c80	c80	c80	c80	c80	c80	c80	c80	c80	c80	c80	c80	c80	c80	c80	c80	c80	c80	c80	c80	c80	c80	c80	c80	c80	c80	c80	c80	c80	c80	c80	c80	c80	c80	c80	c80	c80	c80	c80	c80	c80	c80	c80	c80	c80	c80	c80	c80	c80	c80	c80	c80	c80	c80	c80	c80	c80	c80	c80	c80	c80	c80	c80	c80	c80	c80	c80	c80	c80	c80	c80	c80	c80	c80	c80	c80	c80	c80	c80	c80	c80	c80	c80	c80	c80	c80	c80	c80	c80	c80	c80	c80	c80	c80	c80	c80	c80	c80	c80	c80	c80	c80	c80	c80	c80	c80	c80	c80	c80	c80	c80	c80	c80	c80	c80	c80	c80	c80	c80	c80	c80	c80	c80	c80	c80	c80	c80	c80	c80	c80	c80	c80	c80	c80	c80	c80	c80	c80	c80	c80	c80	c80	c80	c80	c80	c80	c80	c80	c80	c80	c80	c80	c80	c80	c80	c80	c80	c80	c80	c80	c80	c80	c80	c80	c80	c80	c80	c80	c80	c80	c80	c80	c80	c80	c80	c80	c80	c80	c80	c80	c80	c80	c80	c80	c80	c80	c80	c80	c80	c80	c80	c80	c80	c80	c80	c80	c80	c80	c80	c80	c80	c80	c80	c80	c80	c80	c80	c80	c80	c80	c80	c80	c80	c80	c80	c80	c80	c80	c80	c80	c80	c80	c80	c80	c80	c80	c80	c80	c80	c80	c80	c80	c80	c80	c80	c80	c80	c80	c80	c80	c80	c80	c80	c80	c80	c80	c80	c80	c80	c80	c80	c80	c80	c80	c80	c80	c80	c80	c80	c80	c80	c80	c80	c80	c80	c80	c80	c80	c80	c80	c80	c80	c80	c80	c80	c80	c80	c80	c80	c80	c80	c80	c80	c80	c80	c80	c80	c80	c80	c80	c80	c80	c80	c80	c80	c80	c80	c80	c80	c80	c80	c80	c80	c80	c80	c80	c80	c80	c80	c80	c80	c80	c80	c80	c80	c80	c80	c80	c80	c80	c80	c80	c80	c80	c80	c80	c80	c80	c80	c80	c80	c80	c80	c80	c80	c80	c80	c80	c80	c80	c80	c80	c80	c80	c80	c80	c80	c80	c80	c80	c80	c80	c80	c80	c80	c80	c80	c80	c80	c80	c80	c80	c80	c80	c80	c80	c80	c80	c80	c80	c80	c80	c80	c80	c80	c80	c80	c80	c80	c80	c80	c80	c80	c80	c80	c80	c80	c80	c80	c80	c80	c80	c80	c80	c80	c80	c80	c80	c80	c80	c80	c80	c80	c80	c80	c80	c80
c80	c80	c80	c80	c80	c80	c80	c80	c80	c80	c80	c80	c80	c80	c80	c80	c80	c80	c80	c80	c80	c80	c80	c80	c80	c80	c80	c80	c80	c80	c80	c80	c80	c80	c80	c80	c80	c80	c80	c80	c80	c80	c80	c80	c80	c80	c80	c80	c80	c80	c80	c80	c80	c80	c80	c80	c80	c80	c80	c80	c80	c80	c80	c80	c80	c80	c80	c80	c80	c80	c80	c80	c80	c80	c80	c80	c80	c80	c80	c80	c80	c80	c80	c80	c80	c80	c80	c80	c80	c80	c80	c80	c80	c80	c80	c80	c80	c80	c80	c80	c80	c80	c80	c80	c80	c80	c80	c80	c80	c80	c80	c80	c80	c80	c80	c80	c80	c80	c80	c80	c80	c80	c80	c80	c80	c80	c80	c80	c80	c80	c80	c80	c80	c80	c80	c80	c80	c80	c80	c80	c80	c80	c80	c80	c80	c80	c80	c80	c80	c80	c80	c80	c80	c80	c80	c80	c80	c80	c80	c80	c80	c80	c80	c80	c80	c80	c80	c80	c80	c80	c80	c80	c80	c80	c80	c80	c80	c80	c80	c80	c80	c80	c80	c80	c80	c80	c80	c80	c80	c80	c80	c80	c80	c80	c80	c80	c80	c80	c80	c80	c80	c80	c80	c80	c80	c80	c80	c80	c80	c80	c80	c80	c80	c80	c80	c80	c80	c80	c80	c80	c80	c80	c80	c80	c80	c80	c80	c80	c80	c80	c80	c80	c80	c80	c80	c80	c80	c80	c80	c80	c80	c80	c80	c80	c80	c80	c80	c80	c80	c80	c80	c80	c80	c80	c80	c80	c80	c80	c80	c80	c80	c80	c80	c80	c80	c80	c80	c80	c80	c80	c80	c80	c80	c80	c80	c80	c80	c80	c80	c80	c80	c80	c80	c80	c80	c80	c80	c80	c80	c80	c80	c80	c80	c80	c80	c80	c80	c80	c80	c80	c80	c80	c80	c80	c80	c80	c80	c80	c80	c80	c80	c80	c80	c80	c80	c80	c80	c80	c80	c80	c80	c80	c80	c80	c80	c80	c80	c80	c80	c80	c80	c80	c80	c80	c80	c80	c80	c80	c80	c80	c80	c80	c80	c80	c80	c80	c80	c80	c80	c80	c80	c80	c80	c80	c80	c80	c80	c80	c80	c80	c80	c80	c80	c80	c80	c80	c80	c80	c80	c80	c80	c80	c80	c80	c80	c80	c80	c80	c80	c80	c80	c80	c80	c80	c80	c80	c80	c80	c80	c80	c80	c80	c80	c80	c80	c80	c80	c80	c80	c80	c80	c80	c80	c80	c80	c80	c80	c80	c80	c80	c80	c80	c80	c80	c80	c80	c80	c80	c80	c80	c80	c80	c80	c80	c80	c80	c80	c80	c80	c80	c80	c80	c80	c80	c80	c80	c80	c80	c80	c80	c80	c80	c80	c80	c80	c80	c80	c80	c80	c80	c80	c80	c80	c80	c80	c80	c80	c80	c80	c80	c80	c80	c80	c80	c80	c80	c80	c80	c80	c80	c80	c80	c80	c80	c80	c80	c80	c80	c80	c80	c80	c80	c80	c80	c80	c80	c80	c80	c80	c80	c80	c80	c80	c80	c80	c80	c80	c80	c80	c80	c80	c80	c80	c80	c80	c80	c80	c80	c80	c80	c80	c80
c80	c80	c80	c80	c80	c80	c80	c80	c80	c80	c80	c80	c80	c80	c80	c80	c80	c80	c80	c80	c80	c80	c80	c80	c80	c80	c80	c80	c80	c80	c80	c80	c80	c80	c80	c80	c80	c80	c80	c80	c80	c80	c80	c80	c80	c80	c80	c80	c80	c80	c80	c80	c80	c80	c80	c80	c80	c80	c80	c80	c80	c80	c80	c80	c80	c80	c80	c80	c80	c80	c80	c80	c80	c80	c80	c80	c80	c80	c80	c80	c80	c80	c80	c80	c80	c80	c80	c80	c80	c80	c80	c80	c80	c80	c80	c80	c80	c80	c80	c80	c80	c80	c80	c80	c80	c80	c80	c80	c80	c80	c80	c80	c80	c80	c80	c80	c80	c80	c80	c80	c80	c80	c80	c80	c80	c80	c80	c80	c80	c80	c80	c80	c80	c80	c80	c80	c80	c80	c80	c80	c80	c80	c80	c80	c80	c80	c80	c80	c80	c80	c80	c80	c80	c80	c80	c80	c80	c80	c80	c80	c80	c80	c80	c80	c80	c80	c80	c80	c80	c80	c80	c80	c80	c80	c80	c80	c80	c80	c80	c80	c80	c80	c80	c80	c80	c80	c80	c80	c80	c80	c80	c80	c80	c80	c80	c80	c80	c80	c80	c80	c80	c80	c80	c80	c80	c80	c80	c80	c80	c80	c80	c80	c80	c80	c80	c80	c80	c80	c80	c80	c80	c80	c80	c80	c80	c80	c80	c80	c80	c80	c80	c80	c80	c80	c80	c80	c80	c80	c80	c80	c80	c80	c80	c80	c80	c80	c80	c80	c80	c80	c80	c80	c80	c80	c80	c80	c80	c80	c80	c80	c80	c80	c80	c80	c80	c80	c80	c80	c80	c80	c80	c80	c80	c80	c80	c80	c80	c80	c80	c80	c80	c80	c80	c80	c80	c80	c80	c80	c80	c80	c80	c80	c80	c80	c80	c80	c80	c80	c80	c80	c80	c80	c80	c80	c80	c80	c80	c80	c80	c80	c80	c80	c80	c80	c80	c80	c80	c80	c80	c80	c80	c80	c80	c80	c80	c80	c80	c80	c80	c80	c80	c80	c80	c80	c80	c80	c80	c80	c80	c80	c80	c80	c80	c80	c80	c80	c80	c80	c80	c80	c80	c80	c80	c80	c80	c80	c80	c80	c80	c80	c80	c80	c80	c80	c80	c80	c80	c80	c80	c80	c80	c80	c80	c80	c80	c80	c80	c80	c80	c80	c80	c80	c80	c80	c80	c80	c80	c80	c80	c80	c80	c80	c80	c80	c80	c80	c80	c80	c80	c80	c80	c80	c80	c80	c80	c80	c80	c80	c80	c80	c80	c80	c80	c80	c80	c80	c80	c80	c80	c80	c80	c80	c80	c80	c80	c80	c80	c80	c80	c80	c80	c80	c80	c80	c80	c80	c80	c80	c80	c80	c80	c80	c80	c80	c80	c80	c80	c80	c80	c80	c80	c80	c80	c80	c80	c80	c80	c80	c80	c80	c80	c80	c80	c80	c80	c80	c80	c80	c80	c80	c80	c80	c80	c80	c80	c80	c80	c80	c80	c80	c80	c80	c80	c80	c80	c80	c80	c80	c80	c80	c80	c80	c80	c80	c80	c80	c80	c80	c80	c80	c80	c80	c80	c80	c80	c80	c80	c80	c80	c80	c80	c80
c80	c80	c80	c80	c80	c80	c80	c80	c80	c80	c80	c80	c80	c80	c80	c80	c80	c80	c80	c80	c80	c80	c80	c80	c80	c80	c80	c80	c80	c80	c80	c80	c80	c80	c80	c80	c80	c80	c80	c80	c80	c80	c80	c80	c80	c80	c80	c80	c80	c80	c80	c80	c80	c80	c80	c80	c80	c80	c80	c80	c80	c80	c80	c80	c80	c80	c80	c80	c80	c80	c80	c80	c80	c80	c80	c80	c80	c80	c80	c80	c80	c80	c80	c80	c80	c80	c80	c80	c80	c80	c80	c80	c80	c80	c80	c80	c80	c80	c80	c80	c80	c80	c80	c80	c80	c80	c80	c80	c80	c80	c80	c80	c80	c80	c80	c80	c80	c80	c80	c80	c80	c80	c80	c80	c80	c80	c80	c80	c80	c80	c80	c80	c80	c80	c80	c80	c80	c80	c80	c80	c80	c80	c80	c80	c80	c80	c80	c80	c80	c80	c80	c80	c80	c80	c80	c80	c80	c80	c80	c80	c80	c80	c80	c80	c80	c80	c80	c80	c80	c80	c80	c80	c80	c80	c80	c80	c80	c80	c80	c80	c80	c80	c80	c80	c80	c80	c80	c80	c80	c80	c80	c80	c80	c80	c80	c80	c80	c80	c80	c80	c80	c80	c80	c80	c80	c80	c80	c80	c80	c80	c80	c80	c80	c80	c80	c80	c80	c80	c80	c80	c80	c80	c80	c80	c80	c80	c80	c80	c80	c80	c80	c80	c80	c80	c80	c80	c80	c80	c80	c80	c80	c80	c80	c80	c80	c80	c80	c80	c80	c80	c80	c80	c80	c80	c80	c80	c80	c80	c80	c80	c80	c80	c80	c80	c80	c80	c80	c80	c80	c80	c80	c80	c80	c80	c80	c80	c80	c80	c80	c80	c80	c80	c80	c80	c80	c80	c80	c80	c80	c80	c80	c80	c80	c80	c80	c80	c80	c80	c80	c80	c80	c80	c80	c80	c80	c80	c80	c80	c80	c80	c80	c80	c80	c80	c80	c80	c80	c80	c80	c80	c80	c80	c80	c80	c80	c80	c80	c80	c80	c80	c80	c80	c80	c80	c80	c80	c80	c80	c80	c80	c80	c80	c80	c80	c80	c80	c80	c80	c80	c80	c80	c80	c80	c80	c80	c80	c80	c80	c80	c80	c80	c80	c80	c80	c80	c80	c80	c80	c80	c80	c80	c80	c80	c80	c80	c80	c80	c80	c80	c80	c80	c80	c80	c80	c80	c80	c80	c80	c80	c80	c80	c80	c80	c80	c80	c80	c80	c80	c80	c80	c80	c80	c80	c80	c80	c80	c80	c80	c80	c80	c80	c80	c80	c80	c80	c80	c80	c80	c80	c80	c80	c80	c80	c80	c80	c80	c80	c80	c80	c80	c80	c80	c80	c80	c80	c80	c80	c80	c80	c80	c80	c80	c80	c80	c80	c80	c80	c80	c80	c80	c80	c80	c80	c80	c80	c80	c80	c80	c80	c80	c80	c80	c80	c80	c80	c80	c80	c80	c80	c80	c80	c80	c80	c80	c80	c80	c80	c80	c80	c80	c80	c80	c80	c80	c80	c80	c80	c80	c80	c80	c80	c80	c80	c80	c80	c80	c80	c80	c80	c80	c80	c80	c80	c80	c80	c80	c80	c80	c80	c80	c80	c80
c80	c80	c80	c80	c80	c80	c80	c80	c80	c80	c80	c80	c80	c80	c80	c80	c80	c80	c80	c80	c80	c80	c80	c80	c80	c80	c80	c80	c80	c80	c80	c80	c80	c80	c80	c80	c80	c80	c80	c80	c80	c80	c80	c80	c80	c80	c80	c80	c80	c80	c80	c80	c80	c80	c80	c80	c80	c80	c80	c80	c80	c80	c80	c80	c80	c80	c80	c80	c80	c80	c80	c80	c80	c80	c80	c80	c80	c80	c80	c80	c80	c80	c80	c80	c80	c80	c80	c80	c80	c80	c80	c80	c80	c80	c80	c80	c80	c80	c80	c80	c80	c80	c80	c80	c80	c80	c80	c80	c80	c80	c80	c80	c80	c80	c80	c80	c80	c80	c80	c80	c80	c80	c80	c80	c80	c80	c80	c80	c80	c80	c80	c80	c80	c80	c80	c80	c80	c80	c80	c80	c80	c80	c80	c80	c80	c80	c80	c80	c80	c80	c80	c80	c80	c80	c80	c80	c80	c80	c80	c80	c80	c80	c80	c80	c80	c80	c80	c80	c80	c80	c80	c80	c80	c80	c80	c80	c80	c80	c80	c80	c80	c80	c80	c80	c80	c80	c80	c80	c80	c80	c80	c80	c80	c80	c80	c80	c80	c80	c80	c80	c80	c80	c80	c80	c80	c80	c80	c80	c80	c80	c80	c80	c80	c80	c80	c80	c80	c80	c80	c80	c80	c80	c80	c80	c80	c80	c80	c80	c80	c80	c80	c80	c80	c80	c80	c80	c80	c80	c80	c80	c80	c80	c80	c80	c80	c80	c80	c80	c80	c80	c80	c80	c80	c80	c80	c80	c80	c80	c80	c80	c80	c80	c80	c80	c80	c80	c80	c80	c80	c80	c80	c80	c80	c80	c80	c80	c80	c80	c80	c80	c80	c80	c80	c80	c80	c80	c80	c80	c80	c80	c80	c80	c80	c80	c80	c80	c80	c80	c80	c80	c80	c80	c80	c80	c80	c80	c80	c80	c80	c80	c80	c80	c80	c80	c80	c80	c80	c80	c80	c80	c80	c80	c80	c80	c80	c80	c80	c80	c80	c80	c80	c80	c80	c80	c80	c80	c80	c80	c80	c80	c80	c80	c80	c80	c80	c80	c80	c80	c80	c80	c80	c80	c80	c80	c80	c80	c80	c80	c80	c80	c80	c80	c80	c80	c80	c80	c80	c80	c80	c80	c80	c80	c80	c80	c80	c80	c80	c80	c80	c80	c80	c80	c80	c80	c80	c80	c80	c80	c80	c80	c80	c80	c80	c80	c80	c80	c80	c80	c80	c80	c80	c80	c80	c80	c80	c80	c80	c80	c80	c80	c80	c80	c80	c80	c80	c80	c80	c80	c80	c80	c80	c80	c80	c80	c80	c80	c80	c80	c80	c80	c80	c80	c80	c80	c80	c80	c80	c80	c80	c80	c80	c80	c80	c80	c80	c80	c80	c80	c80	c80	c80	c80	c80	c80	c80	c80	c80	c80	c80	c80	c80	c80	c80	c80	c80	c80	c80	c80	c80	c80	c80	c80	c80	c80	c80	c80	c80	c80	c80	c80	c80	c80	c80	c80	c80	c80	c80	c80	c80	c80	c80	c80	c80	c80	c80	c80	c80	c80	c80	c80	c80	c80	c80	c80	c80	c80	c80	c80	c80	c80	c80	c80
c80	c80	c80	c80	c80	c80	c80	c80	c80	c80	c80	c80	c80	c80	c80	c80	c80	c80	c80	c80	c80	c80	c80	c80	c80	c80	c80	c80	c80	c80	c80	c80	c80	c80	c80	c80	c80	c80	c80	c80	c80	c80	c80	c80	c80	c80	c80	c80	c80	c80	c80	c80	c80	c80	c80	c80	c80	c80	c80	c80	c80	c80	c80	c80	c80	c80	c80	c80	c80	c80	c80	c80	c80	c80	c80	c80	c80	c80	c80	c80	c80	c80	c80	c80	c80	c80	c80	c80	c80	c80	c80	c80	c80	c80	c80	c80	c80	c80	c80	c80	c80	c80	c80	c80	c80	c80	c80	c80	c80	c80	c80	c80	c80	c80	c80	c80	c80	c80	c80	c80	c80	c80	c80	c80	c80	c80	c80	c80	c80	c80	c80	c80	c80	c80	c80	c80	c80	c80	c80	c80	c80	c80	c80	c80	c80	c80	c80	c80	c80	c80	c80	c80	c80	c80	c80	c80	c80	c80	c80	c80	c80	c80	c80	c80	c80	c80	c80	c80	c80	c80	c80	c80	c80	c80	c80	c80	c80	c80	c80	c80	c80	c80	c80	c80	c80	c80	c80	c80	c80	c80	c80	c80	c80	c80	c80	c80	c80	c80	c80	c80	c80	c80	c80	c80	c80	c80	c80	c80	c80	c80	c80	c80	c80	c80	c80	c80	c80	c80	c80	c80	c80	c80	c80	c80	c80	c80	c80	c80	c80	c80	c80	c80	c80	c80	c80	c80	c80	c80	c80	c80	c80	c80	c80	c80	c80	c80	c80	c80	c80	c80	c80	c80	c80	c80	c80	c80	c80	c80	c80	c80	c80	c80	c80	c80	c80	c80	c80	c80	c80	c80	c80	c80	c80	c80	c80	c80	c80	c80	c80	c80	c80	c80	c80	c80	c80	c80	c80	c80	c80	c80	c80	c80	c80	c80	c80	c80	c80	c80	c80	c80	c80	c80	c80	c80	c80	c80	c80	c80	c80	c80	c80	c80	c80	c80	c80	c80	c80	c80	c80	c80	c80	c80	c80	c80	c80	c80	c80	c80	c80	c80	c80	c80	c80	c80	c80	c80	c80	c80	c80	c80	c80	c80	c80	c80	c80	c80	c80	c80	c80	c80	c80	c80	c80	c80	c80	c80	c80	c80	c80	c80	c80	c80	c80	c80	c80	c80	c80	c80	c80	c80	c80	c80	c80	c80	c80	c80	c80	c80	c80	c80	c80	c80	c80	c80	c80	c80	c80	c80	c80	c80	c80	c80	c80	c80	c80	c80	c80	c80	c80	c80	c80	c80	c80	c80	c80	c80	c80	c80	c80	c80	c80	c80	c80	c80	c80	c80	c80	c80	c80	c80	c80	c80	c80	c80	c80	c80	c80	c80	c80	c80	c80	c80	c80	c80	c80	c80	c80	c80	c80	c80	c80	c80	c80	c80	c80	c80	c80	c80	c80	c80	c80	c80	c80	c80	c80	c80	c80	c80	c80	c80	c80	c80	c80	c80	c80	c80	c80	c80	c80	c80	c80	c80	c80	c80	c80	c80	c80	c80	c80	c80	c80	c80	c80	c80	c80	c80	c80	c80	c80	c80	c80	c80	c80	c80	c80	c80	c80	c80	c80	c80	c80	c80	c80	c80	c80	c80	c80	c80	c80	c80	c80	c80
c80	c80	c80	c80	c80	c80	c80	c80	c80	c80	c80	c80	c80	c80	c80	c80	c80	c80	c80	c80	c80	c80	c80	c80	c80	c80	c80	c80	c80	c80	c80	c80	c80	c80	c80	c80	c80	c80	c80	c80	c80	c80	c80	c80	c80	c80	c80	c80	c80	c80	c80	c80	c80	c80	c80	c80	c80	c80	c80	c80	c80	c80	c80	c80	c80	c80	c80	c80	c80	c80	c80	c80	c80	c80	c80	c80	c80	c80	c80	c80	c80	c80	c80	c80	c80	c80	c80	c80	c80	c80	c80	c80	c80	c80	c80	c80	c80	c80	c80	c80	c80	c80	c80	c80	c80	c80	c80	c80	c80	c80	c80	c80	c80	c80	c80	c80	c80	c80	c80	c80	c80	c80	c80	c80	c80	c80	c80	c80	c80	c80	c80	c80	c80	c80	c80	c80	c80	c80	c80	c80	c80	c80	c80	c80	c80	c80	c80	c80	c80	c80	c80	c80	c80	c80	c80	c80	c80	c80	c80	c80	c80	c80	c80	c80	c80	c80	c80	c80	c80	c80	c80	c80	c80	c80	c80	c80	c80	c80	c80	c80	c80	c80	c80	c80	c80	c80	c80	c80	c80	c80	c80	c80	c80	c80	c80	c80	c80	c80	c80	c80	c80	c80	c80	c80	c80	c80	c80	c80	c80	c80	c80	c80	c80	c80	c80	c80	c80	c80	c80	c80	c80	c80	c80	c80	c80	c80	c80	c80	c80	c80	c80	c80	c80	c80	c80	c80	c80	c80	c80	c80	c80	c80	c80	c80	c80	c80	c80	c80	c80	c80	c80	c80	c80	c80	c80	c80	c80	c80	c80	c80	c80	c80	c80	c80	c80	c80	c80	c80	c80	c80	c80	c80	c80	c80	c80	c80	c80	c80	c80	c80	c80	c80	c80	c80	c80	c80	c80	c80	c80	c80	c80	c80	c80	c80	c80	c80	c80	c80	c80	c80	c80	c80	c80	c80	c80	c80	c80	c80	c80	c80	c80	c80	c80	c80	c80	c80	c80	c80	c80	c80	c80	c80	c80	c80	c80	c80	c80	c80	c80	c80	c80	c80	c80	c80	c80	c80	c80	c80	c80	c80	c80	c80	c80	c80	c80	c80	c80	c80	c80	c80	c80	c80	c80	c80	c80	c80	c80	c80	c80	c80	c80	c80	c80	c80	c80	c80	c80	c80	c80	c80	c80	c80	c80	c80	c80	c80	c80	c80	c80	c80	c80	c80	c80	c80	c80	c80	c80	c80	c80	c80	c80	c80	c80	c80	c80	c80	c80	c80	c80	c80	c80	c80	c80	c80	c80	c80	c80	c80	c80	c80	c80	c80	c80	c80	c80	c80	c80	c80	c80	c80	c80	c80	c80	c80	c80	c80	c80	c80	c80	c80	c80	c80	c80	c80	c80	c80	c80	c80	c80	c80	c80	c80	c80	c80	c80	c80	c80	c80	c80	c80	c80	c80	c80	c80	c80	c80	c80	c80	c80	c80	c80	c80	c80	c80	c80	c80	c80	c80	c80	c80	c80	c80	c80	c80	c80	c80	c80	c80	c80	c80	c80	c80	c80	c80	c80	c80	c80	c80	c80	c80	c80	c80	c80	c80	c80	c80	c80	c80	c80	c80	c80	c80	c80	c80	c80	c80	c80	c80	c80	c80	c80	c80
c80	c80	c80	c80	c80	c80	c80	c80	c80	c80	c80	c80	c80	c80	c80	c80	c80	c80	c80	c80	c80	c80	c80	c80	c80	c80	c80	c80	c80	c80	c80	c80	c80	c80	c80	c80	c80	c80	c80	c80	c80	c80	c80	c80	c80	c80	c80	c80	c80	c80	c80	c80	c80	c80	c80	c80	c80	c80	c80	c80	c80	c80	c80	c80	c80	c80	c80	c80	c80	c80	c80	c80	c80	c80	c80	c80	c80	c80	c80	c80	c80	c80	c80	c80	c80	c80	c80	c80	c80	c80	c80	c80	c80	c80	c80	c80	c80	c80	c80	c80	c80	c80	c80	c80	c80	c80	c80	c80	c80	c80	c80	c80	c80	c80	c80	c80	c80	c80	c80	c80	c80	c80	c80	c80	c80	c80	c80	c80	c80	c80	c80	c80	c80	c80	c80	c80	c80	c80	c80	c80	c80	c80	c80	c80	c80	c80	c80	c80	c80	c80	c80	c80	c80	c80	c80	c80	c80	c80	c80	c80	c80	c80	c80	c80	c80	c80	c80	c80	c80	c80	c80	c80	c80	c80	c80	c80	c80	c80	c80	c80	c80	c80	c80	c80	c80	c80	c80	c80	c80	c80	c80	c80	c80	c80	c80	c80	c80	c80	c80	c80	c80	c80	c80	c80	c80	c80	c80	c80	c80	c80	c80	c80	c80	c80	c80	c80	c80	c80	c80	c80	c80	c80	c80	c80	c80	c80	c80	c80	c80	c80	c80	c80	c80	c80	c80	c80	c80	c80	c80	c80	c80	c80	c80	c80	c80	c80	c80	c80	c80	c80	c80	c80	c80	c80	c80	c80	c80	c80	c80	c80	c80	c80	c80	c80	c80	c80	c80	c80	c80	c80	c80	c80	c80	c80	c80	c80	c80	c80	c80	c80	c80	c80	c80	c80	c80	c80	c80	c80	c80	c80	c80	c80	c80	c80	c80	c80	c80	c80	c80	c80	c80	c80	c80	c80	c80	c80	c80	c80	c80	c80	c80	c80	c80	c80	c80	c80	c80	c80	c80	c80	c80	c80	c80	c80	c80	c80	c80	c80	c80	c80	c80	c80	c80	c80	c80	c80	c80	c80	c80	c80	c80	c80	c80	c80	c80	c80	c80	c80	c80	c80	c80	c80	c80	c80	c80	c80	c80	c80	c80	c80	c80	c80	c80	c80	c80	c80	c80	c80	c80	c80	c80	c80	c80	c80	c80	c80	c80	c80	c80	c80	c80	c80	c80	c80	c80	c80	c80	c80	c80	c80	c80	c80	c80	c80	c80	c80	c80	c80	c80	c80	c80	c80	c80	c80	c80	c80	c80	c80	c80	c80	c80	c80	c80	c80	c80	c80	c80	c80	c80	c80	c80	c80	c80	c80	c80	c80	c80	c80	c80	c80	c80	c80	c80	c80	c80	c80	c80	c80	c80	c80	c80	c80	c80	c80	c80	c80	c80	c80	c80	c80	c80	c80	c80	c80	c80	c80	c80	c80	c80	c80	c80	c80	c80	c80	c80	c80	c80	c80	c80	c80	c80	c80	c80	c80	c80	c80	c80	c80	c80	c80	c80	c80	c80	c80	c80	c80	c80	c80	c80	c80	c80	c80	c80	c80	c80	c80	c80	c80	c80	c80	c80	c80	c80	c80	c80	c80	c80	c80	c80	c80	c80	c80
c80	c80	c80	c80	c80	c80	c80	c80	c80	c80	c80	c80	c80	c80	c80	c80	c80	c80	c80	c80	c80	c80	c80	c80	c80	c80	c80	c80	c80	c80	c80	c80	c80	c80	c80	c80	c80	c80	c80	c80	c80	c80	c80	c80	c80	c80	c80	c80	c80	c80	c80	c80	c80	c80	c80	c80	c80	c80	c80	c80	c80	c80	c80	c80	c80	c80	c80	c80	c80	c80	c80	c80	c80	c80	c80	c80	c80	c80	c80	c80	c80	c80	c80	c80	c80	c80	c80	c80	c80	c80	c80	c80	c80	c80	c80	c80	c80	c80	c80	c80	c80	c80	c80	c80	c80	c80	c80	c80	c80	c80	c80	c80	c80	c80	c80	c80	c80	c80	c80	c80	c80	c80	c80	c80	c80	c80	c80	c80	c80	c80	c80	c80	c80	c80	c80	c80	c80	c80	c80	c80	c80	c80	c80	c80	c80	c80	c80	c80	c80	c80	c80	c80	c80	c80	c80	c80	c80	c80	c80	c80	c80	c80	c80	c80	c80	c80	c80	c80	c80	c80	c80	c80	c80	c80	c80	c80	c80	c80	c80	c80	c80	c80	c80	c80	c80	c80	c80	c80	c80	c80	c80	c80	c80	c80	c80	c80	c80	c80	c80	c80	c80	c80	c80	c80	c80	c80	c80	c80	c80	c80	c80	c80	c80	c80	c80	c80	c80	c80	c80	c80	c80	c80	c80	c80	c80	c80	c80	c80	c80	c80	c80	c80	c80	c80	c80	c80	c80	c80	c80	c80	c80	c80	c80	c80	c80	c80	c80	c80	c80	c80	c80	c80	c80	c80	c80	c80	c80	c80	c80	c80	c80	c80	c80	c80	c80	c80	c80	c80	c80	c80	c80	c80	c80	c80	c80	c80	c80	c80	c80	c80	c80	c80	c80	c80	c80	c80	c80	c80	c80	c80	c80	c80	c80	c80	c80	c80	c80	c80	c80	c80	c80	c80	c80	c80	c80	c80	c80	c80	c80	c80	c80	c80	c80	c80	c80	c80	c80	c80	c80	c80	c80	c80	c80	c80	c80	c80	c80	c80	c80	c80	c80	c80	c80	c80	c80	c80	c80	c80	c80	c80	c80	c80	c80	c80	c80	c80	c80	c80	c80	c80	c80	c80	c80	c80	c80	c80	c80	c80	c80	c80	c80	c80	c80	c80	c80	c80	c80	c80	c80	c80	c80	c80	c80	c80	c80	c80	c80	c80	c80	c80	c80	c80	c80	c80	c80	c80	c80	c80	c80	c80	c80	c80	c80	c80	c80	c80	c80	c80	c80	c80	c80	c80	c80	c80	c80	c80	c80	c80	c80	c80	c80	c80	c80	c80	c80	c80	c80	c80	c80	c80	c80	c80	c80	c80	c80	c80	c80	c80	c80	c80	c80	c80	c80	c80	c80	c80	c80	c80	c80	c80	c80	c80	c80	c80	c80	c80	c80	c80	c80	c80	c80	c80	c80	c80	c80	c80	c80	c80	c80	c80	c80	c80	c80	c80	c80	c80	c80	c80	c80	c80	c80	c80	c80	c80	c80	c80	c80	c80	c80	c80	c80	c80	c80	c80	c80	c80	c80	c80	c80	c80	c80	c80	c80	c80	c80	c80	c80	c80	c80	c80	c80	c80	c80	c80	c80	c80	c80	c80	c80	c80	c80	c80
c80	c80	c80	c80	c80	c80	c80	c80	c80	c80	c80	c80	c80	c80	c80	c80	c80	c80	c80	c80	c80	c80	c80	c80	c80	c80	c80	c80	c80	c80	c80	c80	c80	c80	c80	c80	c80	c80	c80	c80	c80	c80	c80	c80	c80	c80	c80	c80	c80	c80	c80	c80	c80	c80	c80	c80	c80	c80	c80	c80	c80	c80	c80	c80	c80	c80	c80	c80	c80	c80	c80	c80	c80	c80	c80	c80	c80	c80	c80	c80	c80	c80	c80	c80	c80	c80	c80	c80	c80	c80	c80	c80	c80	c80	c80	c80	c80	c80	c80	c80	c80	c80	c80	c80	c80	c80	c80	c80	c80	c80	c80	c80	c80	c80	c80	c80	c80	c80	c80	c80	c80	c80	c80	c80	c80	c80	c80	c80	c80	c80	c80	c80	c80	c80	c80	c80	c80	c80	c80	c80	c80	c80	c80	c80	c80	c80	c80	c80	c80	c80	c80	c80	c80	c80	c80	c80	c80	c80	c80	c80	c80	c80	c80	c80	c80	c80	c80	c80	c80	c80	c80	c80	c80	c80	c80	c80	c80	c80	c80	c80	c80	c80	c80	c80	c80	c80	c80	c80	c80	c80	c80	c80	c80	c80	c80	c80	c80	c80	c80	c80	c80	c80	c80	c80	c80	c80	c80	c80	c80	c80	c80	c80	c80	c80	c80	c80	c80	c80	c80	c80	c80	c80	c80	c80	c80	c80	c80	c80	c80	c80	c80	c80	c80	c80	c80	c80	c80	c80	c80	c80	c80	c80	c80	c80	c80	c80	c80	c80	c80	c80	c80	c80	c80	c80	c80	c80	c80	c80	c80	c80	c80	c80	c80	c80	c80	c80	c80	c80	c80	c80	c80	c80	c80	c80	c80	c80	c80	c80	c80	c80	c80	c80	c80	c80	c80	c80	c80	c80	c80	c80	c80	c80	c80	c80	c80	c80	c80	c80	c80	c80	c80	c80	c80	c80	c80	c80	c80	c80	c80	c80	c80	c80	c80	c80	c80	c80	c80	c80	c80	c80	c80	c80	c80	c80	c80	c80	c80	c80	c80	c80	c80	c80	c80	c80	c80	c80	c80	c80	c80	c80	c80	c80	c80	c80	c80	c80	c80	c80	c80	c80	c80	c80	c80	c80	c80	c80	c80	c80	c80	c80	c80	c80	c80	c80	c80	c80	c80	c80	c80	c80	c80	c80	c80	c80	c80	c80	c80	c80	c80	c80	c80	c80	c80	c80	c80	c80	c80	c80	c80	c80	c80	c80	c80	c80	c80	c80	c80	c80	c80	c80	c80	c80	c80	c80	c80	c80	c80	c80	c80	c80	c80	c80	c80	c80	c80	c80	c80	c80	c80	c80	c80	c80	c80	c80	c80	c80	c80	c80	c80	c80	c80	c80	c80	c80	c80	c80	c80	c80	c80	c80	c80	c80	c80	c80	c80	c80	c80	c80	c80	c80	c80	c80	c80	c80	c80	c80	c80	c80	c80	c80	c80	c80	c80	c80	c80	c80	c80	c80	c80	c80	c80	c80	c80	c80	c80	c80	c80	c80	c80	c80	c80	c80	c80	c80	c80	c80	c80	c80	c80	c80	c80	c80	c80	c80	c80	c80	c80	c80	c80	c80	c80	c80	c80	c80	c80	c80	c80	c80	c80	c80	c80	c80
c80	c80	c80	c80	c80	c80	c80	c80	c80	c80	c80	c80	c80	c80	c80	c80	c80	c80	c80	c80	c80	c80	c80	c80	c80	c80	c80	c80	c80	c80	c80	c80	c80	c80	c80	c80	c80	c80	c80	c80	c80	c80	c80	c80	c80	c80	c80	c80	c80	c80	c80	c80	c80	c80	c80	c80	c80	c80	c80	c80	c80	c80	c80	c80	c80	c80	c80	c80	c80	c80	c80	c80	c80	c80	c80	c80	c80	c80	c80	c80	c80	c80	c80	c80	c80	c80	c80	c80	c80	c80	c80	c80	c80	c80	c80	c80	c80	c80	c80	c80	c80	c80	c80	c80	c80	c80	c80	c80	c80	c80	c80	c80	c80	c80	c80	c80	c80	c80	c80	c80	c80	c80	c80	c80	c80	c80	c80	c80	c80	c80	c80	c80	c80	c80	c80	c80	c80	c80	c80	c80	c80	c80	c80	c80	c80	c80	c80	c80	c80	c80	c80	c80	c80	c80	c80	c80	c80	c80	c80	c80	c80	c80	c80	c80	c80	c80	c80	c80	c80	c80	c80	c80	c80	c80	c80	c80	c80	c80	c80	c80	c80	c80	c80	c80	c80	c80	c80	c80	c80	c80	c80	c80	c80	c80	c80	c80	c80	c80	c80	c80	c80	c80	c80	c80	c80	c80	c80	c80	c80	c80	c80	c80	c80	c80	c80	c80	c80	c80	c80	c80	c80	c80	c80	c80	c80	c80	c80	c80	c80	c80	c80	c80	c80	c80	c80	c80	c80	c80	c80	c80	c80	c80	c80	c80	c80	c80	c80	c80	c80	c80	c80	c80	c80	c80	c80	c80	c80	c80	c80	c80	c80	c80	c80	c80	c80	c80	c80	c80	c80	c80	c80	c80	c80	c80	c80	c80	c80	c80	c80	c80	c80	c80	c80	c80	c80	c80	c80	c80	c80	c80	c80	c80	c80	c80	c80	c80	c80	c80	c80	c80	c80	c80	c80	c80	c80	c80	c80	c80	c80	c80	c80	c80	c80	c80	c80	c80	c80	c80	c80	c80	c80	c80	c80	c80	c80	c80	c80	c80	c80	c80	c80	c80	c80	c80	c80	c80	c80	c80	c80	c80	c80	c80	c80	c80	c80	c80	c80	c80	c80	c80	c80	c80	c80	c80	c80	c80	c80	c80	c80	c80	c80	c80	c80	c80	c80	c80	c80	c80	c80	c80	c80	c80	c80	c80	c80	c80	c80	c80	c80	c80	c80	c80	c80	c80	c80	c80	c80	c80	c80	c80	c80	c80	c80	c80	c80	c80	c80	c80	c80	c80	c80	c80	c80	c80	c80	c80	c80	c80	c80	c80	c80	c80	c80	c80	c80	c80	c80	c80	c80	c80	c80	c80	c80	c80	c80	c80	c80	c80	c80	c80	c80	c80	c80	c80	c80	c80	c80	c80	c80	c80	c80	c80	c80	c80	c80	c80	c80	c80	c80	c80	c80	c80	c80	c80	c80	c80	c80	c80	c80	c80	c80	c80	c80	c80	c80	c80	c80	c80	c80	c80	c80	c80	c80	c80	c80	c80	c80	c80	c80	c80	c80	c80	c80	c80	c80	c80	c80	c80	c80	c80	c80	c80	c80	c80	c80	c80	c80	c80	c80	c80	c80	c80	c80	c80	c80	c80	c80	c80	c80	c80	c80	c80
c80	c80	c80	c80	c80	c80	c80	c80	c80	c80	c80	c80	c80	c80	c80	c80	c80	c80	c80	c80	c80	c80	c80	c80	c80	c80	c80	c80	c80	c80	c80	c80	c80	c80	c80	c80	c80	c80	c80	c80	c80	c80	c80	c80	c80	c80	c80	c80	c80	c80	c80	c80	c80	c80	c80	c80	c80	c80	c80	c80	c80	c80	c80	c80	c80	c80	c80	c80	c80	c80	c80	c80	c80	c80	c80	c80	c80	c80	c80	c80	c80	c80	c80	c80	c80	c80	c80	c80	c80	c80	c80	c80	c80	c80	c80	c80	c80	c80	c80	c80	c80	c80	c80	c80	c80	c80	c80	c80	c80	c80	c80	c80	c80	c80	c80	c80	c80	c80	c80	c80	c80	c80	c80	c80	c80	c80	c80	c80	c80	c80	c80	c80	c80	c80	c80	c80	c80	c80	c80	c80	c80	c80	c80	c80	c80	c80	c80	c80	c80	c80	c80	c80	c80	c80	c80	c80	c80	c80	c80	c80	c80	c80	c80	c80	c80	c80	c80	c80	c80	c80	c80	c80	c80	c80	c80	c80	c80	c80	c80	c80	c80	c80	c80	c80	c80	c80	c80	c80	c80	c80	c80	c80	c80	c80	c80	c80	c80	c80	c80	c80	c80	c80	c80	c80	c80	c80	c80	c80	c80	c80	c80	c80	c80	c80	c80	c80	c80	c80	c80	c80	c80	c80	c80	c80	c80	c80	c80	c80	c80	c80	c80	c80	c80	c80	c80	c80	c80	c80	c80	c80	c80	c80	c80	c80	c80	c80	c80	c80	c80	c80	c80	c80	c80	c80	c80	c80	c80	c80	c80	c80	c80	c80	c80	c80	c80	c80	c80	c80	c80	c80	c80	c80	c80	c80	c80	c80	c80	c80	c80	c80	c80	c80	c80	c80	c80	c80	c80	c80	c80	c80	c80	c80	c80	c80	c80	c80	c80	c80	c80	c80	c80	c80	c80	c80	c80	c80	c80	c80	c80	c80	c80	c80	c80	c80	c80	c80	c80	c80	c80	c80	c80	c80	c80	c80	c80	c80	c80	c80	c80	c80	c80	c80	c80	c80	c80	c80	c80	c80	c80	c80	c80	c80	c80	c80	c80	c80	c80	c80	c80	c80	c80	c80	c80	c80	c80	c80	c80	c80	c80	c80	c80	c80	c80	c80	c80	c80	c80	c80	c80	c80	c80	c80	c80	c80	c80	c80	c80	c80	c80	c80	c80	c80	c80	c80	c80	c80	c80	c80	c80	c80	c80	c80	c80	c80	c80	c80	c80	c80	c80	c80	c80	c80	c80	c80	c80	c80	c80	c80	c80	c80	c80	c80	c80	c80	c80	c80	c80	c80	c80	c80	c80	c80	c80	c80	c80	c80	c80	c80	c80	c80	c80	c80	c80	c80	c80	c80	c80	c80	c80	c80	c80	c80	c80	c80	c80	c80	c80	c80	c80	c80	c80	c80	c80	c80	c80	c80	c80	c80	c80	c80	c80	c80	c80	c80	c80	c80	c80	c80	c80	c80	c80	c80	c80	c80	c80	c80	c80	c80	c80	c80	c80	c80	c80	c80	c80	c80	c80	c80	c80	c80	c80	c80	c80	c80	c80	c80	c80	c80	c80	c80	c80	c80	c80	c80	c80	c80	c80	c80	c80	c80	c80	c80
c80	c80	c80	c80	c80	c80	c80	c80	c80	c80	c80	c80	c80	c80	c80	c80	c80	c80	c80	c80	c80	c80	c80	c80	c80	c80	c80	c80	c80	c80	c80	c80	c80	c80	c80	c80	c80	c80	c80	c80	c80	c80	c80	c80	c80	c80	c80	c80	c80	c80	c80	c80	c80	c80	c80	c80	c80	c80	c80	c80	c80	c80	c80	c80	c80	c80	c80	c80	c80	c80	c80	c80	c80	c80	c80	c80	c80	c80	c80	c80	c80	c80	c80	c80	c80	c80	c80	c80	c80	c80	c80	c80	c80	c80	c80	c80	c80	c80	c80	c80	c80	c80	c80	c80	c80	c80	c80	c80	c80	c80	c80	c80	c80	c80	c80	c80	c80	c80	c80	c80	c80	c80	c80	c80	c80	c80	c80	c80	c80	c80	c80	c80	c80	c80	c80	c80	c80	c80	c80	c80	c80	c80	c80	c80	c80	c80	c80	c80	c80	c80	c80	c80	c80	c80	c80	c80	c80	c80	c80	c80	c80	c80	c80	c80	c80	c80	c80	c80	c80	c80	c80	c80	c80	c80	c80	c80	c80	c80	c80	c80	c80	c80	c80	c80	c80	c80	c80	c80	c80	c80	c80	c80	c80	c80	c80	c80	c80	c80	c80	c80	c80	c80	c80	c80	c80	c80	c80	c80	c80	c80	c80	c80	c80	c80	c80	c80	c80	c80	c80	c80	c80	c80	c80	c80	c80	c80	c80	c80	c80	c80	c80	c80	c80	c80	c80	c80	c80	c80	c80	c80	c80	c80	c80	c80	c80	c80	c80	c80	c80	c80	c80	c80	c80	c80	c80	c80	c80	c80	c80	c80	c80	c80	c80	c80	c80	c80	c80	c80	c80	c80	c80	c80	c80	c80	c80	c80	c80	c80	c80	c80	c80	c80	c80	c80	c80	c80	c80	c80	c80	c80	c80	c80	c80	c80	c80	c80	c80	c80	c80	c80	c80	c80	c80	c80	c80	c80	c80	c80	c80	c80	c80	c80	c80	c80	c80	c80	c80	c80	c80	c80	c80	c80	c80	c80	c80	c80	c80	c80	c80	c80	c80	c80	c80	c80	c80	c80	c80	c80	c80	c80	c80	c80	c80	c80	c80	c80	c80	c80	c80	c80	c80	c80	c80	c80	c80	c80	c80	c80	c80	c80	c80	c80	c80	c80	c80	c80	c80	c80	c80	c80	c80	c80	c80	c80	c80	c80	c80	c80	c80	c80	c80	c80	c80	c80	c80	c80	c80	c80	c80	c80	c80	c80	c80	c80	c80	c80	c80	c80	c80	c80	c80	c80	c80	c80	c80	c80	c80	c80	c80	c80	c80	c80	c80	c80	c80	c80	c80	c80	c80	c80	c80	c80	c80	c80	c80	c80	c80	c80	c80	c80	c80	c80	c80	c80	c80	c80	c80	c80	c80	c80	c80	c80	c80	c80	c80	c80	c80	c80	c80	c80	c80	c80	c80	c80	c80	c80	c80	c80	c80	c80	c80	c80	c80	c80	c80	c80	c80	c80	c80	c80	c80	c80	c80	c80	c80	c80	c80	c80	c80	c80	c80	c80	c80	c80	c80	c80	c80	c80	c80	c80	c80	c80	c80	c80	c80	c80	c80	c80	c80	c80	c80	c80	c80	c80	c80	c80	c80	c80	c80	c80	c80	c80
c80	c80	c80	c80	c80	c80	c80	c80	c80	c80	c80	c80	c80	c80	c80	c80	c80	c80	c80	c80	c80	c80	c80	c80	c80	c80	c80	c80	c80	c80	c80	c80	c80	c80	c80	c80	c80	c80	c80	c80	c80	c80	c80	c80	c80	c80	c80	c80	c80	c80	c80	c80	c80	c80	c80	c80	c80	c80	c80	c80	c80	c80	c80	c80	c80	c80	c80	c80	c80	c80	c80	c80	c80	c80	c80	c80	c80	c80	c80	c80	c80	c80	c80	c80	c80	c80	c80	c80	c80	c80	c80	c80	c80	c80	c80	c80	c80	c80	c80	c80	c80	c80	c80	c80	c80	c80	c80	c80	c80	c80	c80	c80	c80	c80	c80	c80	c80	c80	c80	c80	c80	c80	c80	c80	c80	c80	c80	c80	c80	c80	c80	c80	c80	c80	c80	c80	c80	c80	c80	c80	c80	c80	c80	c80	c80	c80	c80	c80	c80	c80	c80	c80	c80	c80	c80	c80	c80	c80	c80	c80	c80	c80	c80	c80	c80	c80	c80	c80	c80	c80	c80	c80	c80	c80	c80	c80	c80	c80	c80	c80	c80	c80	c80	c80	c80	c80	c80	c80	c80	c80	c80	c80	c80	c80	c80	c80	c80	c80	c80	c80	c80	c80	c80	c80	c80	c80	c80	c80	c80	c80	c80	c80	c80	c80	c80	c80	c80	c80	c80	c80	c80	c80	c80	c80	c80	c80	c80	c80	c80	c80	c80	c80	c80	c80	c80	c80	c80	c80	c80	c80	c80	c80	c80	c80	c80	c80	c80	c80	c80	c80	c80	c80	c80	c80	c80	c80	c80	c80	c80	c80	c80	c80	c80	c80	c80	c80	c80	c80	c80	c80	c80	c80	c80	c80	c80	c80	c80	c80	c80	c80	c80	c80	c80	c80	c80	c80	c80	c80	c80	c80	c80	c80	c80	c80	c80	c80	c80	c80	c80	c80	c80	c80	c80	c80	c80	c80	c80	c80	c80	c80	c80	c80	c80	c80	c80	c80	c80	c80	c80	c80	c80	c80	c80	c80	c80	c80	c80	c80	c80	c80	c80	c80	c80	c80	c80	c80	c80	c80	c80	c80	c80	c80	c80	c80	c80	c80	c80	c80	c80	c80	c80	c80	c80	c80	c80	c80	c80	c80	c80	c80	c80	c80	c80	c80	c80	c80	c80	c80	c80	c80	c80	c80	c80	c80	c80	c80	c80	c80	c80	c80	c80	c80	c80	c80	c80	c80	c80	c80	c80	c80	c80	c80	c80	c80	c80	c80	c80	c80	c80	c80	c80	c80	c80	c80	c80	c80	c80	c80	c80	c80	c80	c80	c80	c80	c80	c80	c80	c80	c80	c80	c80	c80	c80	c80	c80	c80	c80	c80	c80	c80	c80	c80	c80	c80	c80	c80	c80	c80	c80	c80	c80	c80	c80	c80	c80	c80	c80	c80	c80	c80	c80	c80	c80	c80	c80	c80	c80	c80	c80	c80	c80	c80	c80	c80	c80	c80	c80	c80	c80	c80	c80	c80	c80	c80	c80	c80	c80	c80	c80	c80	c80	c80	c80	c80	c80	c80	c80	c80	c80	c80	c80	c80	c80	c80	c80	c80	c80	c80	c80	c80	c80	c80	c80	c80	c80	c80	c80	c80	c80	c80	c80	c80
c80	c80	c80	c80	c80	c80	c80	c80	c80	c80	c80	c80	c80	c80	c80	c80	c80	c80	c80	c80	c80	c80	c80	c80	c80	c80	c80	c80	c80	c80	c80	c80	c80	c80	c80	c80	c80	c80	c80	c80	c80	c80	c80	c80	c80	c80	c80	c80	c80	c80	c80	c80	c80	c80	c80	c80	c80	c80	c80	c80	c80	c80	c80	c80	c80	c80	c80	c80	c80	c80	c80	c80	c80	c80	c80	c80	c80	c80	c80	c80	c80	c80	c80	c80	c80	c80	c80	c80	c80	c80	c80	c80	c80	c80	c80	c80	c80	c80	c80	c80	c80	c80	c80	c80	c80	c80	c80	c80	c80	c80	c80	c80	c80	c80	c80	c80	c80	c80	c80	c80	c80	c80	c80	c80	c80	c80	c80	c80	c80	c80	c80	c80	c80	c80	c80	c80	c80	c80	c80	c80	c80	c80	c80	c80	c80	c80	c80	c80	c80	c80	c80	c80	c80	c80	c80	c80	c80	c80	c80	c80	c80	c80	c80	c80	c80	c80	c80	c80	c80	c80	c80	c80	c80	c80	c80	c80	c80	c80	c80	c80	c80	c80	c80	c80	c80	c80	c80	c80	c80	c80	c80	c80	c80	c80	c80	c80	c80	c80	c80	c80	c80	c80	c80	c80	c80	c80	c80	c80	c80	c80	c80	c80	c80	c80	c80	c80	c80	c80	c80	c80	c80	c80	c80	c80	c80	c80	c80	c80	c80	c80	c80	c80	c80	c80	c80	c80	c80	c80	c80	c80	c80	c80	c80	c80	c80	c80	c80	c80	c80	c80	c80	c80	c80	c80	c80	c80	c80	c80	c80	c80	c80	c80	c80	c80	c80	c80	c80	c80	c80	c80	c80	c80	c80	c80	c80	c80	c80	c80	c80	c80	c80	c80	c80	c80	c80	c80	c80	c80	c80	c80	c80	c80	c80	c80	c80	c80	c80	c80	c80	c80	c80	c80	c80	c80	c80	c80	c80	c80	c80	c80	c80	c80	c80	c80	c80	c80	c80	c80	c80	c80	c80	c80	c80	c80	c80	c80	c80	c80	c80	c80	c80	c80	c80	c80	c80	c80	c80	c80	c80	c80	c80	c80	c80	c80	c80	c80	c80	c80	c80	c80	c80	c80	c80	c80	c80	c80	c80	c80	c80	c80	c80	c80	c80	c80	c80	c80	c80	c80	c80	c80	c80	c80	c80	c80	c80	c80	c80	c80	c80	c80	c80	c80	c80	c80	c80	c80	c80	c80	c80	c80	c80	c80	c80	c80	c80	c80	c80	c80	c80	c80	c80	c80	c80	c80	c80	c80	c80	c80	c80	c80	c80	c80	c80	c80	c80	c80	c80	c80	c80	c80	c80	c80	c80	c80	c80	c80	c80	c80	c80	c80	c80	c80	c80	c80	c80	c80	c80	c80	c80	c80	c80	c80	c80	c80	c80	c80	c80	c80	c80	c80	c80	c80	c80	c80	c80	c80	c80	c80	c80	c80	c80	c80	c80	c80	c80	c80	c80	c80	c80	c80	c80	c80	c80	c80	c80	c80	c80	c80	c80	c80	c80	c80	c80	c80	c80	c80	c80	c80	c80	c80	c80	c80	c80	c80	c80	c80	c80	c80	c80	c80	c80	c80	c80	c80	c80	c80	c80	c80	c80	c80	c80	c80
c80	c80	c80	c80	c80	c80	c80	c80	c80	c80	c80	c80	c80	c80	c80	c80	c80	c80	c80	c80	c80	c80	c80	c80	c80	c80	c80	c80	c80	c80	c80	c80	c80	c80	c80	c80	c80	c80	c80	c80	c80	c80	c80	c80	c80	c80	c80	c80	c80	c80	c80	c80	c80	c80	c80	c80	c80	c80	c80	c80	c80	c80	c80	c80	c80	c80	c80	c80	c80	c80	c80	c80	c80	c80	c80	c80	c80	c80	c80	c80	c80	c80	c80	c80	c80	c80	c80	c80	c80	c80	c80	c80	c80	c80	c80	c80	c80	c80	c80	c80	c80	c80	c80	c80	c80	c80	c80	c80	c80	c80	c80	c80	c80	c80	c80	c80	c80	c80	c80	c80	c80	c80	c80	c80	c80	c80	c80	c80	c80	c80	c80	c80	c80	c80	c80	c80	c80	c80	c80	c80	c80	c80	c80	c80	c80	c80	c80	c80	c80	c80	c80	c80	c80	c80	c80	c80	c80	c80	c80	c80	c80	c80	c80	c80	c80	c80	c80	c80	c80	c80	c80	c80	c80	c80	c80	c80	c80	c80	c80	c80	c80	c80	c80	c80	c80	c80	c80	c80	c80	c80	c80	c80	c80	c80	c80	c80	c80	c80	c80	c80	c80	c80	c80	c80	c80	c80	c80	c80	c80	c80	c80	c80	c80	c80	c80	c80	c80	c80	c80	c80	c80	c80	c80	c80	c80	c80	c80	c80	c80	c80	c80	c80	c80	c80	c80	c80	c80	c80	c80	c80	c80	c80	c80	c80	c80	c80	c80	c80	c80	c80	c80	c80	c80	c80	c80	c80	c80	c80	c80	c80	c80	c80	c80	c80	c80	c80	c80	c80	c80	c80	c80	c80	c80	c80	c80	c80	c80	c80	c80	c80	c80	c80	c80	c80	c80	c80	c80	c80	c80	c80	c80	c80	c80	c80	c80	c80	c80	c80	c80	c80	c80	c80	c80	c80	c80	c80	c80	c80	c80	c80	c80	c80	c80	c80	c80	c80	c80	c80	c80	c80	c80	c80	c80	c80	c80	c80	c80	c80	c80	c80	c80	c80	c80	c80	c80	c80	c80	c80	c80	c80	c80	c80	c80	c80	c80	c80	c80	c80	c80	c80	c80	c80	c80	c80	c80	c80	c80	c80	c80	c80	c80	c80	c80	c80	c80	c80	c80	c80	c80	c80	c80	c80	c80	c80	c80	c80	c80	c80	c80	c80	c80	c80	c80	c80	c80	c80	c80	c80	c80	c80	c80	c80	c80	c80	c80	c80	c80	c80	c80	c80	c80	c80	c80	c80	c80	c80	c80	c80	c80	c80	c80	c80	c80	c80	c80	c80	c80	c80	c80	c80	c80	c80	c80	c80	c80	c80	c80	c80	c80	c80	c80	c80	c80	c80	c80	c80	c80	c80	c80	c80	c80	c80	c80	c80	c80	c80	c80	c80	c80	c80	c80	c80	c80	c80	c80	c80	c80	c80	c80	c80	c80	c80	c80	c80	c80	c80	c80	c80	c80	c80	c80	c80	c80	c80	c80	c80	c80	c80	c80	c80	c80	c80	c80	c80	c80	c80	c80	c80	c80	c80	c80	c80	c80	c80	c80	c80	c80	c80	c80	c80	c80	c80	c80	c80	c80	c80	c80	c80	c80	c80	c80	c80
c80	c80	c80	c80	c80	c80	c80	c80	c80	c80	c80	c80	c80	c80	c80	c80	c80	c80	c80	c80	c80	c80	c80	c80	c80	c80	c80	c80	c80	c80	c80	c80	c80	c80	c80	c80	c80	c80	c80	c80	c80	c80	c80	c80	c80	c80	c80	c80	c80	c80	c80	c80	c80	c80	c80	c80	c80	c80	c80	c80	c80	c80	c80	c80	c80	c80	c80	c80	c80	c80	c80	c80	c80	c80	c80	c80	c80	c80	c80	c80	c80	c80	c80	c80	c80	c80	c80	c80	c80	c80	c80	c80	c80	c80	c80	c80	c80	c80	c80	c80	c80	c80	c80	c80	c80	c80	c80	c80	c80	c80	c80	c80	c80	c80	c80	c80	c80	c80	c80	c80	c80	c80	c80	c80	c80	c80	c80	c80	c80	c80	c80	c80	c80	c80	c80	c80	c80	c80	c80	c80	c80	c80	c80	c80	c80	c80	c80	c80	c80	c80	c80	c80	c80	c80	c80	c80	c80	c80	c80	c80	c80	c80	c80	c80	c80	c80	c80	c80	c80	c80	c80	c80	c80	c80	c80	c80	c80	c80	c80	c80	c80	c80	c80	c80	c80	c80	c80	c80	c80	c80	c80	c80	c80	c80	c80	c80	c80	c80	c80	c80	c80	c80	c80	c80	c80	c80	c80	c80	c80	c80	c80	c80	c80	c80	c80	c80	c80	c80	c80	c80	c80	c80	c80	c80	c80	c80	c80	c80	c80	c80	c80	c80	c80	c80	c80	c80	c80	c80	c80	c80	c80	c80	c80	c80	c80	c80	c80	c80	c80	c80	c80	c80	c80	c80	c80	c80	c80	c80	c80	c80	c80	c80	c80	c80	c80	c80	c80	c80	c80	c80	c80	c80	c80	c80	c80	c80	c80	c80	c80	c80	c80	c80	c80	c80	c80	c80	c80	c80	c80	c80	c80	c80	c80	c80	c80	c80	c80	c80	c80	c80	c80	c80	c80	c80	c80	c80	c80	c80	c80	c80	c80	c80	c80	c80	c80	c80	c80	c80	c80	c80	c80	c80	c80	c80	c80	c80	c80	c80	c80	c80	c80	c80	c80	c80	c80	c80	c80	c80	c80	c80	c80	c80	c80	c80	c80	c80	c80	c80	c80	c80	c80	c80	c80	c80	c80	c80	c80	c80	c80	c80	c80	c80	c80	c80	c80	c80	c80	c80	c80	c80	c80	c80	c80	c80	c80	c80	c80	c80	c80	c80	c80	c80	c80	c80	c80	c80	c80	c80	c80	c80	c80	c80	c80	c80	c80	c80	c80	c80	c80	c80	c80	c80	c80	c80	c80	c80	c80	c80	c80	c80	c80	c80	c80	c80	c80	c80	c80	c80	c80	c80	c80	c80	c80	c80	c80	c80	c80	c80	c80	c80	c80	c80	c80	c80	c80	c80	c80	c80	c80	c80	c80	c80	c80	c80	c80	c80	c80	c80	c80	c80	c80	c80	c80	c80	c80	c80	c80	c80	c80	c80	c80	c80	c80	c80	c80	c80	c80	c80	c80	c80	c80	c80	c80	c80	c80	c80	c80	c80	c80	c80	c80	c80	c80	c80	c80	c80	c80	c80	c80	c80	c80	c80	c80	c80	c80	c80	c80	c80	c80	c80	c80	c80	c80	c80	c80	c80	c80	c80	c80	c80	c80	c80
c80	c80	c80	c80	c80	c80	c80	c80	c80	c80	c80	c80	c80	c80	c80	c80	c80	c80	c80	c80	c80	c80	c80	c80	c80	c80	c80	c80	c80	c80	c80	c80	c80	c80	c80	c80	c80	c80	c80	c80	c80	c80	c80	c80	c80	c80	c80	c80	c80	c80	c80	c80	c80	c80	c80	c80	c80	c80	c80	c80	c80	c80	c80	c80	c80	c80	c80	c80	c80	c80	c80	c80	c80	c80	c80	c80	c80	c80	c80	c80	c80	c80	c80	c80	c80	c80	c80	c80	c80	c80	c80	c80	c80	c80	c80	c80	c80	c80	c80	c80	c80	c80	c80	c80	c80	c80	c80	c80	c80	c80	c80	c80	c80	c80	c80	c80	c80	c80	c80	c80	c80	c80	c80	c80	c80	c80	c80	c80	c80	c80	c80	c80	c80	c80	c80	c80	c80	c80	c80	c80	c80	c80	c80	c80	c80	c80	c80	c80	c80	c80	c80	c80	c80	c80	c80	c80	c80	c80	c80	c80	c80	c80	c80	c80	c80	c80	c80	c80	c80	c80	c80	c80	c80	c80	c80	c80	c80	c80	c80	c80	c80	c80	c80	c80	c80	c80	c80	c80	c80	c80	c80	c80	c80	c80	c80	c80	c80	c80	c80	c80	c80	c80	c80	c80	c80	c80	c80	c80	c80	c80	c80	c80	c80	c80	c80	c80	c80	c80	c80	c80	c80	c80	c80	c80	c80	c80	c80	c80	c80	c80	c80	c80	c80	c80	c80	c80	c80	c80	c80	c80	c80	c80	c80	c80	c80	c80	c80	c80	c80	c80	c80	c80	c80	c80	c80	c80	c80	c80	c80	c80	c80	c80	c80	c80	c80	c80	c80	c80	c80	c80	c80	c80	c80	c80	c80	c80	c80	c80	c80	c80	c80	c80	c80	c80	c80	c80	c80	c80	c80	c80	c80	c80	c80	c80	c80	c80	c80	c80	c80	c80	c80	c80	c80	c80	c80	c80	c80	c80	c80	c80	c80	c80	c80	c80	c80	c80	c80	c80	c80	c80	c80	c80	c80	c80	c80	c80	c80	c80	c80	c80	c80	c80	c80	c80	c80	c80	c80	c80	c80	c80	c80	c80	c80	c80	c80	c80	c80	c80	c80	c80	c80	c80	c80	c80	c80	c80	c80	c80	c80	c80	c80	c80	c80	c80	c80	c80	c80	c80	c80	c80	c80	c80	c80	c80	c80	c80	c80	c80	c80	c80	c80	c80	c80	c80	c80	c80	c80	c80	c80	c80	c80	c80	c80	c80	c80	c80	c80	c80	c80	c80	c80	c80	c80	c80	c80	c80	c80	c80	c80	c80	c80	c80	c80	c80	c80	c80	c80	c80	c80	c80	c80	c80	c80	c80	c80	c80	c80	c80	c80	c80	c80	c80	c80	c80	c80	c80	c80	c80	c80	c80	c80	c80	c80	c80	c80	c80	c80	c80	c80	c80	c80	c80	c80	c80	c80	c80	c80	c80	c80	c80	c80	c80	c80	c80	c80	c80	c80	c80	c80	c80	c80	c80	c80	c80	c80	c80	c80	c80	c80	c80	c80	c80	c80	c80	c80	c80	c80	c80	c80	c80	c80	c80	c80	c80	c80	c80	c80	c80	c80	c80	c80	c80	c80	c80	c80	c80	c80	c80	c80	c80	c80	c80
c80	c80	c80	c80	c80	c80	c80	c80	c80	c80	c80	c80	c80	c80	c80	c80	c80	c80	c80	c80	c80	c80	c80	c80	c80	c80	c80	c80	c80	c80	c80	c80	c80	c80	c80	c80	c80	c80	c80	c80	c80	c80	c80	c80	c80	c80	c80	c80	c80	c80	c80	c80	c80	c80	c80	c80	c80	c80	c80	c80	c80	c80	c80	c80	c80	c80	c80	c80	c80	c80	c80	c80	c80	c80	c80	c80	c80	c80	c80	c80	c80	c80	c80	c80	c80	c80	c80	c80	c80	c80	c80	c80	c80	c80	c80	c80	c80	c80	c80	c80	c80	c80	c80	c80	c80	c80	c80	c80	c80	c80	c80	c80	c80	c80	c80	c80	c80	c80	c80	c80	c80	c80	c80	c80	c80	c80	c80	c80	c80	c80	c80	c80	c80	c80	c80	c80	c80	c80	c80	c80	c80	c80	c80	c80	c80	c80	c80	c80	c80	c80	c80	c80	c80	c80	c80	c80	c80	c80	c80	c80	c80	c80	c80	c80	c80	c80	c80	c80	c80	c80	c80	c80	c80	c80	c80	c80	c80	c80	c80	c80	c80	c80	c80	c80	c80	c80	c80	c80	c80	c80	c80	c80	c80	c80	c80	c80	c80	c80	c80	c80	c80	c80	c80	c80	c80	c80	c80	c80	c80	c80	c80	c80	c80	c80	c80	c80	c80	c80	c80	c80	c80	c80	c80	c80	c80	c80	c80	c80	c80	c80	c80	c80	c80	c80	c80	c80	c80	c80	c80	c80	c80	c80	c80	c80	c80	c80	c80	c80	c80	c80	c80	c80	c80	c80	c80	c80	c80	c80	c80	c80	c80	c80	c80	c80	c80	c80	c80	c80	c80	c80	c80	c80	c80	c80	c80	c80	c80	c80	c80	c80	c80	c80	c80	c80	c80	c80	c80	c80	c80	c80	c80	c80	c80	c80	c80	c80	c80	c80	c80	c80	c80	c80	c80	c80	c80	c80	c80	c80	c80	c80	c80	c80	c80	c80	c80	c80	c80	c80	c80	c80	c80	c80	c80	c80	c80	c80	c80	c80	c80	c80	c80	c80	c80	c80	c80	c80	c80	c80	c80	c80	c80	c80	c80	c80	c80	c80	c80	c80	c80	c80	c80	c80	c80	c80	c80	c80	c80	c80	c80	c80	c80	c80	c80	c80	c80	c80	c80	c80	c80	c80	c80	c80	c80	c80	c80	c80	c80	c80	c80	c80	c80	c80	c80	c80	c80	c80	c80	c80	c80	c80	c80	c80	c80	c80	c80	c80	c80	c80	c80	c80	c80	c80	c80	c80	c80	c80	c80	c80	c80	c80	c80	c80	c80	c80	c80	c80	c80	c80	c80	c80	c80	c80	c80	c80	c80	c80	c80	c80	c80	c80	c80	c80	c80	c80	c80	c80	c80	c80	c80	c80	c80	c80	c80	c80	c80	c80	c80	c80	c80	c80	c80	c80	c80	c80	c80	c80	c80	c80	c80	c80	c80	c80	c80	c80	c80	c80	c80	c80	c80	c80	c80	c80	c80	c80	c80	c80	c80	c80	c80	c80	c80	c80	c80	c80	c80	c80	c80	c80	c80	c80	c80	c80	c80	c80	c80	c80	c80	c80	c80	c80	c80	c80	c80	c80	c80	c80	c80	c80	c80	c80	c80	c80
c80	c80	c80	c80	c80	c80	c80	c80	c80	c80	c80	c80	c80	c80	c80	c80	c80	c80	c80	c80	c80	c80	c80	c80	c80	c80	c80	c80	c80	c80	c80	c80	c80	c80	c80	c80	c80	c80	c80	c80	c80	c80	c80	c80	c80	c80	c80	c80	c80	c80	c80	c80	c80	c80	c80	c80	c80	c80	c80	c80	c80	c80	c80	c80	c80	c80	c80	c80	c80	c80	c80	c80	c80	c80	c80	c80	c80	c80	c80	c80	c80	c80	c80	c80	c80	c80	c80	c80	c80	c80	c80	c80	c80	c80	c80	c80	c80	c80	c80	c80	c80	c80	c80	c80	c80	c80	c80	c80	c80	c80	c80	c80	c80	c80	c80	c80	c80	c80	c80	c80	c80	c80	c80	c80	c80	c80	c80	c80	c80	c80	c80	c80	c80	c80	c80	c80	c80	c80	c80	c80	c80	c80	c80	c80	c80	c80	c80	c80	c80	c80	c80	c80	c80	c80	c80	c80	c80	c80	c80	c80	c80	c80	c80	c80	c80	c80	c80	c80	c80	c80	c80	c80	c80	c80	c80	c80	c80	c80	c80	c80	c80	c80	c80	c80	c80	c80	c80	c80	c80	c80	c80	c80	c80	c80	c80	c80	c80	c80	c80	c80	c80	c80	c80	c80	c80	c80	c80	c80	c80	c80	c80	c80	c80	c80	c80	c80	c80	c80	c80	c80	c80	c80	c80	c80	c80	c80	c80	c80	c80	c80	c80	c80	c80	c80	c80	c80	c80	c80	c80	c80	c80	c80	c80	c80	c80	c80	c80	c80	c80	c80	c80	c80	c80	c80	c80	c80	c80	c80	c80	c80	c80	c80	c80	c80	c80	c80	c80	c80	c80	c80	c80	c80	c80	c80	c80	c80	c80	c80	c80	c80	c80	c80	c80	c80	c80	c80	c80	c80	c80	c80	c80	c80	c80	c80	c80	c80	c80	c80	c80	c80	c80	c80	c80	c80	c80	c80	c80	c80	c80	c80	c80	c80	c80	c80	c80	c80	c80	c80	c80	c80	c80	c80	c80	c80	c80	c80	c80	c80	c80	c80	c80	c80	c80	c80	c80	c80	c80	c80	c80	c80	c80	c80	c80	c80	c80	c80	c80	c80	c80	c80	c80	c80	c80	c80	c80	c80	c80	c80	c80	c80	c80	c80	c80	c80	c80	c80	c80	c80	c80	c80	c80	c80	c80	c80	c80	c80	c80	c80	c80	c80	c80	c80	c80	c80	c80	c80	c80	c80	c80	c80	c80	c80	c80	c80	c80	c80	c80	c80	c80	c80	c80	c80	c80	c80	c80	c80	c80	c80	c80	c80	c80	c80	c80	c80	c80	c80	c80	c80	c80	c80	c80	c80	c80	c80	c80	c80	c80	c80	c80	c80	c80	c80	c80	c80	c80	c80	c80	c80	c80	c80	c80	c80	c80	c80	c80	c80	c80	c80	c80	c80	c80	c80	c80	c80	c80	c80	c80	c80	c80	c80	c80	c80	c80	c80	c80	c80	c80	c80	c80	c80	c80	c80	c80	c80	c80	c80	c80	c80	c80	c80	c80	c80	c80	c80	c80	c80	c80	c80	c80	c80	c80	c80	c80	c80	c80	c80	c80	c80	c80	c80	c80	c80	c80	c80	c80	c80	c80	c80	c80	c80	c80	c80
c80	c80	c80	c80	c80	c80	c80	c80	c80	c80	c80	c80	c80	c80	c80	c80	c80	c80	c80	c80	c80	c80	c80	c80	c80	c80	c80	c80	c80	c80	c80	c80	c80	c80	c80	c80	c80	c80	c80	c80	c80	c80	c80	c80	c80	c80	c80	c80	c80	c80	c80	c80	c80	c80	c80	c80	c80	c80	c80	c80	c80	c80	c80	c80	c80	c80	c80	c80	c80	c80	c80	c80	c80	c80	c80	c80	c80	c80	c80	c80	c80	c80	c80	c80	c80	c80	c80	c80	c80	c80	c80	c80	c80	c80	c80	c80	c80	c80	c80	c80	c80	c80	c80	c80	c80	c80	c80	c80	c80	c80	c80	c80	c80	c80	c80	c80	c80	c80	c80	c80	c80	c80	c80	c80	c80	c80	c80	c80	c80	c80	c80	c80	c80	c80	c80	c80	c80	c80	c80	c80	c80	c80	c80	c80	c80	c80	c80	c80	c80	c80	c80	c80	c80	c80	c80	c80	c80	c80	c80	c80	c80	c80	c80	c80	c80	c80	c80	c80	c80	c80	c80	c80	c80	c80	c80	c80	c80	c80	c80	c80	c80	c80	c80	c80	c80	c80	c80	c80	c80	c80	c80	c80	c80	c80	c80	c80	c80	c80	c80	c80	c80	c80	c80	c80	c80	c80	c80	c80	c80	c80	c80	c80	c80	c80	c80	c80	c80	c80	c80	c80	c80	c80	c80	c80	c80	c80	c80	c80	c80	c80	c80	c80	c80	c80	c80	c80	c80	c80	c80	c80	c80	c80	c80	c80	c80	c80	c80	c80	c80	c80	c80	c80	c80	c80	c80	c80	c80	c80	c80	c80	c80	c80	c80	c80	c80	c80	c80	c80	c80	c80	c80	c80	c80	c80	c80	c80	c80	c80	c80	c80	c80	c80	c80	c80	c80	c80	c80	c80	c80	c80	c80	c80	c80	c80	c80	c80	c80	c80	c80	c80	c80	c80	c80	c80	c80	c80	c80	c80	c80	c80	c80	c80	c80	c80	c80	c80	c80	c80	c80	c80	c80	c80	c80	c80	c80	c80	c80	c80	c80	c80	c80	c80	c80	c80	c80	c80	c80	c80	c80	c80	c80	c80	c80	c80	c80	c80	c80	c80	c80	c80	c80	c80	c80	c80	c80	c80	c80	c80	c80	c80	c80	c80	c80	c80	c80	c80	c80	c80	c80	c80	c80	c80	c80	c80	c80	c80	c80	c80	c80	c80	c80	c80	c80	c80	c80	c80	c80	c80	c80	c80	c80	c80	c80	c80	c80	c80	c80	c80	c80	c80	c80	c80	c80	c80	c80	c80	c80	c80	c80	c80	c80	c80	c80	c80	c80	c80	c80	c80	c80	c80	c80	c80	c80	c80	c80	c80	c80	c80	c80	c80	c80	c80	c80	c80	c80	c80	c80	c80	c80	c80	c80	c80	c80	c80	c80	c80	c80	c80	c80	c80	c80	c80	c80	c80	c80	c80	c80	c80	c80	c80	c80	c80	c80	c80	c80	c80	c80	c80	c80	c80	c80	c80	c80	c80	c80	c80	c80	c80	c80	c80	c80	c80	c80	c80	c80	c80	c80	c80	c80	c80	c80	c80	c80	c80	c80	c80	c80	c80	c80	c80	c80	c80	c80	c80	c80	c80	c80	c80	c80	c80	c80	c80
c80	c80	c80	c80	c80	c80	c80	c80	c80	c80	c80	c80	c80	c80	c80	c80	c80	c80	c80	c80	c80	c80	c80	c80	c80	c80	c80	c80	c80	c80	c80	c80	c80	c80	c80	c80	c80	c80	c80	c80	c80	c80	c80	c80	c80	c80	c80	c80	c80	c80	c80	c80	c80	c80	c80	c80	c80	c80	c80	c80	c80	c80	c80	c80	c80	c80	c80	c80	c80	c80	c80	c80	c80	c80	c80	c80	c80	c80	c80	c80	c80	c80	c80	c80	c80	c80	c80	c80	c80	c80	c80	c80	c80	c80	c80	c80	c80	c80	c80	c80	c80	c80	c80	c80	c80	c80	c80	c80	c80	c80	c80	c80	c80	c80	c80	c80	c80	c80	c80	c80	c80	c80	c80	c80	c80	c80	c80	c80	c80	c80	c80	c80	c80	c80	c80	c80	c80	c80	c80	c80	c80	c80	c80	c80	c80	c80	c80	c80	c80	c80	c80	c80	c80	c80	c80	c80	c80	c80	c80	c80	c80	c80	c80	c80	c80	c80	c80	c80	c80	c80	c80	c80	c80	c80	c80	c80	c80	c80	c80	c80	c80	c80	c80	c80	c80	c80	c80	c80	c80	c80	c80	c80	c80	c80	c80	c80	c80	c80	c80	c80	c80	c80	c80	c80	c80	c80	c80	c80	c80	c80	c80	c80	c80	c80	c80	c80	c80	c80	c80	c80	c80	c80	c80	c80	c80	c80	c80	c80	c80	c80	c80	c80	c80	c80	c80	c80	c80	c80	c80	c80	c80	c80	c80	c80	c80	c80	c80	c80	c80	c80	c80	c80	c80	c80	c80	c80	c80	c80	c80	c80	c80	c80	c80	c80	c80	c80	c80	c80	c80	c80	c80	c80	c80	c80	c80	c80	c80	c80	c80	c80	c80	c80	c80	c80	c80	c80	c80	c80	c80	c80	c80	c80	c80	c80	c80	c80	c80	c80	c80	c80	c80	c80	c80	c80	c80	c80	c80	c80	c80	c80	c80	c80	c80	c80	c80	c80	c80	c80	c80	c80	c80	c80	c80	c80	c80	c80	c80	c80	c80	c80	c80	c80	c80	c80	c80	c80	c80	c80	c80	c80	c80	c80	c80	c80	c80	c80	c80	c80	c80	c80	c80	c80	c80	c80	c80	c80	c80	c80	c80	c80	c80	c80	c80	c80	c80	c80	c80	c80	c80	c80	c80	c80	c80	c80	c80	c80	c80	c80	c80	c80	c80	c80	c80	c80	c80	c80	c80	c80	c80	c80	c80	c80	c80	c80	c80	c80	c80	c80	c80	c80	c80	c80	c80	c80	c80	c80	c80	c80	c80	c80	c80	c80	c80	c80	c80	c80	c80	c80	c80	c80	c80	c80	c80	c80	c80	c80	c80	c80	c80	c80	c80	c80	c80	c80	c80	c80	c80	c80	c80	c80	c80	c80	c80	c80	c80	c80	c80	c80	c80	c80	c80	c80	c80	c80	c80	c80	c80	c80	c80	c80	c80	c80	c80	c80	c80	c80	c80	c80	c80	c80	c80	c80	c80	c80	c80	c80	c80	c80	c80	c80	c80	c80	c80	c80	c80	c80	c80	c80	c80	c80	c80	c80	c80	c80	c80	c80	c80	c80	c80	c80	c80	c80	c80	c80	c80	c80	c80	c80	c80	c80	c80	c80
c80	c80	c80	c80	c80	c80	c80	c80	c80	c80	c80	c80	c80	c80	c80	c80	c80	c80	c80	c80	c80	c80	c80	c80	c80	c80	c80	c80	c80	c80	c80	c80	c80	c80	c80	c80	c80	c80	c80	c80	c80	c80	c80	c80	c80	c80	c80	c80	c80	c80	c80	c80	c80	c80	c80	c80	c80	c80	c80	c80	c80	c80	c80	c80	c80	c80	c80	c80	c80	c80	c80	c80	c80	c80	c80	c80	c80	c80	c80	c80	c80	c80	c80	c80	c80	c80	c80	c80	c80	c80	c80	c80	c80	c80	c80	c80	c80	c80	c80	c80	c80	c80	c80	c80	c80	c80	c80	c80	c80	c80	c80	c80	c80	c80	c80	c80	c80	c80	c80	c80	c80	c80	c80	c80	c80	c80	c80	c80	c80	c80	c80	c80	c80	c80	c80	c80	c80	c80	c80	c80	c80	c80	c80	c80	c80	c80	c80	c80	c80	c80	c80	c80	c80	c80	c80	c80	c80	c80	c80	c80	c80	c80	c80	c80	c80	c80	c80	c80	c80	c80	c80	c80	c80	c80	c80	c80	c80	c80	c80	c80	c80	c80	c80	c80	c80	c80	c80	c80	c80	c80	c80	c80	c80	c80	c80	c80	c80	c80	c80	c80	c80	c80	c80	c80	c80	c80	c80	c80	c80	c80	c80	c80	c80	c80	c80	c80	c80	c80	c80	c80	c80	c80	c80	c80	c80	c80	c80	c80	c80	c80	c80	c80	c80	c80	c80	c80	c80	c80	c80	c80	c80	c80	c80	c80	c80	c80	c80	c80	c80	c80	c80	c80	c80	c80	c80	c80	c80	c80	c80	c80	c80	c80	c80	c80	c80	c80	c80	c80	c80	c80	c80	c80	c80	c80	c80	c80	c80	c80	c80	c80	c80	c80	c80	c80	c80	c80	c80	c80	c80	c80	c80	c80	c80	c80	c80	c80	c80	c80	c80	c80	c80	c80	c80	c80	c80	c80	c80	c80	c80	c80	c80	c80	c80	c80	c80	c80	c80	c80	c80	c80	c80	c80	c80	c80	c80	c80	c80	c80	c80	c80	c80	c80	c80	c80	c80	c80	c80	c80	c80	c80	c80	c80	c80	c80	c80	c80	c80	c80	c80	c80	c80	c80	c80	c80	c80	c80	c80	c80	c80	c80	c80	c80	c80	c80	c80	c80	c80	c80	c80	c80	c80	c80	c80	c80	c80	c80	c80	c80	c80	c80	c80	c80	c80	c80	c80	c80	c80	c80	c80	c80	c80	c80	c80	c80	c80	c80	c80	c80	c80	c80	c80	c80	c80	c80	c80	c80	c80	c80	c80	c80	c80	c80	c80	c80	c80	c80	c80	c80	c80	c80	c80	c80	c80	c80	c80	c80	c80	c80	c80	c80	c80	c80	c80	c80	c80	c80	c80	c80	c80	c80	c80	c80	c80	c80	c80	c80	c80	c80	c80	c80	c80	c80	c80	c80	c80	c80	c80	c80	c80	c80	c80	c80	c80	c80	c80	c80	c80	c80	c80	c80	c80	c80	c80	c80	c80	c80	c80	c80	c80	c80	c80	c80	c80	c80	c80	c80	c80	c80	c80	c80	c80	c80	c80	c80	c80	c80	c80	c80	c80	c80	c80	c80	c80	c80	c80	c80	c80	c80	c80	c80	c80	c80
c80	c80	c80	c80	c80	c80	c80	c80	c80	c80	c80	c80	c80	c80	c80	c80	c80	c80	c80	c80	c80	c80	c80	c80	c80	c80	c80	c80	c80	c80	c80	c80	c80	c80	c80	c80	c80	c80	c80	c80	c80	c80	c80	c80	c80	c80	c80	c80	c80	c80	c80	c80	c80	c80	c80	c80	c80	c80	c80	c80	c80	c80	c80	c80	c80	c80	c80	c80	c80	c80	c80	c80	c80	c80	c80	c80	c80	c80	c80	c80	c80	c80	c80	c80	c80	c80	c80	c80	c80	c80	c80	c80	c80	c80	c80	c80	c80	c80	c80	c80	c80	c80	c80	c80	c80	c80	c80	c80	c80	c80	c80	c80	c80	c80	c80	c80	c80	c80	c80	c80	c80	c80	c80	c80	c80	c80	c80	c80	c80	c80	c80	c80	c80	c80	c80	c80	c80	c80	c80	c80	c80	c80	c80	c80	c80	c80	c80	c80	c80	c80	c80	c80	c80	c80	c80	c80	c80	c80	c80	c80	c80	c80	c80	c80	c80	c80	c80	c80	c80	c80	c80	c80	c80	c80	c80	c80	c80	c80	c80	c80	c80	c80	c80	c80	c80	c80	c80	c80	c80	c80	c80	c80	c80	c80	c80	c80	c80	c80	c80	c80	c80	c80	c80	c80	c80	c80	c80	c80	c80	c80	c80	c80	c80	c80	c80	c80	c80	c80	c80	c80	c80	c80	c80	c80	c80	c80	c80	c80	c80	c80	c80	c80	c80	c80	c80	c80	c80	c80	c80	c80	c80	c80	c80	c80	c80	c80	c80	c80	c80	c80	c80	c80	c80	c80	c80	c80	c80	c80	c80	c80	c80	c80	c80	c80	c80	c80	c80	c80	c80	c80	c80	c80	c80	c80	c80	c80	c80	c80	c80	c80	c80	c80	c80	c80	c80	c80	c80	c80	c80	c80	c80	c80	c80	c80	c80	c80	c80	c80	c80	c80	c80	c80	c80	c80	c80	c80	c80	c80	c80	c80	c80	c80	c80	c80	c80	c80	c80	c80	c80	c80	c80	c80	c80	c80	c80	c80	c80	c80	c80	c80	c80	c80	c80	c80	c80	c80	c80	c80	c80	c80	c80	c80	c80	c80	c80	c80	c80	c80	c80	c80	c80	c80	c80	c80	c80	c80	c80	c80	c80	c80	c80	c80	c80	c80	c80	c80	c80	c80	c80	c80	c80	c80	c80	c80	c80	c80	c80	c80	c80	c80	c80	c80	c80	c80	c80	c80	c80	c80	c80	c80	c80	c80	c80	c80	c80	c80	c80	c80	c80	c80	c80	c80	c80	c80	c80	c80	c80	c80	c80	c80	c80	c80	c80	c80	c80	c80	c80	c80	c80	c80	c80	c80	c80	c80	c80	c80	c80	c80	c80	c80	c80	c80	c80	c80	c80	c80	c80	c80	c80	c80	c80	c80	c80	c80	c80	c80	c80	c80	c80	c80	c80	c80	c80	c80	c80	c80	c80	c80	c80	c80	c80	c80	c80	c80	c80	c80	c80	c80	c80	c80	c80	c80	c80	c80	c80	c80	c80	c80	c80	c80	c80	c80	c80	c80	c80	c80	c80	c80	c80	c80	c80	c80	c80	c80	c80	c80	c80	c80	c80	c80	c80	c80	c80	c80	c80	c80	c80	c80	c80	c80	c80	c80
c80	c80	c80	c80	c80	c80	c80	c80	c80	c80	c80	c80	c80	c80	c80	c80	c80	c80	c80	c80	c80	c80	c80	c80	c80	c80	c80	c80	c80	c80	c80	c80	c80	c80	c80	c80	c80	c80	c80	c80	c80	c80	c80	c80	c80	c80	c80	c80	c80	c80	c80	c80	c80	c80	c80	c80	c80	c80	c80	c80	c80	c80	c80	c80	c80	c80	c80	c80	c80	c80	c80	c80	c80	c80	c80	c80	c80	c80	c80	c80	c80	c80	c80	c80	c80	c80	c80	c80	c80	c80	c80	c80	c80	c80	c80	c80	c80	c80	c80	c80	c80	c80	c80	c80	c80	c80	c80	c80	c80	c80	c80	c80	c80	c80	c80	c80	c80	c80	c80	c80	c80	c80	c80	c80	c80	c80	c80	c80	c80	c80	c80	c80	c80	c80	c80	c80	c80	c80	c80	c80	c80	c80	c80	c80	c80	c80	c80	c80	c80	c80	c80	c80	c80	c80	c80	c80	c80	c80	c80	c80	c80	c80	c80	c80	c80	c80	c80	c80	c80	c80	c80	c80	c80	c80	c80	c80	c80	c80	c80	c80	c80	c80	c80	c80	c80	c80	c80	c80	c80	c80	c80	c80	c80	c80	c80	c80	c80	c80	c80	c80	c80	c80	c80	c80	c80	c80	c80	c80	c80	c80	c80	c80	c80	c80	c80	c80	c80	c80	c80	c80	c80	c80	c80	c80	c80	c80	c80	c80	c80	c80	c80	c80	c80	c80	c80	c80	c80	c80	c80	c80	c80	c80	c80	c80	c80	c80	c80	c80	c80	c80	c80	c80	c80	c80	c80	c80	c80	c80	c80	c80	c80	c80	c80	c80	c80	c80	c80	c80	c80	c80	c80	c80	c80	c80	c80	c80	c80	c80	c80	c80	c80	c80	c80	c80	c80	c80	c80	c80	c80	c80	c80	c80	c80	c80	c80	c80	c80	c80	c80	c80	c80	c80	c80	c80	c80	c80	c80	c80	c80	c80	c80	c80	c80	c80	c80	c80	c80	c80	c80	c80	c80	c80	c80	c80	c80	c80	c80	c80	c80	c80	c80	c80	c80	c80	c80	c80	c80	c80	c80	c80	c80	c80	c80	c80	c80	c80	c80	c80	c80	c80	c80	c80	c80	c80	c80	c80	c80	c80	c80	c80	c80	c80	c80	c80	c80	c80	c80	c80	c80	c80	c80	c80	c80	c80	c80	c80	c80	c80	c80	c80	c80	c80	c80	c80	c80	c80	c80	c80	c80	c80	c80	c80	c80	c80	c80	c80	c80	c80	c80	c80	c80	c80	c80	c80	c80	c80	c80	c80	c80	c80	c80	c80	c80	c80	c80	c80	c80	c80	c80	c80	c80	c80	c80	c80	c80	c80	c80	c80	c80	c80	c80	c80	c80	c80	c80	c80	c80	c80	c80	c80	c80	c80	c80	c80	c80	c80	c80	c80	c80	c80	c80	c80	c80	c80	c80	c80	c80	c80	c80	c80	c80	c80	c80	c80	c80	c80	c80	c80	c80	c80	c80	c80	c80	c80	c80	c80	c80	c80	c80	c80	c80	c80	c80	c80	c80	c80	c80	c80	c80	c80	c80	c80	c80	c80	c80	c80	c80	c80	c80	c80	c80	c80	c80	c80	c80	c80	c80	c80	c80	c80	c80	c80
c80	c80	c80	c80	c80	c80	c80	c80	c80	c80	c80	c80	c80	c80	c80	c80	c80	c80	c80	c80	c80	c80	c80	c80	c80	c80	c80	c80	c80	c80	c80	c80	c80	c80	c80	c80	c80	c80	c80	c80	c80	c80	c80	c80	c80	c80	c80	c80	c80	c80	c80	c80	c80	c80	c80	c80	c80	c80	c80	c80	c80	c80	c80	c80	c80	c80	c80	c80	c80	c80	c80	c80	c80	c80	c80	c80	c80	c80	c80	c80	c80	c80	c80	c80	c80	c80	c80	c80	c80	c80	c80	c80	c80	c80	c80	c80	c80	c80	c80	c80	c80	c80	c80	c80	c80	c80	c80	c80	c80	c80	c80	c80	c80	c80	c80	c80	c80	c80	c80	c80	c80	c80	c80	c80	c80	c80	c80	c80	c80	c80	c80	c80	c80	c80	c80	c80	c80	c80	c80	c80	c80	c80	c80	c80	c80	c80	c80	c80	c80	c80	c80	c80	c80	c80	c80	c80	c80	c80	c80	c80	c80	c80	c80	c80	c80	c80	c80	c80	c80	c80	c80	c80	c80	c80	c80	c80	c80	c80	c80	c80	c80	c80	c80	c80	c80	c80	c80	c80	c80	c80	c80	c80	c80	c80	c80	c80	c80	c80	c80	c80	c80	c80	c80	c80	c80	c80	c80	c80	c80	c80	c80	c80	c80	c80	c80	c80	c80	c80	c80	c80	c80	c80	c80	c80	c80	c80	c80	c80	c80	c80	c80	c80	c80	c80	c80	c80	c80	c80	c80	c80	c80	c80	c80	c80	c80	c80	c80	c80	c80	c80	c80	c80	c80	c80	c80	c80	c80	c80	c80	c80	c80	c80	c80	c80	c80	c80	c80	c80	c80	c80	c80	c80	c80	c80	c80	c80	c80	c80	c80	c80	c80	c80	c80	c80	c80	c80	c80	c80	c80	c80	c80	c80	c80	c80	c80	c80	c80	c80	c80	c80	c80	c80	c80	c80	c80	c80	c80	c80	c80	c80	c80	c80	c80	c80	c80	c80	c80	c80	c80	c80	c80	c80	c80	c80	c80	c80	c80	c80	c80	c80	c80	c80	c80	c80	c80	c80	c80	c80	c80	c80	c80	c80	c80	c80	c80	c80	c80	c80	c80	c80	c80	c80	c80	c80	c80	c80	c80	c80	c80	c80	c80	c80	c80	c80	c80	c80	c80	c80	c80	c80	c80	c80	c80	c80	c80	c80	c80	c80	c80	c80	c80	c80	c80	c80	c80	c80	c80	c80	c80	c80	c80	c80	c80	c80	c80	c80	c80	c80	c80	c80	c80	c80	c80	c80	c80	c80	c80	c80	c80	c80	c80	c80	c80	c80	c80	c80	c80	c80	c80	c80	c80	c80	c80	c80	c80	c80	c80	c80	c80	c80	c80	c80	c80	c80	c80	c80	c80	c80	c80	c80	c80	c80	c80	c80	c80	c80	c80	c80	c80	c80	c80	c80	c80	c80	c80	c80	c80	c80	c80	c80	c80	c80	c80	c80	c80	c80	c80	c80	c80	c80	c80	c80	c80	c80	c80	c80	c80	c80	c80	c80	c80	c80	c80	c80	c80	c80	c80	c80	c80	c80	c80	c80	c80	c80	c80	c80	c80	c80	c80	c80	c80	c80	c80	c80	c80	c80	c80	c80	c80	c80	c80	c80
c80	c80	c80	c80	c80	c80	c80	c80	c80	c80	c80	c80	c80	c80	c80	c80	c80	c80	c80	c80	c80	c80	c80	c80	c80	c80	c80	c80	c80	c80	c80	c80	c80	c80	c80	c80	c80	c80	c80	c80	c80	c80	c80	c80	c80	c80	c80	c80	c80	c80	c80	c80	c80	c80	c80	c80	c80	c80	c80	c80	c80	c80	c80	c80	c80	c80	c80	c80	c80	c80	c80	c80	c80	c80	c80	c80	c80	c80	c80	c80	c80	c80	c80	c80	c80	c80	c80	c80	c80	c80	c80	c80	c80	c80	c80	c80	c80	c80	c80	c80	c80	c80	c80	c80	c80	c80	c80	c80	c80	c80	c80	c80	c80	c80	c80	c80	c80	c80	c80	c80	c80	c80	c80	c80	c80	c80	c80	c80	c80	c80	c80	c80	c80	c80	c80	c80	c80	c80	c80	c80	c80	c80	c80	c80	c80	c80	c80	c80	c80	c80	c80	c80	c80	c80	c80	c80	c80	c80	c80	c80	c80	c80	c80	c80	c80	c80	c80	c80	c80	c80	c80	c80	c80	c80	c80	c80	c80	c80	c80	c80	c80	c80	c80	c80	c80	c80	c80	c80	c80	c80	c80	c80	c80	c80	c80	c80	c80	c80	c80	c80	c80	c80	c80	c80	c80	c80	c80	c80	c80	c80	c80	c80	c80	c80	c80	c80	c80	c80	c80	c80	c80	c80	c80	c80	c80	c80	c80	c80	c80	c80	c80	c80	c80	c80	c80	c80	c80	c80	c80	c80	c80	c80	c80	c80	c80	c80	c80	c80	c80	c80	c80	c80	c80	c80	c80	c80	c80	c80	c80	c80	c80	c80	c80	c80	c80	c80	c80	c80	c80	c80	c80	c80	c80	c80	c80	c80	c80	c80	c80	c80	c80	c80	c80	c80	c80	c80	c80	c80	c80	c80	c80	c80	c80	c80	c80	c80	c80	c80	c80	c80	c80	c80	c80	c80	c80	c80	c80	c80	c80	c80	c80	c80	c80	c80	c80	c80	c80	c80	c80	c80	c80	c80	c80	c80	c80	c80	c80	c80	c80	c80	c80	c80	c80	c80	c80	c80	c80	c80	c80	c80	c80	c80	c80	c80	c80	c80	c80	c80	c80	c80	c80	c80	c80	c80	c80	c80	c80	c80	c80	c80	c80	c80	c80	c80	c80	c80	c80	c80	c80	c80	c80	c80	c80	c80	c80	c80	c80	c80	c80	c80	c80	c80	c80	c80	c80	c80	c80	c80	c80	c80	c80	c80	c80	c80	c80	c80	c80	c80	c80	c80	c80	c80	c80	c80	c80	c80	c80	c80	c80	c80	c80	c80	c80	c80	c80	c80	c80	c80	c80	c80	c80	c80	c80	c80	c80	c80	c80	c80	c80	c80	c80	c80	c80	c80	c80	c80	c80	c80	c80	c80	c80	c80	c80	c80	c80	c80	c80	c80	c80	c80	c80	c80	c80	c80	c80	c80	c80	c80	c80	c80	c80	c80	c80	c80	c80	c80	c80	c80	c80	c80	c80	c80	c80	c80	c80	c80	c80	c80	c80	c80	c80	c80	c80	c80	c80	c80	c80	c80	c80	c80	c80	c80	c80	c80	c80	c80	c80	c80	c80	c80	c80	c80	c80	c80	c80	c80	c80	c80	c80	c80	c80	c80
c80	c80	c80	c80	c80	c80	c80	c80	c80	c80	c80	c80	c80	c80	c80	c80	c80	c80	c80	c80	c80	c80	c80	c80	c80	c80	c80	c80	c80	c80	c80	c80	c80	c80	c80	c80	c80	c80	c80	c80	c80	c80	c80	c80	c80	c80	c80	c80	c80	c80	c80	c80	c80	c80	c80	c80	c80	c80	c80	c80	c80	c80	c80	c80	c80	c80	c80	c80	c80	c80	c80	c80	c80	c80	c80	c80	c80	c80	c80	c80	c80	c80	c80	c80	c80	c80	c80	c80	c80	c80	c80	c80	c80	c80	c80	c80	c80	c80	c80	c80	c80	c80	c80	c80	c80	c80	c80	c80	c80	c80	c80	c80	c80	c80	c80	c80	c80	c80	c80	c80	c80	c80	c80	c80	c80	c80	c80	c80	c80	c80	c80	c80	c80	c80	c80	c80	c80	c80	c80	c80	c80	c80	c80	c80	c80	c80	c80	c80	c80	c80	c80	c80	c80	c80	c80	c80	c80	c80	c80	c80	c80	c80	c80	c80	c80	c80	c80	c80	c80	c80	c80	c80	c80	c80	c80	c80	c80	c80	c80	c80	c80	c80	c80	c80	c80	c80	c80	c80	c80	c80	c80	c80	c80	c80	c80	c80	c80	c80	c80	c80	c80	c80	c80	c80	c80	c80	c80	c80	c80	c80	c80	c80	c80	c80	c80	c80	c80	c80	c80	c80	c80	c80	c80	c80	c80	c80	c80	c80	c80	c80	c80	c80	c80	c80	c80	c80	c80	c80	c80	c80	c80	c80	c80	c80	c80	c80	c80	c80	c80	c80	c80	c80	c80	c80	c80	c80	c80	c80	c80	c80	c80	c80	c80	c80	c80	c80	c80	c80	c80	c80	c80	c80	c80	c80	c80	c80	c80	c80	c80	c80	c80	c80	c80	c80	c80	c80	c80	c80	c80	c80	c80	c80	c80	c80	c80	c80	c80	c80	c80	c80	c80	c80	c80	c80	c80	c80	c80	c80	c80	c80	c80	c80	c80	c80	c80	c80	c80	c80	c80	c80	c80	c80	c80	c80	c80	c80	c80	c80	c80	c80	c80	c80	c80	c80	c80	c80	c80	c80	c80	c80	c80	c80	c80	c80	c80	c80	c80	c80	c80	c80	c80	c80	c80	c80	c80	c80	c80	c80	c80	c80	c80	c80	c80	c80	c80	c80	c80	c80	c80	c80	c80	c80	c80	c80	c80	c80	c80	c80	c80	c80	c80	c80	c80	c80	c80	c80	c80	c80	c80	c80	c80	c80	c80	c80	c80	c80	c80	c80	c80	c80	c80	c80	c80	c80	c80	c80	c80	c80	c80	c80	c80	c80	c80	c80	c80	c80	c80	c80	c80	c80	c80	c80	c80	c80	c80	c80	c80	c80	c80	c80	c80	c80	c80	c80	c80	c80	c80	c80	c80	c80	c80	c80	c80	c80	c80	c80	c80	c80	c80	c80	c80	c80	c80	c80	c80	c80	c80	c80	c80	c80	c80	c80	c80	c80	c80	c80	c80	c80	c80	c80	c80	c80	c80	c80	c80	c80	c80	c80	c80	c80	c80	c80	c80	c80	c80	c80	c80	c80	c80	c80	c80	c80	c80	c80	c80	c80	c80	c80	c80	c80	c80	c80	c80	c80	c80	c80	c80	c80	c80	c80	c80	c80
c80	c80	c80	c80	c80	c80	c80	c80	c80	c80	c80	c80	c80	c80	c80	c80	c80	c80	c80	c80	c80	c80	c80	c80	c80	c80	c80	c80	c80	c80	c80	c80	c80	c80	c80	c80	c80	c80	c80	c80	c80	c80	c80	c80	c80	c80	c80	c80	c80	c80	c80	c80	c80	c80	c80	c80	c80	c80	c80	c80	c80	c80	c80	c80	c80	c80	c80	c80	c80	c80	c80	c80	c80	c80	c80	c80	c80	c80	c80	c80	c80	c80	c80	c80	c80	c80	c80	c80	c80	c80	c80	c80	c80	c80	c80	c80	c80	c80	c80	c80	c80	c80	c80	c80	c80	c80	c80	c80	c80	c80	c80	c80	c80	c80	c80	c80	c80	c80	c80	c80	c80	c80	c80	c80	c80	c80	c80	c80	c80	c80	c80	c80	c80	c80	c80	c80	c80	c80	c80	c80	c80	c80	c80	c80	c80	c80	c80	c80	c80	c80	c80	c80	c80	c80	c80	c80	c80	c80	c80	c80	c80	c80	c80	c80	c80	c80	c80	c80	c80	c80	c80	c80	c80	c80	c80	c80	c80	c80	c80	c80	c80	c80	c80	c80	c80	c80	c80	c80	c80	c80	c80	c80	c80	c80	c80	c80	c80	c80	c80	c80	c80	c80	c80	c80	c80	c80	c80	c80	c80	c80	c80	c80	c80	c80	c80	c80	c80	c80	c80	c80	c80	c80	c80	c80	c80	c80	c80	c80	c80	c80	c80	c80	c80	c80	c80	c80	c80	c80	c80	c80	c80	c80	c80	c80	c80	c80	c80	c80	c80	c80	c80	c80	c80	c80	c80	c80	c80	c80	c80	c80	c80	c80	c80	c80	c80	c80	c80	c80	c80	c80	c80	c80	c80	c80	c80	c80	c80	c80	c80	c80	c80	c80	c80	c80	c80	c80	c80	c80	c80	c80	c80	c80	c80	c80	c80	c80	c80	c80	c80	c80	c80	c80	c80	c80	c80	c80	c80	c80	c80	c80	c80	c80	c80	c80	c80	c80	c80	c80	c80	c80	c80	c80	c80	c80	c80	c80	c80	c80	c80	c80	c80	c80	c80	c80	c80	c80	c80	c80	c80	c80	c80	c80	c80	c80	c80	c80	c80	c80	c80	c80	c80	c80	c80	c80	c80	c80	c80	c80	c80	c80	c80	c80	c80	c80	c80	c80	c80	c80	c80	c80	c80	c80	c80	c80	c80	c80	c80	c80	c80	c80	c80	c80	c80	c80	c80	c80	c80	c80	c80	c80	c80	c80	c80	c80	c80	c80	c80	c80	c80	c80	c80	c80	c80	c80	c80	c80	c80	c80	c80	c80	c80	c80	c80	c80	c80	c80	c80	c80	c80	c80	c80	c80	c80	c80	c80	c80	c80	c80	c80	c80	c80	c80	c80	c80	c80	c80	c80	c80	c80	c80	c80	c80	c80	c80	c80	c80	c80	c80	c80	c80	c80	c80	c80	c80	c80	c80	c80	c80	c80	c80	c80	c80	c80	c80	c80	c80	c80	c80	c80	c80	c80	c80	c80	c80	c80	c80	c80	c80	c80	c80	c80	c80	c80	c80	c80	c80	c80	c80	c80	c80	c80	c80	c80	c80	c80	c80	c80	c80	c80	c80	c80	c80	c80	c80	c80	c80	c80	c80	c80	c80	c80	c80
c80	c80	c80	c80	c80	c80	c80	c80	c80	c80	c80	c80	c80	c80	c80	c80	c80	c80	c80	c80	c80	c80	c80	c80	c80	c80	c80	c80	c80	c80	c80	c80	c80	c80	c80	c80	c80	c80	c80	c80	c80	c80	c80	c80	c80	c80	c80	c80	c80	c80	c80	c80	c80	c80	c80	c80	c80	c80	c80	c80	c80	c80	c80	c80	c80	c80	c80	c80	c80	c80	c80	c80	c80	c80	c80	c80	c80	c80	c80	c80	c80	c80	c80	c80	c80	c80	c80	c80	c80	c80	c80	c80	c80	c80	c80	c80	c80	c80	c80	c80	c80	c80	c80	c80	c80	c80	c80	c80	c80	c80	c80	c80	c80	c80	c80	c80	c80	c80	c80	c80	c80	c80	c80	c80	c80	c80	c80	c80	c80	c80	c80	c80	c80	c80	c80	c80	c80	c80	c80	c80	c80	c80	c80	c80	c80	c80	c80	c80	c80	c80	c80	c80	c80	c80	c80	c80	c80	c80	c80	c80	c80	c80	c80	c80	c80	c80	c80	c80	c80	c80	c80	c80	c80	c80	c80	c80	c80	c80	c80	c80	c80	c80	c80	c80	c80	c80	c80	c80	c80	c80	c80	c80	c80	c80	c80	c80	c80	c80	c80	c80	c80	c80	c80	c80	c80	c80	c80	c80	c80	c80	c80	c80	c80	c80	c80	c80	c80	c80	c80	c80	c80	c80	c80	c80	c80	c80	c80	c80	c80	c80	c80	c80	c80	c80	c80	c80	c80	c80	c80	c80	c80	c80	c80	c80	c80	c80	c80	c80	c80	c80	c80	c80	c80	c80	c80	c80	c80	c80	c80	c80	c80	c80	c80	c80	c80	c80	c80	c80	c80	c80	c80	c80	c80	c80	c80	c80	c80	c80	c80	c80	c80	c80	c80	c80	c80	c80	c80	c80	c80	c80	c80	c80	c80	c80	c80	c80	c80	c80	c80	c80	c80	c80	c80	c80	c80	c80	c80	c80	c80	c80	c80	c80	c80	c80	c80	c80	c80	c80	c80	c80	c80	c80	c80	c80	c80	c80	c80	c80	c80	c80	c80	c80	c80	c80	c80	c80	c80	c80	c80	c80	c80	c80	c80	c80	c80	c80	c80	c80	c80	c80	c80	c80	c80	c80	c80	c80	c80	c80	c80	c80	c80	c80	c80	c80	c80	c80	c80	c80	c80	c80	c80	c80	c80	c80	c80	c80	c80	c80	c80	c80	c80	c80	c80	c80	c80	c80	c80	c80	c80	c80	c80	c80	c80	c80	c80	c80	c80	c80	c80	c80	c80	c80	c80	c80	c80	c80	c80	c80	c80	c80	c80	c80	c80	c80	c80	c80	c80	c80	c80	c80	c80	c80	c80	c80	c80	c80	c80	c80	c80	c80	c80	c80	c80	c80	c80	c80	c80	c80	c80	c80	c80	c80	c80	c80	c80	c80	c80	c80	c80	c80	c80	c80	c80	c80	c80	c80	c80	c80	c80	c80	c80	c80	c80	c80	c80	c80	c80	c80	c80	c80	c80	c80	c80	c80	c80	c80	c80	c80	c80	c80	c80	c80	c80	c80	c80	c80	c80	c80	c80	c80	c80	c80	c80	c80	c80	c80	c80	c80	c80	c80	c80	c80	c80	c80	c80	c80	c80	c80	c80	c80	c80	c80
c80	c80	c80	c80	c80	c80	c80	c80	c80	c80	c80	c80	c80	c80	c80	c80	c80	c80	c80	c80	c80	c80	c80	c80	c80	c80	c80	c80	c80	c80	c80	c80	c80	c80	c80	c80	c80	c80	c80	c80	c80	c80	c80	c80	c80	c80	c80	c80	c80	c80	c80	c80	c80	c80	c80	c80	c80	c80	c80	c80	c80	c80	c80	c80	c80	c80	c80	c80	c80	c80	c80	c80	c80	c80	c80	c80	c80	c80	c80	c80	c80	c80	c80	c80	c80	c80	c80	c80	c80	c80	c80	c80	c80	c80	c80	c80	c80	c80	c80	c80	c80	c80	c80	c80	c80	c80	c80	c80	c80	c80	c80	c80	c80	c80	c80	c80	c80	c80	c80	c80	c80	c80	c80	c80	c80	c80	c80	c80	c80	c80	c80	c80	c80	c80	c80	c80	c80	c80	c80	c80	c80	c80	c80	c80	c80	c80	c80	c80	c80	c80	c80	c80	c80	c80	c80	c80	c80	c80	c80	c80	c80	c80	c80	c80	c80	c80	c80	c80	c80	c80	c80	c80	c80	c80	c80	c80	c80	c80	c80	c80	c80	c80	c80	c80	c80	c80	c80	c80	c80	c80	c80	c80	c80	c80	c80	c80	c80	c80	c80	c80	c80	c80	c80	c80	c80	c80	c80	c80	c80	c80	c80	c80	c80	c80	c80	c80	c80	c80	c80	c80	c80	c80	c80	c80	c80	c80	c80	c80	c80	c80	c80	c80	c80	c80	c80	c80	c80	c80	c80	c80	c80	c80	c80	c80	c80	c80	c80	c80	c80	c80	c80	c80	c80	c80	c80	c80	c80	c80	c80	c80	c80	c80	c80	c80	c80	c80	c80	c80	c80	c80	c80	c80	c80	c80	c80	c80	c80	c80	c80	c80	c80	c80	c80	c80	c80	c80	c80	c80	c80	c80	c80	c80	c80	c80	c80	c80	c80	c80	c80	c80	c80	c80	c80	c80	c80	c80	c80	c80	c80	c80	c80	c80	c80	c80	c80	c80	c80	c80	c80	c80	c80	c80	c80	c80	c80	c80	c80	c80	c80	c80	c80	c80	c80	c80	c80	c80	c80	c80	c80	c80	c80	c80	c80	c80	c80	c80	c80	c80	c80	c80	c80	c80	c80	c80	c80	c80	c80	c80	c80	c80	c80	c80	c80	c80	c80	c80	c80	c80	c80	c80	c80	c80	c80	c80	c80	c80	c80	c80	c80	c80	c80	c80	c80	c80	c80	c80	c80	c80	c80	c80	c80	c80	c80	c80	c80	c80	c80	c80	c80	c80	c80	c80	c80	c80	c80	c80	c80	c80	c80	c80	c80	c80	c80	c80	c80	c80	c80	c80	c80	c80	c80	c80	c80	c80	c80	c80	c80	c80	c80	c80	c80	c80	c80	c80	c80	c80	c80	c80	c80	c80	c80	c80	c80	c80	c80	c80	c80	c80	c80	c80	c80	c80	c80	c80	c80	c80	c80	c80	c80	c80	c80	c80	c80	c80	c80	c80	c80	c80	c80	c80	c80	c80	c80	c80	c80	c80	c80	c80	c80	c80	c80	c80	c80	c80	c80	c80	c80	c80	c80	c80	c80	c80	c80	c80	c80	c80	c80	c80	c80	c80	c80	c80	c80	c80	c80	c80	c80	c80	c80	c80	c80	c80
c80	c80	c80	c80	c80	c80	c80	c80	c80	c80	c80	c80	c80	c80	c80	c80	c80	c80	c80	c80	c80	c80	c80	c80	c80	c80	c80	c80	c80	c80	c80	c80	c80	c80	c80	c80	c80	c80	c80	c80	c80	c80	c80	c80	c80	c80	c80	c80	c80	c80	c80	c80	c80	c80	c80	c80	c80	c80	c80	c80	c80	c80	c80	c80	c80	c80	c80	c80	c80	c80	c80	c80	c80	c80	c80	c80	c80	c80	c80	c80	c80	c80	c80	c80	c80	c80	c80	c80	c80	c80	c80	c80	c80	c80	c80	c80	c80	c80	c80	c80	c80	c80	c80	c80	c80	c80	c80	c80	c80	c80	c80	c80	c80	c80	c80	c80	c80	c80	c80	c80	c80	c80	c80	c80	c80	c80	c80	c80	c80	c80	c80	c80	c80	c80	c80	c80	c80	c80	c80	c80	c80	c80	c80	c80	c80	c80	c80	c80	c80	c80	c80	c80	c80	c80	c80	c80	c80	c80	c80	c80	c80	c80	c80	c80	c80	c80	c80	c80	c80	c80	c80	c80	c80	c80	c80	c80	c80	c80	c80	c80	c80	c80	c80	c80	c80	c80	c80	c80	c80	c80	c80	c80	c80	c80	c80	c80	c80	c80	c80	c80	c80	c80	c80	c80	c80	c80	c80	c80	c80	c80	c80	c80	c80	c80	c80	c80	c80	c80	c80	c80	c80	c80	c80	c80	c80	c80	c80	c80	c80	c80	c80	c80	c80	c80	c80	c80	c80	c80	c80	c80	c80	c80	c80	c80	c80	c80	c80	c80	c80	c80	c80	c80	c80	c80	c80	c80	c80	c80	c80	c80	c80	c80	c80	c80	c80	c80	c80	c80	c80	c80	c80	c80	c80	c80	c80	c80	c80	c80	c80	c80	c80	c80	c80	c80	c80	c80	c80	c80	c80	c80	c80	c80	c80	c80	c80	c80	c80	c80	c80	c80	c80	c80	c80	c80	c80	c80	c80	c80	c80	c80	c80	c80	c80	c80	c80	c80	c80	c80	c80	c80	c80	c80	c80	c80	c80	c80	c80	c80	c80	c80	c80	c80	c80	c80	c80	c80	c80	c80	c80	c80	c80	c80	c80	c80	c80	c80	c80	c80	c80	c80	c80	c80	c80	c80	c80	c80	c80	c80	c80	c80	c80	c80	c80	c80	c80	c80	c80	c80	c80	c80	c80	c80	c80	c80	c80	c80	c80	c80	c80	c80	c80	c80	c80	c80	c80	c80	c80	c80	c80	c80	c80	c80	c80	c80	c80	c80	c80	c80	c80	c80	c80	c80	c80	c80	c80	c80	c80	c80	c80	c80	c80	c80	c80	c80	c80	c80	c80	c80	c80	c80	c80	c80	c80	c80	c80	c80	c80	c80	c80	c80	c80	c80	c80	c80	c80	c80	c80	c80	c80	c80	c80	c80	c80	c80	c80	c80	c80	c80	c80	c80	c80	c80	c80	c80	c80	c80	c80	c80	c80	c80	c80	c80	c80	c80	c80	c80	c80	c80	c80	c80	c80	c80	c80	c80	c80	c80	c80	c80	c80	c80	c80	c80	c80	c80	c80	c80	c80	c80	c80	c80	c80	c80	c80	c80	c80	c80	c80	c80	c80	c80	c80	c80	c80	c80	c80	c80	c80	c80	c80	c80	c80	c80
c80	c80	c80	c80	c80	c80	c80	c80	c80	c80	c80	c80	c80	c80	c80	c80	c80	c80	c80	c80	c80	c80	c80	c80	c80	c80	c80	c80	c80	c80	c80	c80	c80	c80	c80	c80	c80	c80	c80	c80	c80	c80	c80	c80	c80	c80	c80	c80	c80	c80	c80	c80	c80	c80	c80	c80	c80	c80	c80	c80	c80	c80	c80	c80	c80	c80	c80	c80	c80	c80	c80	c80	c80	c80	c80	c80	c80	c80	c80	c80	c80	c80	c80	c80	c80	c80	c80	c80	c80	c80	c80	c80	c80	c80	c80	c80	c80	c80	c80	c80	c80	c80	c80	c80	c80	c80	c80	c80	c80	c80	c80	c80	c80	c80	c80	c80	c80	c80	c80	c80	c80	c80	c80	c80	c80	c80	c80	c80	c80	c80	c80	c80	c80	c80	c80	c80	c80	c80	c80	c80	c80	c80	c80	c80	c80	c80	c80	c80	c80	c80	c80	c80	c80	c80	c80	c80	c80	c80	c80	c80	c80	c80	c80	c80	c80	c80	c80	c80	c80	c80	c80	c80	c80	c80	c80	c80	c80	c80	c80	c80	c80	c80	c80	c80	c80	c80	c80	c80	c80	c80	c80	c80	c80	c80	c80	c80	c80	c80	c80	c80	c80	c80	c80	c80	c80	c80	c80	c80	c80	c80	c80	c80	c80	c80	c80	c80	c80	c80	c80	c80	c80	c80	c80	c80	c80	c80	c80	c80	c80	c80	c80	c80	c80	c80	c80	c80	c80	c80	c80	c80	c80	c80	c80	c80	c80	c80	c80	c80	c80	c80	c80	c80	c80	c80	c80	c80	c80	c80	c80	c80	c80	c80	c80	c80	c80	c80	c80	c80	c80	c80	c80	c80	c80	c80	c80	c80	c80	c80	c80	c80	c80	c80	c80	c80	c80	c80	c80	c80	c80	c80	c80	c80	c80	c80	c80	c80	c80	c80	c80	c80	c80	c80	c80	c80	c80	c80	c80	c80	c80	c80	c80	c80	c80	c80	c80	c80	c80	c80	c80	c80	c80	c80	c80	c80	c80	c80	c80	c80	c80	c80	c80	c80	c80	c80	c80	c80	c80	c80	c80	c80	c80	c80	c80	c80	c80	c80	c80	c80	c80	c80	c80	c80	c80	c80	c80	c80	c80	c80	c80	c80	c80	c80	c80	c80	c80	c80	c80	c80	c80	c80	c80	c80	c80	c80	c80	c80	c80	c80	c80	c80	c80	c80	c80	c80	c80	c80	c80	c80	c80	c80	c80	c80	c80	c80	c80	c80	c80	c80	c80	c80	c80	c80	c80	c80	c80	c80	c80	c80	c80	c80	c80	c80	c80	c80	c80	c80	c80	c80	c80	c80	c80	c80	c80	c80	c80	c80	c80	c80	c80	c80	c80	c80	c80	c80	c80	c80	c80	c80	c80	c80	c80	c80	c80	c80	c80	c80	c80	c80	c80	c80	c80	c80	c80	c80	c80	c80	c80	c80	c80	c80	c80	c80	c80	c80	c80	c80	c80	c80	c80	c80	c80	c80	c80	c80	c80	c80	c80	c80	c80	c80	c80	c80	c80	c80	c80	c80	c80	c80	c80	c80	c80	c80	c80	c80	c80	c80	c80	c80	c80	c80	c80	c80	c80	c80	c80	c80	c80	c80	c80	c80	c80	c80
c80	c80	c80	c80	c80	c80	c80	c80	c80	c80	c80	c80	c80	c80	c80	c80	c80	c80	c80	c80	c80	c80	c80	c80	c80	c80	c80	c80	c80	c80	c80	c80	c80	c80	c80	c80	c80	c80	c80	c80	c80	c80	c80	c80	c80	c80	c80	c80	c80	c80	c80	c80	c80	c80	c80	c80	c80	c80	c80	c80	c80	c80	c80	c80	c80	c80	c80	c80	c80	c80	c80	c80	c80	c80	c80	c80	c80	c80	c80	c80	c80	c80	c80	c80	c80	c80	c80	c80	c80	c80	c80	c80	c80	c80	c80	c80	c80	c80	c80	c80	c80	c80	c80	c80	c80	c80	c80	c80	c80	c80	c80	c80	c80	c80	c80	c80	c80	c80	c80	c80	c80	c80	c80	c80	c80	c80	c80	c80	c80	c80	c80	c80	c80	c80	c80	c80	c80	c80	c80	c80	c80	c80	c80	c80	c80	c80	c80	c80	c80	c80	c80	c80	c80	c80	c80	c80	c80	c80	c80	c80	c80	c80	c80	c80	c80	c80	c80	c80	c80	c80	c80	c80	c80	c80	c80	c80	c80	c80	c80	c80	c80	c80	c80	c80	c80	c80	c80	c80	c80	c80	c80	c80	c80	c80	c80	c80	c80	c80	c80	c80	c80	c80	c80	c80	c80	c80	c80	c80	c80	c80	c80	c80	c80	c80	c80	c80	c80	c80	c80	c80	c80	c80	c80	c80	c80	c80	c80	c80	c80	c80	c80	c80	c80	c80	c80	c80	c80	c80	c80	c80	c80	c80	c80	c80	c80	c80	c80	c80	c80	c80	c80	c80	c80	c80	c80	c80	c80	c80	c80	c80	c80	c80	c80	c80	c80	c80	c80	c80	c80	c80	c80	c80	c80	c80	c80	c80	c80	c80	c80	c80	c80	c80	c80	c80	c80	c80	c80	c80	c80	c80	c80	c80	c80	c80	c80	c80	c80	c80	c80	c80	c80	c80	c80	c80	c80	c80	c80	c80	c80	c80	c80	c80	c80	c80	c80	c80	c80	c80	c80	c80	c80	c80	c80	c80	c80	c80	c80	c80	c80	c80	c80	c80	c80	c80	c80	c80	c80	c80	c80	c80	c80	c80	c80	c80	c80	c80	c80	c80	c80	c80	c80	c80	c80	c80	c80	c80	c80	c80	c80	c80	c80	c80	c80	c80	c80	c80	c80	c80	c80	c80	c80	c80	c80	c80	c80	c80	c80	c80	c80	c80	c80	c80	c80	c80	c80	c80	c80	c80	c80	c80	c80	c80	c80	c80	c80	c80	c80	c80	c80	c80	c80	c80	c80	c80	c80	c80	c80	c80	c80	c80	c80	c80	c80	c80	c80	c80	c80	c80	c80	c80	c80	c80	c80	c80	c80	c80	c80	c80	c80	c80	c80	c80	c80	c80	c80	c80	c80	c80	c80	c80	c80	c80	c80	c80	c80	c80	c80	c80	c80	c80	c80	c80	c80	c80	c80	c80	c80	c80	c80	c80	c80	c80	c80	c80	c80	c80	c80	c80	c80	c80	c80	c80	c80	c80	c80	c80	c80	c80	c80	c80	c80	c80	c80	c80	c80	c80	c80	c80	c80	c80	c80	c80	c80	c80	c80	c80	c80	c80	c80	c80	c80	c80	c80	c80	c80	c80	c80	c80	c80	c80	c80	c80
c80	c80	c80	c80	c80	c80	c80	c80	c80	c80	c80	c80	c80	c80	c80	c80	c80	c80	c80	c80	c80	c80	c80	c80	c80	c80	c80	c80	c80	c80	c80	c80	c80	c80	c80	c80	c80	c80	c80	c80	c80	c80	c80	c80	c80	c80	c80	c80	c80	c80	c80	c80	c80	c80	c80	c80	c80	c80	c80	c80	c80	c80	c80	c80	c80	c80	c80	c80	c80	c80	c80	c80	c80	c80	c80	c80	c80	c80	c80	c80	c80	c80	c80	c80	c80	c80	c80	c80	c80	c80	c80	c80	c80	c80	c80	c80	c80	c80	c80	c80	c80	c80	c80	c80	c80	c80	c80	c80	c80	c80	c80	c80	c80	c80	c80	c80	c80	c80	c80	c80	c80	c80	c80	c80	c80	c80	c80	c80	c80	c80	c80	c80	c80	c80	c80	c80	c80	c80	c80	c80	c80	c80	c80	c80	c80	c80	c80	c80	c80	c80	c80	c80	c80	c80	c80	c80	c80	c80	c80	c80	c80	c80	c80	c80	c80	c80	c80	c80	c80	c80	c80	c80	c80	c80	c80	c80	c80	c80	c80	c80	c80	c80	c80	c80	c80	c80	c80	c80	c80	c80	c80	c80	c80	c80	c80	c80	c80	c80	c80	c80	c80	c80	c80	c80	c80	c80	c80	c80	c80	c80	c80	c80	c80	c80	c80	c80	c80	c80	c80	c80	c80	c80	c80	c80	c80	c80	c80	c80	c80	c80	c80	c80	c80	c80	c80	c80	c80	c80	c80	c80	c80	c80	c80	c80	c80	c80	c80	c80	c80	c80	c80	c80	c80	c80	c80	c80	c80	c80	c80	c80	c80	c80	c80	c80	c80	c80	c80	c80	c80	c80	c80	c80	c80	c80	c80	c80	c80	c80	c80	c80	c80	c80	c80	c80	c80	c80	c80	c80	c80	c80	c80	c80	c80	c80	c80	c80	c80	c80	c80	c80	c80	c80	c80	c80	c80	c80	c80	c80	c80	c80	c80	c80	c80	c80	c80	c80	c80	c80	c80	c80	c80	c80	c80	c80	c80	c80	c80	c80	c80	c80	c80	c80	c80	c80	c80	c80	c80	c80	c80	c80	c80	c80	c80	c80	c80	c80	c80	c80	c80	c80	c80	c80	c80	c80	c80	c80	c80	c80	c80	c80	c80	c80	c80	c80	c80	c80	c80	c80	c80	c80	c80	c80	c80	c80	c80	c80	c80	c80	c80	c80	c80	c80	c80	c80	c80	c80	c80	c80	c80	c80	c80	c80	c80	c80	c80	c80	c80	c80	c80	c80	c80	c80	c80	c80	c80	c80	c80	c80	c80	c80	c80	c80	c80	c80	c80	c80	c80	c80	c80	c80	c80	c80	c80	c80	c80	c80	c80	c80	c80	c80	c80	c80	c80	c80	c80	c80	c80	c80	c80	c80	c80	c80	c80	c80	c80	c80	c80	c80	c80	c80	c80	c80	c80	c80	c80	c80	c80	c80	c80	c80	c80	c80	c80	c80	c80	c80	c80	c80	c80	c80	c80	c80	c80	c80	c80	c80	c80	c80	c80	c80	c80	c80	c80	c80	c80	c80	c80	c80	c80	c80	c80	c80	c80	c80	c80	c80	c80	c80	c80	c80	c80	c80	c80	c80	c80	c80	c80	c80	c80	c80	c80	c80
c80	c80	c80	c80	c80	c80	c80	c80	c80	c80	c80	c80	c80	c80	c80	c80	c80	c80	c80	c80	c80	c80	c80	c80	c80	c80	c80	c80	c80	c80	c80	c80	c80	c80	c80	c80	c80	c80	c80	c80	c80	c80	c80	c80	c80	c80	c80	c80	c80	c80	c80	c80	c80	c80	c80	c80	c80	c80	c80	c80	c80	c80	c80	c80	c80	c80	c80	c80	c80	c80	c80	c80	c80	c80	c80	c80	c80	c80	c80	c80	c80	c80	c80	c80	c80	c80	c80	c80	c80	c80	c80	c80	c80	c80	c80	c80	c80	c80	c80	c80	c80	c80	c80	c80	c80	c80	c80	c80	c80	c80	c80	c80	c80	c80	c80	c80	c80	c80	c80	c80	c80	c80	c80	c80	c80	c80	c80	c80	c80	c80	c80	c80	c80	c80	c80	c80	c80	c80	c80	c80	c80	c80	c80	c80	c80	c80	c80	c80	c80	c80	c80	c80	c80	c80	c80	c80	c80	c80	c80	c80	c80	c80	c80	c80	c80	c80	c80	c80	c80	c80	c80	c80	c80	c80	c80	c80	c80	c80	c80	c80	c80	c80	c80	c80	c80	c80	c80	c80	c80	c80	c80	c80	c80	c80	c80	c80	c80	c80	c80	c80	c80	c80	c80	c80	c80	c80	c80	c80	c80	c80	c80	c80	c80	c80	c80	c80	c80	c80	c80	c80	c80	c80	c80	c80	c80	c80	c80	c80	c80	c80	c80	c80	c80	c80	c80	c80	c80	c80	c80	c80	c80	c80	c80	c80	c80	c80	c80	c80	c80	c80	c80	c80	c80	c80	c80	c80	c80	c80	c80	c80	c80	c80	c80	c80	c80	c80	c80	c80	c80	c80	c80	c80	c80	c80	c80	c80	c80	c80	c80	c80	c80	c80	c80	c80	c80	c80	c80	c80	c80	c80	c80	c80	c80	c80	c80	c80	c80	c80	c80	c80	c80	c80	c80	c80	c80	c80	c80	c80	c80	c80	c80	c80	c80	c80	c80	c80	c80	c80	c80	c80	c80	c80	c80	c80	c80	c80	c80	c80	c80	c80	c80	c80	c80	c80	c80	c80	c80	c80	c80	c80	c80	c80	c80	c80	c80	c80	c80	c80	c80	c80	c80	c80	c80	c80	c80	c80	c80	c80	c80	c80	c80	c80	c80	c80	c80	c80	c80	c80	c80	c80	c80	c80	c80	c80	c80	c80	c80	c80	c80	c80	c80	c80	c80	c80	c80	c80	c80	c80	c80	c80	c80	c80	c80	c80	c80	c80	c80	c80	c80	c80	c80	c80	c80	c80	c80	c80	c80	c80	c80	c80	c80	c80	c80	c80	c80	c80	c80	c80	c80	c80	c80	c80	c80	c80	c80	c80	c80	c80	c80	c80	c80	c80	c80	c80	c80	c80	c80	c80	c80	c80	c80	c80	c80	c80	c80	c80	c80	c80	c80	c80	c80	c80	c80	c80	c80	c80	c80	c80	c80	c80	c80	c80	c80	c80	c80	c80	c80	c80	c80	c80	c80	c80	c80	c80	c80	c80	c80	c80	c80	c80	c80	c80	c80	c80	c80	c80	c80	c80	c80	c80	c80	c80	c80	c80	c80	c80	c80	c80	c80	c80	c80	c80	c80	c80	c80	c80	c80	c80	c80	c80	c80	c80
c80	c80	c80	c80	c80	c80	c80	c80	c80	c80	c80	c80	c80	c80	c80	c80	c80	c80	c80	c80	c80	c80	c80	c80	c80	c80	c80	c80	c80	c80	c80	c80	c80	c80	c80	c80	c80	c80	c80	c80	c80	c80	c80	c80	c80	c80	c80	c80	c80	c80	c80	c80	c80	c80	c80	c80	c80	c80	c80	c80	c80	c80	c80	c80	c80	c80	c80	c80	c80	c80	c80	c80	c80	c80	c80	c80	c80	c80	c80	c80	c80	c80	c80	c80	c80	c80	c80	c80	c80	c80	c80	c80	c80	c80	c80	c80	c80	c80	c80	c80	c80	c80	c80	c80	c80	c80	c80	c80	c80	c80	c80	c80	c80	c80	c80	c80	c80	c80	c80	c80	c80	c80	c80	c80	c80	c80	c80	c80	c80	c80	c80	c80	c80	c80	c80	c80	c80	c80	c80	c80	c80	c80	c80	c80	c80	c80	c80	c80	c80	c80	c80	c80	c80	c80	c80	c80	c80	c80	c80	c80	c80	c80	c80	c80	c80	c80	c80	c80	c80	c80	c80	c80	c80	c80	c80	c80	c80	c80	c80	c80	c80	c80	c80	c80	c80	c80	c80	c80	c80	c80	c80	c80	c80	c80	c80	c80	c80	c80	c80	c80	c80	c80	c80	c80	c80	c80	c80	c80	c80	c80	c80	c80	c80	c80	c80	c80	c80	c80	c80	c80	c80	c80	c80	c80	c80	c80	c80	c80	c80	c80	c80	c80	c80	c80	c80	c80	c80	c80	c80	c80	c80	c80	c80	c80	c80	c80	c80	c80	c80	c80	c80	c80	c80	c80	c80	c80	c80	c80	c80	c80	c80	c80	c80	c80	c80	c80	c80	c80	c80	c80	c80	c80	c80	c80	c80	c80	c80	c80	c80	c80	c80	c80	c80	c80	c80	c80	c80	c80	c80	c80	c80	c80	c80	c80	c80	c80	c80	c80	c80	c80	c80	c80	c80	c80	c80	c80	c80	c80	c80	c80	c80	c80	c80	c80	c80	c80	c80	c80	c80	c80	c80	c80	c80	c80	c80	c80	c80	c80	c80	c80	c80	c80	c80	c80	c80	c80	c80	c80	c80	c80	c80	c80	c80	c80	c80	c80	c80	c80	c80	c80	c80	c80	c80	c80	c80	c80	c80	c80	c80	c80	c80	c80	c80	c80	c80	c80	c80	c80	c80	c80	c80	c80	c80	c80	c80	c80	c80	c80	c80	c80	c80	c80	c80	c80	c80	c80	c80	c80	c80	c80	c80	c80	c80	c80	c80	c80	c80	c80	c80	c80	c80	c80	c80	c80	c80	c80	c80	c80	c80	c80	c80	c80	c80	c80	c80	c80	c80	c80	c80	c80	c80	c80	c80	c80	c80	c80	c80	c80	c80	c80	c80	c80	c80	c80	c80	c80	c80	c80	c80	c80	c80	c80	c80	c80	c80	c80	c80	c80	c80	c80	c80	c80	c80	c80	c80	c80	c80	c80	c80	c80	c80	c80	c80	c80	c80	c80	c80	c80	c80	c80	c80	c80	c80	c80	c80	c80	c80	c80	c80	c80	c80	c80	c80	c80	c80	c80	c80	c80	c80	c80	c80	c80	c80	c80	c80	c80	c80	c80	c80	c80	c80	c80	c80	c80	c80	c80	c80	c80	c80	c80	c80	c80
c80	c80	c80	c80	c80	c80	c80	c80	c80	c80	c80	c80	c80	c80	c80	c80	c80	c80	c80	c80	c80	c80	c80	c80	c80	c80	c80	c80	c80	c80	c80	c80	c80	c80	c80	c80	c80	c80	c80	c80	c80	c80	c80	c80	c80	c80	c80	c80	c80	c80	c80	c80	c80	c80	c80	c80	c80	c80	c80	c80	c80	c80	c80	c80	c80	c80	c80	c80	c80	c80	c80	c80	c80	c80	c80	c80	c80	c80	c80	c80	c80	c80	c80	c80	c80	c80	c80	c80	c80	c80	c80	c80	c80	c80	c80	c80	c80	c80	c80	c80	c80	c80	c80	c80	c80	c80	c80	c80	c80	c80	c80	c80	c80	c80	c80	c80	c80	c80	c80	c80	c80	c80	c80	c80	c80	c80	c80	c80	c80	c80	c80	c80	c80	c80	c80	c80	c80	c80	c80	c80	c80	c80	c80	c80	c80	c80	c80	c80	c80	c80	c80	c80	c80	c80	c80	c80	c80	c80	c80	c80	c80	c80	c80	c80	c80	c80	c80	c80	c80	c80	c80	c80	c80	c80	c80	c80	c80	c80	c80	c80	c80	c80	c80	c80	c80	c80	c80	c80	c80	c80	c80	c80	c80	c80	c80	c80	c80	c80	c80	c80	c80	c80	c80	c80	c80	c80	c80	c80	c80	c80	c80	c80	c80	c80	c80	c80	c80	c80	c80	c80	c80	c80	c80	c80	c80	c80	c80	c80	c80	c80	c80	c80	c80	c80	c80	c80	c80	c80	c80	c80	c80	c80	c80	c80	c80	c80	c80	c80	c80	c80	c80	c80	c80	c80	c80	c80	c80	c80	c80	c80	c80	c80	c80	c80	c80	c80	c80	c80	c80	c80	c80	c80	c80	c80	c80	c80	c80	c80	c80	c80	c80	c80	c80	c80	c80	c80	c80	c80	c80	c80	c80	c80	c80	c80	c80	c80	c80	c80	c80	c80	c80	c80	c80	c80	c80	c80	c80	c80	c80	c80	c80	c80	c80	c80	c80	c80	c80	c80	c80	c80	c80	c80	c80	c80	c80	c80	c80	c80	c80	c80	c80	c80	c80	c80	c80	c80	c80	c80	c80	c80	c80	c80	c80	c80	c80	c80	c80	c80	c80	c80	c80	c80	c80	c80	c80	c80	c80	c80	c80	c80	c80	c80	c80	c80	c80	c80	c80	c80	c80	c80	c80	c80	c80	c80	c80	c80	c80	c80	c80	c80	c80	c80	c80	c80	c80	c80	c80	c80	c80	c80	c80	c80	c80	c80	c80	c80	c80	c80	c80	c80	c80	c80	c80	c80	c80	c80	c80	c80	c80	c80	c80	c80	c80	c80	c80	c80	c80	c80	c80	c80	c80	c80	c80	c80	c80	c80	c80	c80	c80	c80	c80	c80	c80	c80	c80	c80	c80	c80	c80	c80	c80	c80	c80	c80	c80	c80	c80	c80	c80	c80	c80	c80	c80	c80	c80	c80	c80	c80	c80	c80	c80	c80	c80	c80	c80	c80	c80	c80	c80	c80	c80	c80	c80	c80	c80	c80	c80	c80	c80	c80	c80	c80	c80	c80	c80	c80	c80	c80	c80	c80	c80	c80	c80	c80	c80	c80	c80	c80	c80	c80	c80	c80	c80	c80	c80	c80	c80	c80	c80	c80	c80	c80
c80	c80	c80	c80	c80	c80	c80	c80	c80	c80	c80	c80	c80	c80	c80	c80	c80	c80	c80	c80	c80	c80	c80	c80	c80	c80	c80	c80	c80	c80	c80	c80	c80	c80	c80	c80	c80	c80	c80	c80	c80	c80	c80	c80	c80	c80	c80	c80	c80	c80	c80	c80	c80	c80	c80	c80	c80	c80	c80	c80	c80	c80	c80	c80	c80	c80	c80	c80	c80	c80	c80	c80	c80	c80	c80	c80	c80	c80	c80	c80	c80	c80	c80	c80	c80	c80	c80	c80	c80	c80	c80	c80	c80	c80	c80	c80	c80	c80	c80	c80	c80	c80	c80	c80	c80	c80	c80	c80	c80	c80	c80	c80	c80	c80	c80	c80	c80	c80	c80	c80	c80	c80	c80	c80	c80	c80	c80	c80	c80	c80	c80	c80	c80	c80	c80	c80	c80	c80	c80	c80	c80	c80	c80	c80	c80	c80	c80	c80	c80	c80	c80	c80	c80	c80	c80	c80	c80	c80	c80	c80	c80	c80	c80	c80	c80	c80	c80	c80	c80	c80	c80	c80	c80	c80	c80	c80	c80	c80	c80	c80	c80	c80	c80	c80	c80	c80	c80	c80	c80	c80	c80	c80	c80	c80	c80	c80	c80	c80	c80	c80	c80	c80	c80	c80	c80	c80	c80	c80	c80	c80	c80	c80	c80	c80	c80	c80	c80	c80	c80	c80	c80	c80	c80	c80	c80	c80	c80	c80	c80	c80	c80	c80	c80	c80	c80	c80	c80	c80	c80	c80	c80	c80	c80	c80	c80	c80	c80	c80	c80	c80	c80	c80	c80	c80	c80	c80	c80	c80	c80	c80	c80	c80	c80	c80	c80	c80	c80	c80	c80	c80	c80	c80	c80	c80	c80	c80	c80	c80	c80	c80	c80	c80	c80	c80	c80	c80	c80	c80	c80	c80	c80	c80	c80	c80	c80	c80	c80	c80	c80	c80	c80	c80	c80	c80	c80	c80	c80	c80	c80	c80	c80	c80	c80	c80	c80	c80	c80	c80	c80	c80	c80	c80	c80	c80	c80	c80	c80	c80	c80	c80	c80	c80	c80	c80	c80	c80	c80	c80	c80	c80	c80	c80	c80	c80	c80	c80	c80	c80	c80	c80	c80	c80	c80	c80	c80	c80	c80	c80	c80	c80	c80	c80	c80	c80	c80	c80	c80	c80	c80	c80	c80	c80	c80	c80	c80	c80	c80	c80	c80	c80	c80	c80	c80	c80	c80	c80	c80	c80	c80	c80	c80	c80	c80	c80	c80	c80	c80	c80	c80	c80	c80	c80	c80	c80	c80	c80	c80	c80	c80	c80	c80	c80	c80	c80	c80	c80	c80	c80	c80	c80	c80	c80	c80	c80	c80	c80	c80	c80	c80	c80	c80	c80	c80	c80	c80	c80	c80	c80	c80	c80	c80	c80	c80	c80	c80	c80	c80	c80	c80	c80	c80	c80	c80	c80	c80	c80	c80	c80	c80	c80	c80	c80	c80	c80	c80	c80	c80	c80	c80	c80	c80	c80	c80	c80	c80	c80	c80	c80	c80	c80	c80	c80	c80	c80	c80	c80	c80	c80	c80	c80	c80	c80	c80	c80	c80	c80	c80	c80	c80	c80	c80	c80	c80	c80	c80	c80	c80	c80	c80	c80	c80	c80
c80	c80	c80	c80	c80	c80	c80	c80	c80	c80	c80	c80	c80	c80	c80	c80	c80	c80	c80	c80	c80	c80	c80	c80	c80	c80	c80	c80	c80	c80	c80	c80	c80	c80	c80	c80	c80	c80	c80	c80	c80	c80	c80	c80	c80	c80	c80	c80	c80	c80	c80	c80	c80	c80	c80	c80	c80	c80	c80	c80	c80	c80	c80	c80	c80	c80	c80	c80	c80	c80	c80	c80	c80	c80	c80	c80	c80	c80	c80	c80	c80	c80	c80	c80	c80	c80	c80	c80	c80	c80	c80	c80	c80	c80	c80	c80	c80	c80	c80	c80	c80	c80	c80	c80	c80	c80	c80	c80	c80	c80	c80	c80	c80	c80	c80	c80	c80	c80	c80	c80	c80	c80	c80	c80	c80	c80	c80	c80	c80	c80	c80	c80	c80	c80	c80	c80	c80	c80	c80	c80	c80	c80	c80	c80	c80	c80	c80	c80	c80	c80	c80	c80	c80	c80	c80	c80	c80	c80	c80	c80	c80	c80	c80	c80	c80	c80	c80	c80	c80	c80	c80	c80	c80	c80	c80	c80	c80	c80	c80	c80	c80	c80	c80	c80	c80	c80	c80	c80	c80	c80	c80	c80	c80	c80	c80	c80	c80	c80	c80	c80	c80	c80	c80	c80	c80	c80	c80	c80	c80	c80	c80	c80	c80	c80	c80	c80	c80	c80	c80	c80	c80	c80	c80	c80	c80	c80	c80	c80	c80	c80	c80	c80	c80	c80	c80	c80	c80	c80	c80	c80	c80	c80	c80	c80	c80	c80	c80	c80	c80	c80	c80	c80	c80	c80	c80	c80	c80	c80	c80	c80	c80	c80	c80	c80	c80	c80	c80	c80	c80	c80	c80	c80	c80	c80	c80	c80	c80	c80	c80	c80	c80	c80	c80	c80	c80	c80	c80	c80	c80	c80	c80	c80	c80	c80	c80	c80	c80	c80	c80	c80	c80	c80	c80	c80	c80	c80	c80	c80	c80	c80	c80	c80	c80	c80	c80	c80	c80	c80	c80	c80	c80	c80	c80	c80	c80	c80	c80	c80	c80	c80	c80	c80	c80	c80	c80	c80	c80	c80	c80	c80	c80	c80	c80	c80	c80	c80	c80	c80	c80	c80	c80	c80	c80	c80	c80	c80	c80	c80	c80	c80	c80	c80	c80	c80	c80	c80	c80	c80	c80	c80	c80	c80	c80	c80	c80	c80	c80	c80	c80	c80	c80	c80	c80	c80	c80	c80	c80	c80	c80	c80	c80	c80	c80	c80	c80	c80	c80	c80	c80	c80	c80	c80	c80	c80	c80	c80	c80	c80	c80	c80	c80	c80	c80	c80	c80	c80	c80	c80	c80	c80	c80	c80	c80	c80	c80	c80	c80	c80	c80	c80	c80	c80	c80	c80	c80	c80	c80	c80	c80	c80	c80	c80	c80	c80	c80	c80	c80	c80	c80	c80	c80	c80	c80	c80	c80	c80	c80	c80	c80	c80	c80	c80	c80	c80	c80	c80	c80	c80	c80	c80	c80	c80	c80	c80	c80	c80	c80	c80	c80	c80	c80	c80	c80	c80	c80	c80	c80	c80	c80	c80	c80	c80	c80	c80	c80	c80	c80	c80	c80	c80	c80	c80	c80	c80	c80	c80	c80	c80	c80	c80	c80	c80
c80	c80	c80	c80	c80	c80	c80	c80	c80	c80	c80	c80	c80	c80	c80	c80	c80	c80	c80	c80	c80	c80	c80	c80	c80	c80	c80	c80	c80	c80	c80	c80	c80	c80	c80	c80	c80	c80	c80	c80	c80	c80	c80	c80	c80	c80	c80	c80	c80	c80	c80	c80	c80	c80	c80	c80	c80	c80	c80	c80	c80	c80	c80	c80	c80	c80	c80	c80	c80	c80	c80	c80	c80	c80	c80	c80	c80	c80	c80	c80	c80	c80	c80	c80	c80	c80	c80	c80	c80	c80	c80	c80	c80	c80	c80	c80	c80	c80	c80	c80	c80	c80	c80	c80	c80	c80	c80	c80	c80	c80	c80	c80	c80	c80	c80	c80	c80	c80	c80	c80	c80	c80	c80	c80	c80	c80	c80	c80	c80	c80	c80	c80	c80	c80	c80	c80	c80	c80	c80	c80	c80	c80	c80	c80	c80	c80	c80	c80	c80	c80	c80	c80	c80	c80	c80	c80	c80	c80	c80	c80	c80	c80	c80	c80	c80	c80	c80	c80	c80	c80	c80	c80	c80	c80	c80	c80	c80	c80	c80	c80	c80	c80	c80	c80	c80	c80	c80	c80	c80	c80	c80	c80	c80	c80	c80	c80	c80	c80	c80	c80	c80	c80	c80	c80	c80	c80	c80	c80	c80	c80	c80	c80	c80	c80	c80	c80	c80	c80	c80	c80	c80	c80	c80	c80	c80	c80	c80	c80	c80	c80	c80	c80	c80	c80	c80	c80	c80	c80	c80	c80	c80	c80	c80	c80	c80	c80	c80	c80	c80	c80	c80	c80	c80	c80	c80	c80	c80	c80	c80	c80	c80	c80	c80	c80	c80	c80	c80	c80	c80	c80	c80	c80	c80	c80	c80	c80	c80	c80	c80	c80	c80	c80	c80	c80	c80	c80	c80	c80	c80	c80	c80	c80	c80	c80	c80	c80	c80	c80	c80	c80	c80	c80	c80	c80	c80	c80	c80	c80	c80	c80	c80	c80	c80	c80	c80	c80	c80	c80	c80	c80	c80	c80	c80	c80	c80	c80	c80	c80	c80	c80	c80	c80	c80	c80	c80	c80	c80	c80	c80	c80	c80	c80	c80	c80	c80	c80	c80	c80	c80	c80	c80	c80	c80	c80	c80	c80	c80	c80	c80	c80	c80	c80	c80	c80	c80	c80	c80	c80	c80	c80	c80	c80	c80	c80	c80	c80	c80	c80	c80	c80	c80	c80	c80	c80	c80	c80	c80	c80	c80	c80	c80	c80	c80	c80	c80	c80	c80	c80	c80	c80	c80	c80	c80	c80	c80	c80	c80	c80	c80	c80	c80	c80	c80	c80	c80	c80	c80	c80	c80	c80	c80	c80	c80	c80	c80	c80	c80	c80	c80	c80	c80	c80	c80	c80	c80	c80	c80	c80	c80	c80	c80	c80	c80	c80	c80	c80	c80	c80	c80	c80	c80	c80	c80	c80	c80	c80	c80	c80	c80	c80	c80	c80	c80	c80	c80	c80	c80	c80	c80	c80	c80	c80	c80	c80	c80	c80	c80	c80	c80	c80	c80	c80	c80	c80	c80	c80	c80	c80	c80	c80	c80	c80	c80	c80	c80	c80	c80	c80	c80	c80	c80	c80	c80	c80	c80	c80	c80	c80	c80	c80	c80	c80
c80	c80	c80	c80	c80	c80	c80	c80	c80	c80	c80	c80	c80	c80	c80	c80	c80	c80	c80	c80	c80	c80	c80	c80	c80	c80	c80	c80	c80	c80	c80	c80	c80	c80	c80	c80	c80	c80	c80	c80	c80	c80	c80	c80	c80	c80	c80	c80	c80	c80	c80	c80	c80	c80	c80	c80	c80	c80	c80	c80	c80	c80	c80	c80	c80	c80	c80	c80	c80	c80	c80	c80	c80	c80	c80	c80	c80	c80	c80	c80	c80	c80	c80	c80	c80	c80	c80	c80	c80	c80	c80	c80	c80	c80	c80	c80	c80	c80	c80	c80	c80	c80	c80	c80	c80	c80	c80	c80	c80	c80	c80	c80	c80	c80	c80	c80	c80	c80	c80	c80	c80	c80	c80	c80	c80	c80	c80	c80	c80	c80	c80	c80	c80	c80	c80	c80	c80	c80	c80	c80	c80	c80	c80	c80	c80	c80	c80	c80	c80	c80	c80	c80	c80	c80	c80	c80	c80	c80	c80	c80	c80	c80	c80	c80	c80	c80	c80	c80	c80	c80	c80	c80	c80	c80	c80	c80	c80	c80	c80	c80	c80	c80	c80	c80	c80	c80	c80	c80	c80	c80	c80	c80	c80	c80	c80	c80	c80	c80	c80	c80	c80	c80	c80	c80	c80	c80	c80	c80	c80	c80	c80	c80	c80	c80	c80	c80	c80	c80	c80	c80	c80	c80	c80	c80	c80	c80	c80	c80	c80	c80	c80	c80	c80	c80	c80	c80	c80	c80	c80	c80	c80	c80	c80	c80	c80	c80	c80	c80	c80	c80	c80	c80	c80	c80	c80	c80	c80	c80	c80	c80	c80	c80	c80	c80	c80	c80	c80	c80	c80	c80	c80	c80	c80	c80	c80	c80	c80	c80	c80	c80	c80	c80	c80	c80	c80	c80	c80	c80	c80	c80	c80	c80	c80	c80	c80	c80	c80	c80	c80	c80	c80	c80	c80	c80	c80	c80	c80	c80	c80	c80	c80	c80	c80	c80	c80	c80	c80	c80	c80	c80	c80	c80	c80	c80	c80	c80	c80	c80	c80	c80	c80	c80	c80	c80	c80	c80	c80	c80	c80	c80	c80	c80	c80	c80	c80	c80	c80	c80	c80	c80	c80	c80	c80	c80	c80	c80	c80	c80	c80	c80	c80	c80	c80	c80	c80	c80	c80	c80	c80	c80	c80	c80	c80	c80	c80	c80	c80	c80	c80	c80	c80	c80	c80	c80	c80	c80	c80	c80	c80	c80	c80	c80	c80	c80	c80	c80	c80	c80	c80	c80	c80	c80	c80	c80	c80	c80	c80	c80	c80	c80	c80	c80	c80	c80	c80	c80	c80	c80	c80	c80	c80	c80	c80	c80	c80	c80	c80	c80	c80	c80	c80	c80	c80	c80	c80	c80	c80	c80	c80	c80	c80	c80	c80	c80	c80	c80	c80	c80	c80	c80	c80	c80	c80	c80	c80	c80	c80	c80	c80	c80	c80	c80	c80	c80	c80	c80	c80	c80	c80	c80	c80	c80	c80	c80	c80	c80	c80	c80	c80	c80	c80	c80	c80	c80	c80	c80	c80	c80	c80	c80	c80	c80	c80	c80	c80	c80	c80	c80	c80	c80	c80	c80	c80	c80	c80	c80	c80	c80	c80	c80	c80	c80
c80	c80	c80	c80	c80	c80	c80	c80	c80	c80	c80	c80	c80	c80	c80	c80	c80	c80	c80	c80	c80	c80	c80	c80	c80	c80	c80	c80	c80	c80	c80	c80	c80	c80	c80	c80	c80	c80	c80	c80	c80	c80	c80	c80	c80	c80	c80	c80	c80	c80	c80	c80	c80	c80	c80	c80	c80	c80	c80	c80	c80	c80	c80	c80	c80	c80	c80	c80	c80	c80	c80	c80	c80	c80	c80	c80	c80	c80	c80	c80	c80	c80	c80	c80	c80	c80	c80	c80	c80	c80	c80	c80	c80	c80	c80	c80	c80	c80	c80	c80	c80	c80	c80	c80	c80	c80	c80	c80	c80	c80	c80	c80	c80	c80	c80	c80	c80	c80	c80	c80	c80	c80	c80	c80	c80	c80	c80	c80	c80	c80	c80	c80	c80	c80	c80	c80	c80	c80	c80	c80	c80	c80	c80	c80	c80	c80	c80	c80	c80	c80	c80	c80	c80	c80	c80	c80	c80	c80	c80	c80	c80	c80	c80	c80	c80	c80	c80	c80	c80	c80	c80	c80	c80	c80	c80	c80	c80	c80	c80	c80	c80	c80	c80	c80	c80	c80	c80	c80	c80	c80	c80	c80	c80	c80	c80	c80	c80	c80	c80	c80	c80	c80	c80	c80	c80	c80	c80	c80	c80	c80	c80	c80	c80	c80	c80	c80	c80	c80	c80	c80	c80	c80	c80	c80	c80	c80	c80	c80	c80	c80	c80	c80	c80	c80	c80	c80	c80	c80	c80	c80	c80	c80	c80	c80	c80	c80	c80	c80	c80	c80	c80	c80	c80	c80	c80	c80	c80	c80	c80	c80	c80	c80	c80	c80	c80	c80	c80	c80	c80	c80	c80	c80	c80	c80	c80	c80	c80	c80	c80	c80	c80	c80	c80	c80	c80	c80	c80	c80	c80	c80	c80	c80	c80	c80	c80	c80	c80	c80	c80	c80	c80	c80	c80	c80	c80	c80	c80	c80	c80	c80	c80	c80	c80	c80	c80	c80	c80	c80	c80	c80	c80	c80	c80	c80	c80	c80	c80	c80	c80	c80	c80	c80	c80	c80	c80	c80	c80	c80	c80	c80	c80	c80	c80	c80	c80	c80	c80	c80	c80	c80	c80	c80	c80	c80	c80	c80	c80	c80	c80	c80	c80	c80	c80	c80	c80	c80	c80	c80	c80	c80	c80	c80	c80	c80	c80	c80	c80	c80	c80	c80	c80	c80	c80	c80	c80	c80	c80	c80	c80	c80	c80	c80	c80	c80	c80	c80	c80	c80	c80	c80	c80	c80	c80	c80	c80	c80	c80	c80	c80	c80	c80	c80	c80	c80	c80	c80	c80	c80	c80	c80	c80	c80	c80	c80	c80	c80	c80	c80	c80	c80	c80	c80	c80	c80	c80	c80	c80	c80	c80	c80	c80	c80	c80	c80	c80	c80	c80	c80	c80	c80	c80	c80	c80	c80	c80	c80	c80	c80	c80	c80	c80	c80	c80	c80	c80	c80	c80	c80	c80	c80	c80	c80	c80	c80	c80	c80	c80	c80	c80	c80	c80	c80	c80	c80	c80	c80	c80	c80	c80	c80	c80	c80	c80	c80	c80	c80	c80	c80	c80	c80	c80	c80	c80	c80	c80	c80	c80	c80	c80	c80	c80	c80
c80	c80	c80	c80	c80	c80	c80	c80	c80	c80	c80	c80	c80	c80	c80	c80	c80	c80	c80	c80	c80	c80	c80	c80	c80	c80	c80	c80	c80	c80	c80	c80	c80	c80	c80	c80	c80	c80	c80	c80	c80	c80	c80	c80	c80	c80	c80	c80	c80	c80	c80	c80	c80	c80	c80	c80	c80	c80	c80	c80	c80	c80	c80	c80	c80	c80	c80	c80	c80	c80	c80	c80	c80	c80	c80	c80	c80	c80	c80	c80	c80	c80	c80	c80	c80	c80	c80	c80	c80	c80	c80	c80	c80	c80	c80	c80	c80	c80	c80	c80	c80	c80	c80	c80	c80	c80	c80	c80	c80	c80	c80	c80	c80	c80	c80	c80	c80	c80	c80	c80	c80	c80	c80	c80	c80	c80	c80	c80	c80	c80	c80	c80	c80	c80	c80	c80	c80	c80	c80	c80	c80	c80	c80	c80	c80	c80	c80	c80	c80	c80	c80	c80	c80	c80	c80	c80	c80	c80	c80	c80	c80	c80	c80	c80	c80	c80	c80	c80	c80	c80	c80	c80	c80	c80	c80	c80	c80	c80	c80	c80	c80	c80	c80	c80	c80	c80	c80	c80	c80	c80	c80	c80	c80	c80	c80	c80	c80	c80	c80	c80	c80	c80	c80	c80	c80	c80	c80	c80	c80	c80	c80	c80	c80	c80	c80	c80	c80	c80	c80	c80	c80	c80	c80	c80	c80	c80	c80	c80	c80	c80	c80	c80	c80	c80	c80	c80	c80	c80	c80	c80	c80	c80	c80	c80	c80	c80	c80	c80	c80	c80	c80	c80	c80	c80	c80	c80	c80	c80	c80	c80	c80	c80	c80	c80	c80	c80	c80	c80	c80	c80	c80	c80	c80	c80	c80	c80	c80	c80	c80	c80	c80	c80	c80	c80	c80	c80	c80	c80	c80	c80	c80	c80	c80	c80	c80	c80	c80	c80	c80	c80	c80	c80	c80	c80	c80	c80	c80	c80	c80	c80	c80	c80	c80	c80	c80	c80	c80	c80	c80	c80	c80	c80	c80	c80	c80	c80	c80	c80	c80	c80	c80	c80	c80	c80	c80	c80	c80	c80	c80	c80	c80	c80	c80	c80	c80	c80	c80	c80	c80	c80	c80	c80	c80	c80	c80	c80	c80	c80	c80	c80	c80	c80	c80	c80	c80	c80	c80	c80	c80	c80	c80	c80	c80	c80	c80	c80	c80	c80	c80	c80	c80	c80	c80	c80	c80	c80	c80	c80	c80	c80	c80	c80	c80	c80	c80	c80	c80	c80	c80	c80	c80	c80	c80	c80	c80	c80	c80	c80	c80	c80	c80	c80	c80	c80	c80	c80	c80	c80	c80	c80	c80	c80	c80	c80	c80	c80	c80	c80	c80	c80	c80	c80	c80	c80	c80	c80	c80	c80	c80	c80	c80	c80	c80	c80	c80	c80	c80	c80	c80	c80	c80	c80	c80	c80	c80	c80	c80	c80	c80	c80	c80	c80	c80	c80	c80	c80	c80	c80	c80	c80	c80	c80	c80	c80	c80	c80	c80	c80	c80	c80	c80	c80	c80	c80	c80	c80	c80	c80	c80	c80	c80	c80	c80	c80	c80	c80	c80	c80	c80	c80	c80	c80	c80	c80	c80	c80	c80	c80	c80	c80	c80	c80
c80	c80	c80	c80	c80	c80	c80	c80	c80	c80	c80	c80	c80	c80	c80	c80	c80	c80	c80	c80	c80	c80	c80	c80	c80	c80	c80	c80	c80	c80	c80	c80	c80	c80	c80	c80	c80	c80	c80	c80	c80	c80	c80	c80	c80	c80	c80	c80	c80	c80	c80	c80	c80	c80	c80	c80	c80	c80	c80	c80	c80	c80	c80	c80	c80	c80	c80	c80	c80	c80	c80	c80	c80	c80	c80	c80	c80	c80	c80	c80	c80	c80	c80	c80	c80	c80	c80	c80	c80	c80	c80	c80	c80	c80	c80	c80	c80	c80	c80	c80	c80	c80	c80	c80	c80	c80	c80	c80	c80	c80	c80	c80	c80	c80	c80	c80	c80	c80	c80	c80	c80	c80	c80	c80	c80	c80	c80	c80	c80	c80	c80	c80	c80	c80	c80	c80	c80	c80	c80	c80	c80	c80	c80	c80	c80	c80	c80	c80	c80	c80	c80	c80	c80	c80	c80	c80	c80	c80	c80	c80	c80	c80	c80	c80	c80	c80	c80	c80	c80	c80	c80	c80	c80	c80	c80	c80	c80	c80	c80	c80	c80	c80	c80	c80	c80	c80	c80	c80	c80	c80	c80	c80	c80	c80	c80	c80	c80	c80	c80	c80	c80	c80	c80	c80	c80	c80	c80	c80	c80	c80	c80	c80	c80	c80	c80	c80	c80	c80	c80	c80	c80	c80	c80	c80	c80	c80	c80	c80	c80	c80	c80	c80	c80	c80	c80	c80	c80	c80	c80	c80	c80	c80	c80	c80	c80	c80	c80	c80	c80	c80	c80	c80	c80	c80	c80	c80	c80	c80	c80	c80	c80	c80	c80	c80	c80	c80	c80	c80	c80	c80	c80	c80	c80	c80	c80	c80	c80	c80	c80	c80	c80	c80	c80	c80	c80	c80	c80	c80	c80	c80	c80	c80	c80	c80	c80	c80	c80	c80	c80	c80	c80	c80	c80	c80	c80	c80	c80	c80	c80	c80	c80	c80	c80	c80	c80	c80	c80	c80	c80	c80	c80	c80	c80	c80	c80	c80	c80	c80	c80	c80	c80	c80	c80	c80	c80	c80	c80	c80	c80	c80	c80	c80	c80	c80	c80	c80	c80	c80	c80	c80	c80	c80	c80	c80	c80	c80	c80	c80	c80	c80	c80	c80	c80	c80	c80	c80	c80	c80	c80	c80	c80	c80	c80	c80	c80	c80	c80	c80	c80	c80	c80	c80	c80	c80	c80	c80	c80	c80	c80	c80	c80	c80	c80	c80	c80	c80	c80	c80	c80	c80	c80	c80	c80	c80	c80	c80	c80	c80	c80	c80	c80	c80	c80	c80	c80	c80	c80	c80	c80	c80	c80	c80	c80	c80	c80	c80	c80	c80	c80	c80	c80	c80	c80	c80	c80	c80	c80	c80	c80	c80	c80	c80	c80	c80	c80	c80	c80	c80	c80	c80	c80	c80	c80	c80	c80	c80	c80	c80	c80	c80	c80	c80	c80	c80	c80	c80	c80	c80	c80	c80	c80	c80	c80	c80	c80	c80	c80	c80	c80	c80	c80	c80	c80	c80	c80	c80	c80	c80	c80	c80	c80	c80	c80	c80	c80	c80	c80	c80	c80	c80	c80	c80	c80	c80	c80	c80	c80	c80	c80	c80	c80	c80
c80	c80	c80	c80	c80	c80	c80	c80	c80	c80	c80	c80	c80	c80	c80	c80	c80	c80	c80	c80	c80	c80	c80	c80	c80	c80	c80	c80	c80	c80	c80	c80	c80	c80	c80	c80	c80	c80	c80	c80	c80	c80	c80	c80	c80	c80	c80	c80	c80	c80	c80	c80	c80	c80	c80	c80	c80	c80	c80	c80	c80	c80	c80	c80	c80	c80	c80	c80	c80	c80	c80	c80	c80	c80	c80	c80	c80	c80	c80	c80	c80	c80	c80	c80	c80	c80	c80	c80	c80	c80	c80	c80	c80	c80	c80	c80	c80	c80	c80	c80	c80	c80	c80	c80	c80	c80	c80	c80	c80	c80	c80	c80	c80	c80	c80	c80	c80	c80	c80	c80	c80	c80	c80	c80	c80	c80	c80	c80	c80	c80	c80	c80	c80	c80	c80	c80	c80	c80	c80	c80	c80	c80	c80	c80	c80	c80	c80	c80	c80	c80	c80	c80	c80	c80	c80	c80	c80	c80	c80	c80	c80	c80	c80	c80	c80	c80	c80	c80	c80	c80	c80	c80	c80	c80	c80	c80	c80	c80	c80	c80	c80	c80	c80	c80	c80	c80	c80	c80	c80	c80	c80	c80	c80	c80	c80	c80	c80	c80	c80	c80	c80	c80	c80	c80	c80	c80	c80	c80	c80	c80	c80	c80	c80	c80	c80	c80	c80	c80	c80	c80	c80	c80	c80	c80	c80	c80	c80	c80	c80	c80	c80	c80	c80	c80	c80	c80	c80	c80	c80	c80	c80	c80	c80	c80	c80	c80	c80	c80	c80	c80	c80	c80	c80	c80	c80	c80	c80	c80	c80	c80	c80	c80	c80	c80	c80	c80	c80	c80	c80	c80	c80	c80	c80	c80	c80	c80	c80	c80	c80	c80	c80	c80	c80	c80	c80	c80	c80	c80	c80	c80	c80	c80	c80	c80	c80	c80	c80	c80	c80	c80	c80	c80	c80	c80	c80	c80	c80	c80	c80	c80	c80	c80	c80	c80	c80	c80	c80	c80	c80	c80	c80	c80	c80	c80	c80	c80	c80	c80	c80	c80	c80	c80	c80	c80	c80	c80	c80	c80	c80	c80	c80	c80	c80	c80	c80	c80	c80	c80	c80	c80	c80	c80	c80	c80	c80	c80	c80	c80	c80	c80	c80	c80	c80	c80	c80	c80	c80	c80	c80	c80	c80	c80	c80	c80	c80	c80	c80	c80	c80	c80	c80	c80	c80	c80	c80	c80	c80	c80	c80	c80	c80	c80	c80	c80	c80	c80	c80	c80	c80	c80	c80	c80	c80	c80	c80	c80	c80	c80	c80	c80	c80	c80	c80	c80	c80	c80	c80	c80	c80	c80	c80	c80	c80	c80	c80	c80	c80	c80	c80	c80	c80	c80	c80	c80	c80	c80	c80	c80	c80	c80	c80	c80	c80	c80	c80	c80	c80	c80	c80	c80	c80	c80	c80	c80	c80	c80	c80	c80	c80	c80	c80	c80	c80	c80	c80	c80	c80	c80	c80	c80	c80	c80	c80	c80	c80	c80	c80	c80	c80	c80	c80	c80	c80	c80	c80	c80	c80	c80	c80	c80	c80	c80	c80	c80	c80	c80	c80	c80	c80	c80	c80	c80	c80	c80	c80	c80	c80	c80	c80	c80	c80	c80
c80	c80	c80	c80	c80	c80	c80	c80	c80	c80	c80	c80	c80	c80	c80	c80	c80	c80	c80	c80	c80	c80	c80	c80	c80	c80	c80	c80	c80	c80	c80	c80	c80	c80	c80	c80	c80	c80	c80	c80	c80	c80	c80	c80	c80	c80	c80	c80	c80	c80	c80	c80	c80	c80	c80	c80	c80	c80	c80	c80	c80	c80	c80	c80	c80	c80	c80	c80	c80	c80	c80	c80	c80	c80	c80	c80	c80	c80	c80	c80	c80	c80	c80	c80	c80	c80	c80	c80	c80	c80	c80	c80	c80	c80	c80	c80	c80	c80	c80	c80	c80	c80	c80	c80	c80	c80	c80	c80	c80	c80	c80	c80	c80	c80	c80	c80	c80	c80	c80	c80	c80	c80	c80	c80	c80	c80	c80	c80	c80	c80	c80	c80	c80	c80	c80	c80	c80	c80	c80	c80	c80	c80	c80	c80	c80	c80	c80	c80	c80	c80	c80	c80	c80	c80	c80	c80	c80	c80	c80	c80	c80	c80	c80	c80	c80	c80	c80	c80	c80	c80	c80	c80	c80	c80	c80	c80	c80	c80	c80	c80	c80	c80	c80	c80	c80	c80	c80	c80	c80	c80	c80	c80	c80	c80	c80	c80	c80	c80	c80	c80	c80	c80	c80	c80	c80	c80	c80	c80	c80	c80	c80	c80	c80	c80	c80	c80	c80	c80	c80	c80	c80	c80	c80	c80	c80	c80	c80	c80	c80	c80	c80	c80	c80	c80	c80	c80	c80	c80	c80	c80	c80	c80	c80	c80	c80	c80	c80	c80	c80	c80	c80	c80	c80	c80	c80	c80	c80	c80	c80	c80	c80	c80	c80	c80	c80	c80	c80	c80	c80	c80	c80	c80	c80	c80	c80	c80	c80	c80	c80	c80	c80	c80	c80	c80	c80	c80	c80	c80	c80	c80	c80	c80	c80	c80	c80	c80	c80	c80	c80	c80	c80	c80	c80	c80	c80	c80	c80	c80	c80	c80	c80	c80	c80	c80	c80	c80	c80	c80	c80	c80	c80	c80	c80	c80	c80	c80	c80	c80	c80	c80	c80	c80	c80	c80	c80	c80	c80	c80	c80	c80	c80	c80	c80	c80	c80	c80	c80	c80	c80	c80	c80	c80	c80	c80	c80	c80	c80	c80	c80	c80	c80	c80	c80	c80	c80	c80	c80	c80	c80	c80	c80	c80	c80	c80	c80	c80	c80	c80	c80	c80	c80	c80	c80	c80	c80	c80	c80	c80	c80	c80	c80	c80	c80	c80	c80	c80	c80	c80	c80	c80	c80	c80	c80	c80	c80	c80	c80	c80	c80	c80	c80	c80	c80	c80	c80	c80	c80	c80	c80	c80	c80	c80	c80	c80	c80	c80	c80	c80	c80	c80	c80	c80	c80	c80	c80	c80	c80	c80	c80	c80	c80	c80	c80	c80	c80	c80	c80	c80	c80	c80	c80	c80	c80	c80	c80	c80	c80	c80	c80	c80	c80	c80	c80	c80	c80	c80	c80	c80	c80	c80	c80	c80	c80	c80	c80	c80	c80	c80	c80	c80	c80	c80	c80	c80	c80	c80	c80	c80	c80	c80	c80	c80	c80	c80	c80	c80	c80	c80	c80	c80	c80	c80	c80	c80	c80	c80	c80	c80	c80	c80	c80	c80
c80	c80	c80	c80	c80	c80	c80	c80	c80	c80	c80	c80	c80	c80	c80	c80	c80	c80	c80	c80	c80	c80	c80	c80	c80	c80	c80	c80	c80	c80	c80	c80	c80	c80	c80	c80	c80	c80	c80	c80	c80	c80	c80	c80	c80	c80	c80	c80	c80	c80	c80	c80	c80	c80	c80	c80	c80	c80	c80	c80	c80	c80	c80	c80	c80	c80	c80	c80	c80	c80	c80	c80	c80	c80	c80	c80	c80	c80	c80	c80	c80	c80	c80	c80	c80	c80	c80	c80	c80	c80	c80	c80	c80	c80	c80	c80	c80	c80	c80	c80	c80	c80	c80	c80	c80	c80	c80	c80	c80	c80	c80	c80	c80	c80	c80	c80	c80	c80	c80	c80	c80	c80	c80	c80	c80	c80	c80	c80	c80	c80	c80	c80	c80	c80	c80	c80	c80	c80	c80	c80	c80	c80	c80	c80	c80	c80	c80	c80	c80	c80	c80	c80	c80	c80	c80	c80	c80	c80	c80	c80	c80	c80	c80	c80	c80	c80	c80	c80	c80	c80	c80	c80	c80	c80	c80	c80	c80	c80	c80	c80	c80	c80	c80	c80	c80	c80	c80	c80	c80	c80	c80	c80	c80	c80	c80	c80	c80	c80	c80	c80	c80	c80	c80	c80	c80	c80	c80	c80	c80	c80	c80	c80	c80	c80	c80	c80	c80	c80	c80	c80	c80	c80	c80	c80	c80	c80	c80	c80	c80	c80	c80	c80	c80	c80	c80	c80	c80	c80	c80	c80	c80	c80	c80	c80	c80	c80	c80	c80	c80	c80	c80	c80	c80	c80	c80	c80	c80	c80	c80	c80	c80	c80	c80	c80	c80	c80	c80	c80	c80	c80	c80	c80	c80	c80	c80	c80	c80	c80	c80	c80	c80	c80	c80	c80	c80	c80	c80	c80	c80	c80	c80	c80	c80	c80	c80	c80	c80	c80	c80	c80	c80	c80	c80	c80	c80	c80	c80	c80	c80	c80	c80	c80	c80	c80	c80	c80	c80	c80	c80	c80	c80	c80	c80	c80	c80	c80	c80	c80	c80	c80	c80	c80	c80	c80	c80	c80	c80	c80	c80	c80	c80	c80	c80	c80	c80	c80	c80	c80	c80	c80	c80	c80	c80	c80	c80	c80	c80	c80	c80	c80	c80	c80	c80	c80	c80	c80	c80	c80	c80	c80	c80	c80	c80	c80	c80	c80	c80	c80	c80	c80	c80	c80	c80	c80	c80	c80	c80	c80	c80	c80	c80	c80	c80	c80	c80	c80	c80	c80	c80	c80	c80	c80	c80	c80	c80	c80	c80	c80	c80	c80	c80	c80	c80	c80	c80	c80	c80	c80	c80	c80	c80	c80	c80	c80	c80	c80	c80	c80	c80	c80	c80	c80	c80	c80	c80	c80	c80	c80	c80	c80	c80	c80	c80	c80	c80	c80	c80	c80	c80	c80	c80	c80	c80	c80	c80	c80	c80	c80	c80	c80	c80	c80	c80	c80	c80	c80	c80	c80	c80	c80	c80	c80	c80	c80	c80	c80	c80	c80	c80	c80	c80	c80	c80	c80	c80	c80	c80	c80	c80	c80	c80	c80	c80	c80	c80	c80	c80	c80	c80	c80	c80	c80	c80	c80	c80	c80	c80	c80	c80	c80	c80	c80
c80	c80	c80	c80	c80	c80	c80	c80	c80	c80	c80	c80	c80	c80	c80	c80	c80	c80	c80	c80	c80	c80	c80	c80	c80	c80	c80	c80	c80	c80	c80	c80	c80	c80	c80	c80	c80	c80	c80	c80	c80	c80	c80	c80	c80	c80	c80	c80	c80	c80	c80	c80	c80	c80	c80	c80	c80	c80	c80	c80	c80	c80	c80	c80	c80	c80	c80	c80	c80	c80	c80	c80	c80	c80	c80	c80	c80	c80	c80	c80	c80	c80	c80	c80	c80	c80	c80	c80	c80	c80	c80	c80	c80	c80	c80	c80	c80	c80	c80	c80	c80	c80	c80	c80	c80	c80	c80	c80	c80	c80	c80	c80	c80	c80	c80	c80	c80	c80	c80	c80	c80	c80	c80	c80	c80	c80	c80	c80	c80	c80	c80	c80	c80	c80	c80	c80	c80	c80	c80	c80	c80	c80	c80	c80	c80	c80	c80	c80	c80	c80	c80	c80	c80	c80	c80	c80	c80	c80	c80	c80	c80	c80	c80	c80	c80	c80	c80	c80	c80	c80	c80	c80	c80	c80	c80	c80	c80	c80	c80	c80	c80	c80	c80	c80	c80	c80	c80	c80	c80	c80	c80	c80	c80	c80	c80	c80	c80	c80	c80	c80	c80	c80	c80	c80	c80	c80	c80	c80	c80	c80	c80	c80	c80	c80	c80	c80	c80	c80	c80	c80	c80	c80	c80	c80	c80	c80	c80	c80	c80	c80	c80	c80	c80	c80	c80	c80	c80	c80	c80	c80	c80	c80	c80	c80	c80	c80	c80	c80	c80	c80	c80	c80	c80	c80	c80	c80	c80	c80	c80	c80	c80	c80	c80	c80	c80	c80	c80	c80	c80	c80	c80	c80	c80	c80	c80	c80	c80	c80	c80	c80	c80	c80	c80	c80	c80	c80	c80	c80	c80	c80	c80	c80	c80	c80	c80	c80	c80	c80	c80	c80	c80	c80	c80	c80	c80	c80	c80	c80	c80	c80	c80	c80	c80	c80	c80	c80	c80	c80	c80	c80	c80	c80	c80	c80	c80	c80	c80	c80	c80	c80	c80	c80	c80	c80	c80	c80	c80	c80	c80	c80	c80	c80	c80	c80	c80	c80	c80	c80	c80	c80	c80	c80	c80	c80	c80	c80	c80	c80	c80	c80	c80	c80	c80	c80	c80	c80	c80	c80	c80	c80	c80	c80	c80	c80	c80	c80	c80	c80	c80	c80	c80	c80	c80	c80	c80	c80	c80	c80	c80	c80	c80	c80	c80	c80	c80	c80	c80	c80	c80	c80	c80	c80	c80	c80	c80	c80	c80	c80	c80	c80	c80	c80	c80	c80	c80	c80	c80	c80	c80	c80	c80	c80	c80	c80	c80	c80	c80	c80	c80	c80	c80	c80	c80	c80	c80	c80	c80	c80	c80	c80	c80	c80	c80	c80	c80	c80	c80	c80	c80	c80	c80	c80	c80	c80	c80	c80	c80	c80	c80	c80	c80	c80	c80	c80	c80	c80	c80	c80	c80	c80	c80	c80	c80	c80	c80	c80	c80	c80	c80	c80	c80	c80	c80	c80	c80	c80	c80	c80	c80	c80	c80	c80	c80	c80	c80	c80	c80	c80	c80	c80	c80	c80	c80	c80	c80	c80	c80	c80	c80	c80	c80	c80
c80	c80	c80	c80	c80	c80	c80	c80	c80	c80	c80	c80	c80	c80	c80	c80	c80	c80	c80	c80	c80	c80	c80	c80	c80	c80	c80	c80	c80	c80	c80	c80	c80	c80	c80	c80	c80	c80	c80	c80	c80	c80	c80	c80	c80	c80	c80	c80	c80	c80	c80	c80	c80	c80	c80	c80	c80	c80	c80	c80	c80	c80	c80	c80	c80	c80	c80	c80	c80	c80	c80	c80	c80	c80	c80	c80	c80	c80	c80	c80	c80	c80	c80	c80	c80	c80	c80	c80	c80	c80	c80	c80	c80	c80	c80	c80	c80	c80	c80	c80	c80	c80	c80	c80	c80	c80	c80	c80	c80	c80	c80	c80	c80	c80	c80	c80	c80	c80	c80	c80	c80	c80	c80	c80	c80	c80	c80	c80	c80	c80	c80	c80	c80	c80	c80	c80	c80	c80	c80	c80	c80	c80	c80	c80	c80	c80	c80	c80	c80	c80	c80	c80	c80	c80	c80	c80	c80	c80	c80	c80	c80	c80	c80	c80	c80	c80	c80	c80	c80	c80	c80	c80	c80	c80	c80	c80	c80	c80	c80	c80	c80	c80	c80	c80	c80	c80	c80	c80	c80	c80	c80	c80	c80	c80	c80	c80	c80	c80	c80	c80	c80	c80	c80	c80	c80	c80	c80	c80	c80	c80	c80	c80	c80	c80	c80	c80	c80	c80	c80	c80	c80	c80	c80	c80	c80	c80	c80	c80	c80	c80	c80	c80	c80	c80	c80	c80	c80	c80	c80	c80	c80	c80	c80	c80	c80	c80	c80	c80	c80	c80	c80	c80	c80	c80	c80	c80	c80	c80	c80	c80	c80	c80	c80	c80	c80	c80	c80	c80	c80	c80	c80	c80	c80	c80	c80	c80	c80	c80	c80	c80	c80	c80	c80	c80	c80	c80	c80	c80	c80	c80	c80	c80	c80	c80	c80	c80	c80	c80	c80	c80	c80	c80	c80	c80	c80	c80	c80	c80	c80	c80	c80	c80	c80	c80	c80	c80	c80	c80	c80	c80	c80	c80	c80	c80	c80	c80	c80	c80	c80	c80	c80	c80	c80	c80	c80	c80	c80	c80	c80	c80	c80	c80	c80	c80	c80	c80	c80	c80	c80	c80	c80	c80	c80	c80	c80	c80	c80	c80	c80	c80	c80	c80	c80	c80	c80	c80	c80	c80	c80	c80	c80	c80	c80	c80	c80	c80	c80	c80	c80	c80	c80	c80	c80	c80	c80	c80	c80	c80	c80	c80	c80	c80	c80	c80	c80	c80	c80	c80	c80	c80	c80	c80	c80	c80	c80	c80	c80	c80	c80	c80	c80	c80	c80	c80	c80	c80	c80	c80	c80	c80	c80	c80	c80	c80	c80	c80	c80	c80	c80	c80	c80	c80	c80	c80	c80	c80	c80	c80	c80	c80	c80	c80	c80	c80	c80	c80	c80	c80	c80	c80	c80	c80	c80	c80	c80	c80	c80	c80	c80	c80	c80	c80	c80	c80	c80	c80	c80	c80	c80	c80	c80	c80	c80	c80	c80	c80	c80	c80	c80	c80	c80	c80	c80	c80	c80	c80	c80	c80	c80	c80	c80	c80	c80	c80	c80	c80	c80	c80	c80	c80	c80	c80	c80	c80	c80	c80	c80	c80	c80	c80	c80	c80
c80	c80	c80	c80	c80	c80	c80	c80	c80	c80	c80	c80	c80	c80	c80	c80	c80	c80	c80	c80	c80	c80	c80	c80	c80	c80	c80	c80	c80	c80	c80	c80	c80	c80	c80	c80	c80	c80	c80	c80	c80	c80	c80	c80	c80	c80	c80	c80	c80	c80	c80	c80	c80	c80	c80	c80	c80	c80	c80	c80	c80	c80	c80	c80	c80	c80	c80	c80	c80	c80	c80	c80	c80	c80	c80	c80	c80	c80	c80	c80	c80	c80	c80	c80	c80	c80	c80	c80	c80	c80	c80	c80	c80	c80	c80	c80	c80	c80	c80	c80	c80	c80	c80	c80	c80	c80	c80	c80	c80	c80	c80	c80	c80	c80	c80	c80	c80	c80	c80	c80	c80	c80	c80	c80	c80	c80	c80	c80	c80	c80	c80	c80	c80	c80	c80	c80	c80	c80	c80	c80	c80	c80	c80	c80	c80	c80	c80	c80	c80	c80	c80	c80	c80	c80	c80	c80	c80	c80	c80	c80	c80	c80	c80	c80	c80	c80	c80	c80	c80	c80	c80	c80	c80	c80	c80	c80	c80	c80	c80	c80	c80	c80	c80	c80	c80	c80	c80	c80	c80	c80	c80	c80	c80	c80	c80	c80	c80	c80	c80	c80	c80	c80	c80	c80	c80	c80	c80	c80	c80	c80	c80	c80	c80	c80	c80	c80	c80	c80	c80	c80	c80	c80	c80	c80	c80	c80	c80	c80	c80	c80	c80	c80	c80	c80	c80	c80	c80	c80	c80	c80	c80	c80	c80	c80	c80	c80	c80	c80	c80	c80	c80	c80	c80	c80	c80	c80	c80	c80	c80	c80	c80	c80	c80	c80	c80	c80	c80	c80	c80	c80	c80	c80	c80	c80	c80	c80	c80	c80	c80	c80	c80	c80	c80	c80	c80	c80	c80	c80	c80	c80	c80	c80	c80	c80	c80	c80	c80	c80	c80	c80	c80	c80	c80	c80	c80	c80	c80	c80	c80	c80	c80	c80	c80	c80	c80	c80	c80	c80	c80	c80	c80	c80	c80	c80	c80	c80	c80	c80	c80	c80	c80	c80	c80	c80	c80	c80	c80	c80	c80	c80	c80	c80	c80	c80	c80	c80	c80	c80	c80	c80	c80	c80	c80	c80	c80	c80	c80	c80	c80	c80	c80	c80	c80	c80	c80	c80	c80	c80	c80	c80	c80	c80	c80	c80	c80	c80	c80	c80	c80	c80	c80	c80	c80	c80	c80	c80	c80	c80	c80	c80	c80	c80	c80	c80	c80	c80	c80	c80	c80	c80	c80	c80	c80	c80	c80	c80	c80	c80	c80	c80	c80	c80	c80	c80	c80	c80	c80	c80	c80	c80	c80	c80	c80	c80	c80	c80	c80	c80	c80	c80	c80	c80	c80	c80	c80	c80	c80	c80	c80	c80	c80	c80	c80	c80	c80	c80	c80	c80	c80	c80	c80	c80	c80	c80	c80	c80	c80	c80	c80	c80	c80	c80	c80	c80	c80	c80	c80	c80	c80	c80	c80	c80	c80	c80	c80	c80	c80	c80	c80	c80	c80	c80	c80	c80	c80	c80	c80	c80	c80	c80	c80	c80	c80	c80	c80	c80	c80	c80	c80	c80	c80	c80	c80	c80	c80	c80	c80	c80	c80	c80	c80	c80
c80	c80	c80	c80	c80	c80	c80	c80	c80	c80	c80	c80	c80	c80	c80	c80	c80	c80	c80	c80	c80	c80	c80	c80	c80	c80	c80	c80	c80	c80	c80	c80	c80	c80	c80	c80	c80	c80	c80	c80	c80	c80	c80	c80	c80	c80	c80	c80	c80	c80	c80	c80	c80	c80	c80	c80	c80	c80	c80	c80	c80	c80	c80	c80	c80	c80	c80	c80	c80	c80	c80	c80	c80	c80	c80	c80	c80	c80	c80	c80	c80	c80	c80	c80	c80	c80	c80	c80	c80	c80	c80	c80	c80	c80	c80	c80	c80	c80	c80	c80	c80	c80	c80	c80	c80	c80	c80	c80	c80	c80	c80	c80	c80	c80	c80	c80	c80	c80	c80	c80	c80	c80	c80	c80	c80	c80	c80	c80	c80	c80	c80	c80	c80	c80	c80	c80	c80	c80	c80	c80	c80	c80	c80	c80	c80	c80	c80	c80	c80	c80	c80	c80	c80	c80	c80	c80	c80	c80	c80	c80	c80	c80	c80	c80	c80	c80	c80	c80	c80	c80	c80	c80	c80	c80	c80	c80	c80	c80	c80	c80	c80	c80	c80	c80	c80	c80	c80	c80	c80	c80	c80	c80	c80	c80	c80	c80	c80	c80	c80	c80	c80	c80	c80	c80	c80	c80	c80	c80	c80	c80	c80	c80	c80	c80	c80	c80	c80	c80	c80	c80	c80	c80	c80	c80	c80	c80	c80	c80	c80	c80	c80	c80	c80	c80	c80	c80	c80	c80	c80	c80	c80	c80	c80	c80	c80	c80	c80	c80	c80	c80	c80	c80	c80	c80	c80	c80	c80	c80	c80	c80	c80	c80	c80	c80	c80	c80	c80	c80	c80	c80	c80	c80	c80	c80	c80	c80	c80	c80	c80	c80	c80	c80	c80	c80	c80	c80	c80	c80	c80	c80	c80	c80	c80	c80	c80	c80	c80	c80	c80	c80	c80	c80	c80	c80	c80	c80	c80	c80	c80	c80	c80	c80	c80	c80	c80	c80	c80	c80	c80	c80	c80	c80	c80	c80	c80	c80	c80	c80	c80	c80	c80	c80	c80	c80	c80	c80	c80	c80	c80	c80	c80	c80	c80	c80	c80	c80	c80	c80	c80	c80	c80	c80	c80	c80	c80	c80	c80	c80	c80	c80	c80	c80	c80	c80	c80	c80	c80	c80	c80	c80	c80	c80	c80	c80	c80	c80	c80	c80	c80	c80	c80	c80	c80	c80	c80	c80	c80	c80	c80	c80	c80	c80	c80	c80	c80	c80	c80	c80	c80	c80	c80	c80	c80	c80	c80	c80	c80	c80	c80	c80	c80	c80	c80	c80	c80	c80	c80	c80	c80	c80	c80	c80	c80	c80	c80	c80	c80	c80	c80	c80	c80	c80	c80	c80	c80	c80	c80	c80	c80	c80	c80	c80	c80	c80	c80	c80	c80	c80	c80	c80	c80	c80	c80	c80	c80	c80	c80	c80	c80	c80	c80	c80	c80	c80	c80	c80	c80	c80	c80	c80	c80	c80	c80	c80	c80	c80	c80	c80	c80	c80	c80	c80	c80	c80	c80	c80	c80	c80	c80	c80	c80	c80	c80	c80	c80	c80	c80	c80	c80	c80	c80	c80	c80	c80	c80	c80	c80	c80	c80	c80	c80	c80
c80	c80	c80	c80	c80	c80	c80	c80	c80	c80	c80	c80	c80	c80	c80	c80	c80	c80	c80	c80	c80	c80	c80	c80	c80	c80	c80	c80	c80	c80	c80	c80	c80	c80	c80	c80	c80	c80	c80	c80	c80	c80	c80	c80	c80	c80	c80	c80	c80	c80	c80	c80	c80	c80	c80	c80	c80	c80	c80	c80	c80	c80	c80	c80	c80	c80	c80	c80	c80	c80	c80	c80	c80	c80	c80	c80	c80	c80	c80	c80	c80	c80	c80	c80	c80	c80	c80	c80	c80	c80	c80	c80	c80	c80	c80	c80	c80	c80	c80	c80	c80	c80	c80	c80	c80	c80	c80	c80	c80	c80	c80	c80	c80	c80	c80	c80	c80	c80	c80	c80	c80	c80	c80	c80	c80	c80	c80	c80	c80	c80	c80	c80	c80	c80	c80	c80	c80	c80	c80	c80	c80	c80	c80	c80	c80	c80	c80	c80	c80	c80	c80	c80	c80	c80	c80	c80	c80	c80	c80	c80	c80	c80	c80	c80	c80	c80	c80	c80	c80	c80	c80	c80	c80	c80	c80	c80	c80	c80	c80	c80	c80	c80	c80	c80	c80	c80	c80	c80	c80	c80	c80	c80	c80	c80	c80	c80	c80	c80	c80	c80	c80	c80	c80	c80	c80	c80	c80	c80	c80	c80	c80	c80	c80	c80	c80	c80	c80	c80	c80	c80	c80	c80	c80	c80	c80	c80	c80	c80	c80	c80	c80	c80	c80	c80	c80	c80	c80	c80	c80	c80	c80	c80	c80	c80	c80	c80	c80	c80	c80	c80	c80	c80	c80	c80	c80	c80	c80	c80	c80	c80	c80	c80	c80	c80	c80	c80	c80	c80	c80	c80	c80	c80	c80	c80	c80	c80	c80	c80	c80	c80	c80	c80	c80	c80	c80	c80	c80	c80	c80	c80	c80	c80	c80	c80	c80	c80	c80	c80	c80	c80	c80	c80	c80	c80	c80	c80	c80	c80	c80	c80	c80	c80	c80	c80	c80	c80	c80	c80	c80	c80	c80	c80	c80	c80	c80	c80	c80	c80	c80	c80	c80	c80	c80	c80	c80	c80	c80	c80	c80	c80	c80	c80	c80	c80	c80	c80	c80	c80	c80	c80	c80	c80	c80	c80	c80	c80	c80	c80	c80	c80	c80	c80	c80	c80	c80	c80	c80	c80	c80	c80	c80	c80	c80	c80	c80	c80	c80	c80	c80	c80	c80	c80	c80	c80	c80	c80	c80	c80	c80	c80	c80	c80	c80	c80	c80	c80	c80	c80	c80	c80	c80	c80	c80	c80	c80	c80	c80	c80	c80	c80	c80	c80	c80	c80	c80	c80	c80	c80	c80	c80	c80	c80	c80	c80	c80	c80	c80	c80	c80	c80	c80	c80	c80	c80	c80	c80	c80	c80	c80	c80	c80	c80	c80	c80	c80	c80	c80	c80	c80	c80	c80	c80	c80	c80	c80	c80	c80	c80	c80	c80	c80	c80	c80	c80	c80	c80	c80	c80	c80	c80	c80	c80	c80	c80	c80	c80	c80	c80	c80	c80	c80	c80	c80	c80	c80	c80	c80	c80	c80	c80	c80	c80	c80	c80	c80	c80	c80	c80	c80	c80	c80	c80	c80	c80	c80	c80	c80	c80	c80	c80	c80	c80
c80	c80	c80	c80	c80	c80	c80	c80	c80	c80	c80	c80	c80	c80	c80	c80	c80	c80	c80	c80	c80	c80	c80	c80	c80	c80	c80	c80	c80	c80	c80	c80	c80	c80	c80	c80	c80	c80	c80	c80	c80	c80	c80	c80	c80	c80	c80	c80	c80	c80	c80	c80	c80	c80	c80	c80	c80	c80	c80	c80	c80	c80	c80	c80	c80	c80	c80	c80	c80	c80	c80	c80	c80	c80	c80	c80	c80	c80	c80	c80	c80	c80	c80	c80	c80	c80	c80	c80	c80	c80	c80	c80	c80	c80	c80	c80	c80	c80	c80	c80	c80	c80	c80	c80	c80	c80	c80	c80	c80	c80	c80	c80	c80	c80	c80	c80	c80	c80	c80	c80	c80	c80	c80	c80	c80	c80	c80	c80	c80	c80	c80	c80	c80	c80	c80	c80	c80	c80	c80	c80	c80	c80	c80	c80	c80	c80	c80	c80	c80	c80	c80	c80	c80	c80	c80	c80	c80	c80	c80	c80	c80	c80	c80	c80	c80	c80	c80	c80	c80	c80	c80	c80	c80	c80	c80	c80	c80	c80	c80	c80	c80	c80	c80	c80	c80	c80	c80	c80	c80	c80	c80	c80	c80	c80	c80	c80	c80	c80	c80	c80	c80	c80	c80	c80	c80	c80	c80	c80	c80	c80	c80	c80	c80	c80	c80	c80	c80	c80	c80	c80	c80	c80	c80	c80	c80	c80	c80	c80	c80	c80	c80	c80	c80	c80	c80	c80	c80	c80	c80	c80	c80	c80	c80	c80	c80	c80	c80	c80	c80	c80	c80	c80	c80	c80	c80	c80	c80	c80	c80	c80	c80	c80	c80	c80	c80	c80	c80	c80	c80	c80	c80	c80	c80	c80	c80	c80	c80	c80	c80	c80	c80	c80	c80	c80	c80	c80	c80	c80	c80	c80	c80	c80	c80	c80	c80	c80	c80	c80	c80	c80	c80	c80	c80	c80	c80	c80	c80	c80	c80	c80	c80	c80	c80	c80	c80	c80	c80	c80	c80	c80	c80	c80	c80	c80	c80	c80	c80	c80	c80	c80	c80	c80	c80	c80	c80	c80	c80	c80	c80	c80	c80	c80	c80	c80	c80	c80	c80	c80	c80	c80	c80	c80	c80	c80	c80	c80	c80	c80	c80	c80	c80	c80	c80	c80	c80	c80	c80	c80	c80	c80	c80	c80	c80	c80	c80	c80	c80	c80	c80	c80	c80	c80	c80	c80	c80	c80	c80	c80	c80	c80	c80	c80	c80	c80	c80	c80	c80	c80	c80	c80	c80	c80	c80	c80	c80	c80	c80	c80	c80	c80	c80	c80	c80	c80	c80	c80	c80	c80	c80	c80	c80	c80	c80	c80	c80	c80	c80	c80	c80	c80	c80	c80	c80	c80	c80	c80	c80	c80	c80	c80	c80	c80	c80	c80	c80	c80	c80	c80	c80	c80	c80	c80	c80	c80	c80	c80	c80	c80	c80	c80	c80	c80	c80	c80	c80	c80	c80	c80	c80	c80	c80	c80	c80	c80	c80	c80	c80	c80	c80	c80	c80	c80	c80	c80	c80	c80	c80	c80	c80	c80	c80	c80	c80	c80	c80	c80	c80	c80	c80	c80	c80	c80	c80	c80	c80	c80	c80	c80	c80	c80	c80	c80
c80	c80	c80	c80	c80	c80	c80	c80	c80	c80	c80	c80	c80	c80	c80	c80	c80	c80	c80	c80	c80	c80	c80	c80	c80	c80	c80	c80	c80	c80	c80	c80	c80	c80	c80	c80	c80	c80	c80	c80	c80	c80	c80	c80	c80	c80	c80	c80	c80	c80	c80	c80	c80	c80	c80	c80	c80	c80	c80	c80	c80	c80	c80	c80	c80	c80	c80	c80	c80	c80	c80	c80	c80	c80	c80	c80	c80	c80	c80	c80	c80	c80	c80	c80	c80	c80	c80	c80	c80	c80	c80	c80	c80	c80	c80	c80	c80	c80	c80	c80	c80	c80	c80	c80	c80	c80	c80	c80	c80	c80	c80	c80	c80	c80	c80	c80	c80	c80	c80	c80	c80	c80	c80	c80	c80	c80	c80	c80	c80	c80	c80	c80	c80	c80	c80	c80	c80	c80	c80	c80	c80	c80	c80	c80	c80	c80	c80	c80	c80	c80	c80	c80	c80	c80	c80	c80	c80	c80	c80	c80	c80	c80	c80	c80	c80	c80	c80	c80	c80	c80	c80	c80	c80	c80	c80	c80	c80	c80	c80	c80	c80	c80	c80	c80	c80	c80	c80	c80	c80	c80	c80	c80	c80	c80	c80	c80	c80	c80	c80	c80	c80	c80	c80	c80	c80	c80	c80	c80	c80	c80	c80	c80	c80	c80	c80	c80	c80	c80	c80	c80	c80	c80	c80	c80	c80	c80	c80	c80	c80	c80	c80	c80	c80	c80	c80	c80	c80	c80	c80	c80	c80	c80	c80	c80	c80	c80	c80	c80	c80	c80	c80	c80	c80	c80	c80	c80	c80	c80	c80	c80	c80	c80	c80	c80	c80	c80	c80	c80	c80	c80	c80	c80	c80	c80	c80	c80	c80	c80	c80	c80	c80	c80	c80	c80	c80	c80	c80	c80	c80	c80	c80	c80	c80	c80	c80	c80	c80	c80	c80	c80	c80	c80	c80	c80	c80	c80	c80	c80	c80	c80	c80	c80	c80	c80	c80	c80	c80	c80	c80	c80	c80	c80	c80	c80	c80	c80	c80	c80	c80	c80	c80	c80	c80	c80	c80	c80	c80	c80	c80	c80	c80	c80	c80	c80	c80	c80	c80	c80	c80	c80	c80	c80	c80	c80	c80	c80	c80	c80	c80	c80	c80	c80	c80	c80	c80	c80	c80	c80	c80	c80	c80	c80	c80	c80	c80	c80	c80	c80	c80	c80	c80	c80	c80	c80	c80	c80	c80	c80	c80	c80	c80	c80	c80	c80	c80	c80	c80	c80	c80	c80	c80	c80	c80	c80	c80	c80	c80	c80	c80	c80	c80	c80	c80	c80	c80	c80	c80	c80	c80	c80	c80	c80	c80	c80	c80	c80	c80	c80	c80	c80	c80	c80	c80	c80	c80	c80	c80	c80	c80	c80	c80	c80	c80	c80	c80	c80	c80	c80	c80	c80	c80	c80	c80	c80	c80	c80	c80	c80	c80	c80	c80	c80	c80	c80	c80	c80	c80	c80	c80	c80	c80	c80	c80	c80	c80	c80	c80	c80	c80	c80	c80	c80	c80	c80	c80	c80	c80	c80	c80	c80	c80	c80	c80	c80	c80	c80	c80	c80	c80	c80	c80	c80	c80	c80	c80	c80	c80	c80	c80	c80	c80	c80
c80	c80	c80	c80	c80	c80	c80	c80	c80	c80	c80	c80	c80	c80	c80	c80	c80	c80	c80	c80	c80	c80	c80	c80	c80	c80	c80	c80	c80	c80	c80	c80	c80	c80	c80	c80	c80	c80	c80	c80	c80	c80	c80	c80	c80	c80	c80	c80	c80	c80	c80	c80	c80	c80	c80	c80	c80	c80	c80	c80	c80	c80	c80	c80	c80	c80	c80	c80	c80	c80	c80	c80	c80	c80	c80	c80	c80	c80	c80	c80	c80	c80	c80	c80	c80	c80	c80	c80	c80	c80	c80	c80	c80	c80	c80	c80	c80	c80	c80	c80	c80	c80	c80	c80	c80	c80	c80	c80	c80	c80	c80	c80	c80	c80	c80	c80	c80	c80	c80	c80	c80	c80	c80	c80	c80	c80	c80	c80	c80	c80	c80	c80	c80	c80	c80	c80	c80	c80	c80	c80	c80	c80	c80	c80	c80	c80	c80	c80	c80	c80	c80	c80	c80	c80	c80	c80	c80	c80	c80	c80	c80	c80	c80	c80	c80	c80	c80	c80	c80	c80	c80	c80	c80	c80	c80	c80	c80	c80	c80	c80	c80	c80	c80	c80	c80	c80	c80	c80	c80	c80	c80	c80	c80	c80	c80	c80	c80	c80	c80	c80	c80	c80	c80	c80	c80	c80	c80	c80	c80	c80	c80	c80	c80	c80	c80	c80	c80	c80	c80	c80	c80	c80	c80	c80	c80	c80	c80	c80	c80	c80	c80	c80	c80	c80	c80	c80	c80	c80	c80	c80	c80	c80	c80	c80	c80	c80	c80	c80	c80	c80	c80	c80	c80	c80	c80	c80	c80	c80	c80	c80	c80	c80	c80	c80	c80	c80	c80	c80	c80	c80	c80	c80	c80	c80	c80	c80	c80	c80	c80	c80	c80	c80	c80	c80	c80	c80	c80	c80	c80	c80	c80	c80	c80	c80	c80	c80	c80	c80	c80	c80	c80	c80	c80	c80	c80	c80	c80	c80	c80	c80	c80	c80	c80	c80	c80	c80	c80	c80	c80	c80	c80	c80	c80	c80	c80	c80	c80	c80	c80	c80	c80	c80	c80	c80	c80	c80	c80	c80	c80	c80	c80	c80	c80	c80	c80	c80	c80	c80	c80	c80	c80	c80	c80	c80	c80	c80	c80	c80	c80	c80	c80	c80	c80	c80	c80	c80	c80	c80	c80	c80	c80	c80	c80	c80	c80	c80	c80	c80	c80	c80	c80	c80	c80	c80	c80	c80	c80	c80	c80	c80	c80	c80	c80	c80	c80	c80	c80	c80	c80	c80	c80	c80	c80	c80	c80	c80	c80	c80	c80	c80	c80	c80	c80	c80	c80	c80	c80	c80	c80	c80	c80	c80	c80	c80	c80	c80	c80	c80	c80	c80	c80	c80	c80	c80	c80	c80	c80	c80	c80	c80	c80	c80	c80	c80	c80	c80	c80	c80	c80	c80	c80	c80	c80	c80	c80	c80	c80	c80	c80	c80	c80	c80	c80	c80	c80	c80	c80	c80	c80	c80	c80	c80	c80	c80	c80	c80	c80	c80	c80	c80	c80	c80	c80	c80	c80	c80	c80	c80	c80	c80	c80	c80	c80	c80	c80	c80	c80	c80	c80	c80	c80	c80	c80	c80	c80	c80	c80	c80	c80	c80	c80	c80
c80	c80	c80	c80	c80	c80	c80	c80	c80	c80	c80	c80	c80	c80	c80	c80	c80	c80	c80	c80	c80	c80	c80	c80	c80	c80	c80	c80	c80	c80	c80	c80	c80	c80	c80	c80	c80	c80	c80	c80	c80	c80	c80	c80	c80	c80	c80	c80	c80	c80	c80	c80	c80	c80	c80	c80	c80	c80	c80	c80	c80	c80	c80	c80	c80	c80	c80	c80	c80	c80	c80	c80	c80	c80	c80	c80	c80	c80	c80	c80	c80	c80	c80	c80	c80	c80	c80	c80	c80	c80	c80	c80	c80	c80	c80	c80	c80	c80	c80	c80	c80	c80	c80	c80	c80	c80	c80	c80	c80	c80	c80	c80	c80	c80	c80	c80	c80	c80	c80	c80	c80	c80	c80	c80	c80	c80	c80	c80	c80	c80	c80	c80	c80	c80	c80	c80	c80	c80	c80	c80	c80	c80	c80	c80	c80	c80	c80	c80	c80	c80	c80	c80	c80	c80	c80	c80	c80	c80	c80	c80	c80	c80	c80	c80	c80	c80	c80	c80	c80	c80	c80	c80	c80	c80	c80	c80	c80	c80	c80	c80	c80	c80	c80	c80	c80	c80	c80	c80	c80	c80	c80	c80	c80	c80	c80	c80	c80	c80	c80	c80	c80	c80	c80	c80	c80	c80	c80	c80	c80	c80	c80	c80	c80	c80	c80	c80	c80	c80	c80	c80	c80	c80	c80	c80	c80	c80	c80	c80	c80	c80	c80	c80	c80	c80	c80	c80	c80	c80	c80	c80	c80	c80	c80	c80	c80	c80	c80	c80	c80	c80	c80	c80	c80	c80	c80	c80	c80	c80	c80	c80	c80	c80	c80	c80	c80	c80	c80	c80	c80	c80	c80	c80	c80	c80	c80	c80	c80	c80	c80	c80	c80	c80	c80	c80	c80	c80	c80	c80	c80	c80	c80	c80	c80	c80	c80	c80	c80	c80	c80	c80	c80	c80	c80	c80	c80	c80	c80	c80	c80	c80	c80	c80	c80	c80	c80	c80	c80	c80	c80	c80	c80	c80	c80	c80	c80	c80	c80	c80	c80	c80	c80	c80	c80	c80	c80	c80	c80	c80	c80	c80	c80	c80	c80	c80	c80	c80	c80	c80	c80	c80	c80	c80	c80	c80	c80	c80	c80	c80	c80	c80	c80	c80	c80	c80	c80	c80	c80	c80	c80	c80	c80	c80	c80	c80	c80	c80	c80	c80	c80	c80	c80	c80	c80	c80	c80	c80	c80	c80	c80	c80	c80	c80	c80	c80	c80	c80	c80	c80	c80	c80	c80	c80	c80	c80	c80	c80	c80	c80	c80	c80	c80	c80	c80	c80	c80	c80	c80	c80	c80	c80	c80	c80	c80	c80	c80	c80	c80	c80	c80	c80	c80	c80	c80	c80	c80	c80	c80	c80	c80	c80	c80	c80	c80	c80	c80	c80	c80	c80	c80	c80	c80	c80	c80	c80	c80	c80	c80	c80	c80	c80	c80	c80	c80	c80	c80	c80	c80	c80	c80	c80	c80	c80	c80	c80	c80	c80	c80	c80	c80	c80	c80	c80	c80	c80	c80	c80	c80	c80	c80	c80	c80	c80	c80	c80	c80	c80	c80	c80	c80	c80	c80	c80	c80	c80	c80	c80	c80	c80	c80	c80	c80	c80
c80	c80	c80	c80	c80	c80	c80	c80	c80	c80	c80	c80	c80	c80	c80	c80	c80	c80	c80	c80	c80	c80	c80	c80	c80	c80	c80	c80	c80	c80	c80	c80	c80	c80	c80	c80	c80	c80	c80	c80	c80	c80	c80	c80	c80	c80	c80	c80	c80	c80	c80	c80	c80	c80	c80	c80	c80	c80	c80	c80	c80	c80	c80	c80	c80	c80	c80	c80	c80	c80	c80	c80	c80	c80	c80	c80	c80	c80	c80	c80	c80	c80	c80	c80	c80	c80	c80	c80	c80	c80	c80	c80	c80	c80	c80	c80	c80	c80	c80	c80	c80	c80	c80	c80	c80	c80	c80	c80	c80	c80	c80	c80	c80	c80	c80	c80	c80	c80	c80	c80	c80	c80	c80	c80	c80	c80	c80	c80	c80	c80	c80	c80	c80	c80	c80	c80	c80	c80	c80	c80	c80	c80	c80	c80	c80	c80	c80	c80	c80	c80	c80	c80	c80	c80	c80	c80	c80	c80	c80	c80	c80	c80	c80	c80	c80	c80	c80	c80	c80	c80	c80	c80	c80	c80	c80	c80	c80	c80	c80	c80	c80	c80	c80	c80	c80	c80	c80	c80	c80	c80	c80	c80	c80	c80	c80	c80	c80	c80	c80	c80	c80	c80	c80	c80	c80	c80	c80	c80	c80	c80	c80	c80	c80	c80	c80	c80	c80	c80	c80	c80	c80	c80	c80	c80	c80	c80	c80	c80	c80	c80	c80	c80	c80	c80	c80	c80	c80	c80	c80	c80	c80	c80	c80	c80	c80	c80	c80	c80	c80	c80	c80	c80	c80	c80	c80	c80	c80	c80	c80	c80	c80	c80	c80	c80	c80	c80	c80	c80	c80	c80	c80	c80	c80	c80	c80	c80	c80	c80	c80	c80	c80	c80	c80	c80	c80	c80	c80	c80	c80	c80	c80	c80	c80	c80	c80	c80	c80	c80	c80	c80	c80	c80	c80	c80	c80	c80	c80	c80	c80	c80	c80	c80	c80	c80	c80	c80	c80	c80	c80	c80	c80	c80	c80	c80	c80	c80	c80	c80	c80	c80	c80	c80	c80	c80	c80	c80	c80	c80	c80	c80	c80	c80	c80	c80	c80	c80	c80	c80	c80	c80	c80	c80	c80	c80	c80	c80	c80	c80	c80	c80	c80	c80	c80	c80	c80	c80	c80	c80	c80	c80	c80	c80	c80	c80	c80	c80	c80	c80	c80	c80	c80	c80	c80	c80	c80	c80	c80	c80	c80	c80	c80	c80	c80	c80	c80	c80	c80	c80	c80	c80	c80	c80	c80	c80	c80	c80	c80	c80	c80	c80	c80	c80	c80	c80	c80	c80	c80	c80	c80	c80	c80	c80	c80	c80	c80	c80	c80	c80	c80	c80	c80	c80	c80	c80	c80	c80	c80	c80	c80	c80	c80	c80	c80	c80	c80	c80	c80	c80	c80	c80	c80	c80	c80	c80	c80	c80	c80	c80	c80	c80	c80	c80	c80	c80	c80	c80	c80	c80	c80	c80	c80	c80	c80	c80	c80	c80	c80	c80	c80	c80	c80	c80	c80	c80	c80	c80	c80	c80	c80	c80	c80	c80	c80	c80	c80	c80	c80	c80	c80	c80	c80	c80	c80	c80	c80	c80	c80	c80	c80	c80	c80	c80
c80	c80	c80	c80	c80	c80	c80	c80	c80	c80	c80	c80	c80	c80	c80	c80	c80	c80	c80	c80	c80	c80	c80	c80	c80	c80	c80	c80	c80	c80	c80	c80	c80	c80	c80	c80	c80	c80	c80	c80	c80	c80	c80	c80	c80	c80	c80	c80	c80	c80	c80	c80	c80	c80	c80	c80	c80	c80	c80	c80	c80	c80	c80	c80	c80	c80	c80	c80	c80	c80	c80	c80	c80	c80	c80	c80	c80	c80	c80	c80	c80	c80	c80	c80	c80	c80	c80	c80	c80	c80	c80	c80	c80	c80	c80	c80	c80	c80	c80	c80	c80	c80	c80	c80	c80	c80	c80	c80	c80	c80	c80	c80	c80	c80	c80	c80	c80	c80	c80	c80	c80	c80	c80	c80	c80	c80	c80	c80	c80	c80	c80	c80	c80	c80	c80	c80	c80	c80	c80	c80	c80	c80	c80	c80	c80	c80	c80	c80	c80	c80	c80	c80	c80	c80	c80	c80	c80	c80	c80	c80	c80	c80	c80	c80	c80	c80	c80	c80	c80	c80	c80	c80	c80	c80	c80	c80	c80	c80	c80	c80	c80	c80	c80	c80	c80	c80	c80	c80	c80	c80	c80	c80	c80	c80	c80	c80	c80	c80	c80	c80	c80	c80	c80	c80	c80	c80	c80	c80	c80	c80	c80	c80	c80	c80	c80	c80	c80	c80	c80	c80	c80	c80	c80	c80	c80	c80	c80	c80	c80	c80	c80	c80	c80	c80	c80	c80	c80	c80	c80	c80	c80	c80	c80	c80	c80	c80	c80	c80	c80	c80	c80	c80	c80	c80	c80	c80	c80	c80	c80	c80	c80	c80	c80	c80	c80	c80	c80	c80	c80	c80	c80	c80	c80	c80	c80	c80	c80	c80	c80	c80	c80	c80	c80	c80	c80	c80	c80	c80	c80	c80	c80	c80	c80	c80	c80	c80	c80	c80	c80	c80	c80	c80	c80	c80	c80	c80	c80	c80	c80	c80	c80	c80	c80	c80	c80	c80	c80	c80	c80	c80	c80	c80	c80	c80	c80	c80	c80	c80	c80	c80	c80	c80	c80	c80	c80	c80	c80	c80	c80	c80	c80	c80	c80	c80	c80	c80	c80	c80	c80	c80	c80	c80	c80	c80	c80	c80	c80	c80	c80	c80	c80	c80	c80	c80	c80	c80	c80	c80	c80	c80	c80	c80	c80	c80	c80	c80	c80	c80	c80	c80	c80	c80	c80	c80	c80	c80	c80	c80	c80	c80	c80	c80	c80	c80	c80	c80	c80	c80	c80	c80	c80	c80	c80	c80	c80	c80	c80	c80	c80	c80	c80	c80	c80	c80	c80	c80	c80	c80	c80	c80	c80	c80	c80	c80	c80	c80	c80	c80	c80	c80	c80	c80	c80	c80	c80	c80	c80	c80	c80	c80	c80	c80	c80	c80	c80	c80	c80	c80	c80	c80	c80	c80	c80	c80	c80	c80	c80	c80	c80	c80	c80	c80	c80	c80	c80	c80	c80	c80	c80	c80	c80	c80	c80	c80	c80	c80	c80	c80	c80	c80	c80	c80	c80	c80	c80	c80	c80	c80	c80	c80	c80	c80	c80	c80	c80	c80	c80	c80	c80	c80	c80	c80	c80	c80	c80	c80	c80	c80	c80	c80	c80	c80
c80	c80	c80	c80	c80	c80	c80	c80	c80	c80	c80	c80	c80	c80	c80	c80	c80	c80	c80	c80	c80	c80	c80	c80	c80	c80	c80	c80	c80	c80	c80	c80	c80	c80	c80	c80	c80	c80	c80	c80	c80	c80	c80	c80	c80	c80	c80	c80	c80	c80	c80	c80	c80	c80	c80	c80	c80	c80	c80	c80	c80	c80	c80	c80	c80	c80	c80	c80	c80	c80	c80	c80	c80	c80	c80	c80	c80	c80	c80	c80	c80	c80	c80	c80	c80	c80	c80	c80	c80	c80	c80	c80	c80	c80	c80	c80	c80	c80	c80	c80	c80	c80	c80	c80	c80	c80	c80	c80	c80	c80	c80	c80	c80	c80	c80	c80	c80	c80	c80	c80	c80	c80	c80	c80	c80	c80	c80	c80	c80	c80	c80	c80	c80	c80	c80	c80	c80	c80	c80	c80	c80	c80	c80	c80	c80	c80	c80	c80	c80	c80	c80	c80	c80	c80	c80	c80	c80	c80	c80	c80	c80	c80	c80	c80	c80	c80	c80	c80	c80	c80	c80	c80	c80	c80	c80	c80	c80	c80	c80	c80	c80	c80	c80	c80	c80	c80	c80	c80	c80	c80	c80	c80	c80	c80	c80	c80	c80	c80	c80	c80	c80	c80	c80	c80	c80	c80	c80	c80	c80	c80	c80	c80	c80	c80	c80	c80	c80	c80	c80	c80	c80	c80	c80	c80	c80	c80	c80	c80	c80	c80	c80	c80	c80	c80	c80	c80	c80	c80	c80	c80	c80	c80	c80	c80	c80	c80	c80	c80	c80	c80	c80	c80	c80	c80	c80	c80	c80	c80	c80	c80	c80	c80	c80	c80	c80	c80	c80	c80	c80	c80	c80	c80	c80	c80	c80	c80	c80	c80	c80	c80	c80	c80	c80	c80	c80	c80	c80	c80	c80	c80	c80	c80	c80	c80	c80	c80	c80	c80	c80	c80	c80	c80	c80	c80	c80	c80	c80	c80	c80	c80	c80	c80	c80	c80	c80	c80	c80	c80	c80	c80	c80	c80	c80	c80	c80	c80	c80	c80	c80	c80	c80	c80	c80	c80	c80	c80	c80	c80	c80	c80	c80	c80	c80	c80	c80	c80	c80	c80	c80	c80	c80	c80	c80	c80	c80	c80	c80	c80	c80	c80	c80	c80	c80	c80	c80	c80	c80	c80	c80	c80	c80	c80	c80	c80	c80	c80	c80	c80	c80	c80	c80	c80	c80	c80	c80	c80	c80	c80	c80	c80	c80	c80	c80	c80	c80	c80	c80	c80	c80	c80	c80	c80	c80	c80	c80	c80	c80	c80	c80	c80	c80	c80	c80	c80	c80	c80	c80	c80	c80	c80	c80	c80	c80	c80	c80	c80	c80	c80	c80	c80	c80	c80	c80	c80	c80	c80	c80	c80	c80	c80	c80	c80	c80	c80	c80	c80	c80	c80	c80	c80	c80	c80	c80	c80	c80	c80	c80	c80	c80	c80	c80	c80	c80	c80	c80	c80	c80	c80	c80	c80	c80	c80	c80	c80	c80	c80	c80	c80	c80	c80	c80	c80	c80	c80	c80	c80	c80	c80	c80	c80	c80	c80	c80	c80	c80	c80	c80	c80	c80	c80	c80	c80	c80	c80	c80	c80	c80	c80	c80	c80	c80	c80
c80	c80	c80	c80	c80	c80	c80	c80	c80	c80	c80	c80	c80	c80	c80	c80	c80	c80	c80	c80	c80	c80	c80	c80	c80	c80	c80	c80	c80	c80	c80	c80	c80	c80	c80	c80	c80	c80	c80	c80	c80	c80	c80	c80	c80	c80	c80	c80	c80	c80	c80	c80	c80	c80	c80	c80	c80	c80	c80	c80	c80	c80	c80	c80	c80	c80	c80	c80	c80	c80	c80	c80	c80	c80	c80	c80	c80	c80	c80	c80	c80	c80	c80	c80	c80	c80	c80	c80	c80	c80	c80	c80	c80	c80	c80	c80	c80	c80	c80	c80	c80	c80	c80	c80	c80	c80	c80	c80	c80	c80	c80	c80	c80	c80	c80	c80	c80	c80	c80	c80	c80	c80	c80	c80	c80	c80	c80	c80	eb8	ce2	f41	f3a	d09	c80	c80	e5f	f42	c80	c80	c80	c80	c80	cfc	f43	c80	c80	c80	c80	c80	c80	c80	c80	c80	c80	c80	c80	c80	c80	c80	c80	c80	c80	c80	c80	c80	c80	c80	c80	c80	c80	c80	c80	c80	c80	c80	c80	c80	c80	c80	c80	c80	c80	c80	c80	c80	c80	c80	c80	c80	c80	c80	c80	c80	c80	c80	c80	c80	c80	c80	c80	c80	c80	c80	c80	c80	c80	c80	c80	c80	c80	c80	c80	c80	c80	c80	c80	c80	c80	c80	c80	c80	c80	c80	c80	c80	c80	c80	c80	c80	c80	c80	c80	c80	c80	c80	c80	c80	c80	c80	c80	c80	c80	c80	c80	c80	c80	c80	c80	c80	c80	c80	c80	c80	c80	c80	c80	c80	c80	c80	c80	c80	c80	c80	c80	c80	c80	c80	c80	c80	c80	c80	c80	c80	c80	c80	c80	c80	c80	c80	c80	c80	c80	c80	c80	c80	c80	c80	c80	c80	c80	c80	c80	c80	c80	c80	c80	c80	c80	c80	c80	c80	c80	c80	c80	c80	c80	c80	c80	c80	c80	c80	c80	c80	c80	c80	c80	c80	c80	c80	c80	c80	c80	c80	c80	c80	c80	c80	c80	c80	c80	c80	c80	c80	c80	c80	c80	c80	c80	c80	c80	c80	c80	c80	c80	c80	c80	c80	c80	c80	c80	c80	c80	c80	c80	c80	c80	c80	c80	c80	c80	c80	c80	c80	c80	c80	c80	c80	c80	c80	c80	c80	c80	c80	c80	c80	c80	c80	c80	c80	c80	c80	c80	c80	c80	c80	c80	c80	c80	c80	c80	c80	c80	c80	c80	c80	c80	c80	c80	c80	c80	c80	c80	c80	c80	c80	c80	c80	c80	c80	c80	c80	c80	c80	c80	c80	c80	c80	c80	c80	c80	c80	c80	c80	c80	c80	c80	c80	c80	c80	d5d	d5e	d5f	c80	105a	1110	1111	c80	c80	d60	d61	d62	1112	e4b	c80	d2e	cf7	cf8	cf8	d24	d25	c80	d1c	cf6	cec	cf7	cf8	cf6	ced	c80	c80	c80	c80	c80	d63	c80	c80	c80	c80	c80	c80	c80	c80	c80	c80	c80	c80	c80	c80	c80	c80	c80	c80	c80	c80	c80	c80	c80	c80	c80	c80	c80	c80	c80	c80	c80	c80	c80	c80	c80	c80	c80	c80	c80	c80	c80	c80	c80	c80	c80	c80	c80	c80
c80	c80	c80	c80	c80	c80	c80	c80	c80	c80	c80	c80	c80	c80	c80	c80	c80	c80	c80	c80	c80	c80	c80	c80	c80	c80	c80	c80	c80	c80	c80	c80	c80	c80	c80	c80	c80	c80	c80	c80	c80	c80	c80	c80	c80	c80	c80	c80	c80	c80	c80	c80	c80	c80	c80	c80	c80	c80	c80	c80	c80	c80	c80	c80	c80	c80	c80	c80	c80	c80	c80	c80	c80	c80	c80	c80	c80	c80	c80	c80	c80	c80	c80	c80	c80	c80	c80	c80	c80	c80	c80	c80	c80	c80	c80	c80	c80	c80	c80	c80	c80	c80	c80	c80	c80	c80	c80	c80	c80	c80	c80	c80	c80	c80	c80	c80	c80	c80	c80	c80	c80	c80	c80	c80	c80	c80	c80	c80	d02	f4d	f4e	dcd	c80	c80	c80	f4f	f50	df7	df8	d07	d9f	c80	e8c	d66	c80	c80	c80	c80	c80	c80	c80	c80	c80	c80	c80	c80	c80	c80	c80	c80	c80	c80	c80	c80	c80	c80	c80	c80	c80	c80	c80	c80	c80	c80	c80	c80	c80	c80	c80	c80	c80	c80	c80	c80	c80	c80	c80	c80	c80	c80	c80	c80	c80	c80	c80	c80	c80	c80	c80	c80	c80	c80	c80	c80	c80	c80	c80	c80	c80	c80	c80	c80	c80	c80	c80	c80	c80	c80	c80	c80	c80	c80	c80	c80	c80	c80	c80	c80	c80	c80	c80	c80	c80	c80	c80	c80	c80	c80	c80	c80	c80	c80	c80	c80	c80	c80	c80	c80	c80	c80	c80	c80	c80	c80	c80	c80	c80	c80	c80	c80	c80	c80	c80	c80	c80	c80	c80	c80	c80	c80	c80	c80	c80	c80	c80	c80	c80	c80	c80	c80	c80	c80	c80	c80	c80	c80	c80	c80	c80	c80	c80	c80	c80	c80	c80	c80	c80	c80	c80	c80	c80	c80	c80	c80	c80	c80	c80	c80	c80	c80	c80	c80	c80	c80	c80	c80	c80	c80	c80	c80	c80	c80	c80	c80	c80	c80	c80	c80	c80	c80	c80	c80	c80	c80	c80	c80	c80	c80	c80	c80	c80	c80	c80	c80	c80	c80	c80	c80	c80	c80	c80	c80	c80	c80	c80	c80	c80	c80	c80	c80	c80	c80	c80	c80	c80	c80	c80	c80	c80	c80	c80	c80	c80	c80	c80	c80	c80	c80	c80	c80	c80	c80	c80	c80	c80	c80	c80	c80	c80	c80	c80	c80	c80	c80	c80	c80	c80	c80	c80	c80	c80	c80	c80	c80	c80	c80	c80	c80	c80	c80	c80	c80	c80	c80	c80	c80	c80	c80	c80	c80	c80	c80	c80	c80	c80	c80	c80	c80	c80	c80	c80	c80	ceb	cec	1113	c80	c80	ceb	d6b	d6c	d6d	1114	1115	ced	c80	cf8	cfd	cf6	d30	d31	1116	1117	d62	c80	cf8	cfd	cfe	c80	c80	ceb	cec	ced	c80	d6f	c80	c80	c80	c80	c80	c80	c80	c80	c80	c80	c80	c80	c80	c80	c80	c80	c80	c80	c80	c80	c80	c80	c80	c80	c80	c80	c80	c80	c80	c80	c80	c80	c80	c80	c80	c80	c80	c80	c80	c80	c80	c80	c80	c80	c80	c80	c80	c80
c80	c80	c80	c80	c80	c80	c80	c80	c80	c80	c80	c80	c80	c80	c80	c80	c80	c80	c80	c80	c80	c80	c80	c80	c80	c80	c80	c80	c80	c80	c80	c80	c80	c80	c80	c80	c80	c80	c80	c80	c80	c80	c80	c80	c80	c80	c80	c80	c80	c80	c80	c80	c80	c80	c80	c80	c80	c80	c80	c80	c80	c80	c80	c80	c80	c80	c80	c80	c80	c80	c80	c80	c80	c80	c80	c80	c80	c80	c80	c80	c80	c80	c80	c80	c80	c80	c80	c80	c80	c80	c80	c80	c80	c80	c80	c80	c80	c80	c80	c80	c80	c80	c80	c80	c80	c80	c80	c80	c80	c80	c80	c80	c80	c80	c80	c80	c80	c80	c80	c80	c80	c80	c80	c80	c80	c80	c80	c80	f5d	db8	f5e	da5	c80	eab	c80	d7e	f5f	f60	f61	d67	c80	eca	c80	c80	c80	c80	c80	c80	c80	c80	c80	c80	c80	c80	c80	c80	c80	c80	c80	c80	c80	c80	c80	c80	c80	c80	c80	c80	c80	c80	c80	c80	c80	c80	c80	c80	c80	c80	c80	c80	c80	c80	c80	c80	c80	c80	c80	c80	c80	c80	c80	c80	c80	c80	c80	c80	c80	c80	c80	c80	c80	c80	c80	c80	c80	c80	c80	c80	c80	c80	c80	c80	c80	c80	c80	c80	c80	c80	c80	c80	c80	c80	c80	c80	c80	c80	c80	c80	c80	c80	c80	c80	c80	c80	c80	c80	c80	c80	c80	c80	c80	c80	c80	c80	c80	c80	c80	c80	c80	c80	c80	c80	c80	c80	c80	c80	c80	c80	c80	c80	c80	c80	c80	c80	c80	c80	c80	c80	c80	c80	c80	c80	c80	c80	c80	c80	c80	c80	c80	c80	c80	c80	c80	c80	c80	c80	c80	c80	c80	c80	c80	c80	c80	c80	c80	c80	c80	c80	c80	c80	c80	c80	c80	c80	c80	c80	c80	c80	c80	c80	c80	c80	c80	c80	c80	c80	c80	c80	c80	c80	c80	c80	c80	c80	c80	c80	c80	c80	c80	c80	c80	c80	c80	c80	c80	c80	c80	c80	c80	c80	c80	c80	c80	c80	c80	c80	c80	c80	c80	c80	c80	c80	c80	c80	c80	c80	c80	c80	c80	c80	c80	c80	c80	c80	c80	c80	c80	c80	c80	c80	c80	c80	c80	c80	c80	c80	c80	c80	c80	c80	c80	c80	c80	c80	c80	c80	c80	c80	c80	c80	c80	c80	c80	c80	c80	c80	c80	c80	c80	c80	c80	c80	c80	c80	c80	c80	c80	c80	c80	c80	c80	c80	c80	c80	c80	c80	c80	c80	c80	c80	c80	c80	c80	c80	c80	c80	c80	c80	c80	c80	cf6	cec	cf7	cf8	cf6	ced	cf6	d7a	c80	c80	c80	d06	d0f	c80	c80	c80	c80	d51	d2e	cfd	d7b	d6c	d6d	d32	c80	d06	ced	cf6	cec	cf7	cf8	cf6	ced	d06	c80	c80	c80	c80	c80	c80	c80	c80	c80	c80	c80	c80	c80	c80	c80	c80	c80	c80	c80	c80	c80	c80	c80	c80	c80	c80	c80	c80	c80	c80	c80	c80	c80	c80	c80	c80	c80	c80	c80	c80	c80	c80	c80	c80	c80	c80	c80	c80
c80	c80	c80	c80	c80	c80	c80	c80	c80	c80	c80	c80	c80	c80	c80	c80	c80	c80	c80	c80	c80	c80	c80	c80	c80	c80	c80	c80	c80	c80	c80	c80	c80	c80	c80	c80	c80	c80	c80	c80	c80	c80	c80	c80	c80	c80	c80	c80	c80	c80	c80	c80	c80	c80	c80	c80	c80	c80	c80	c80	c80	c80	c80	c80	c80	c80	c80	c80	c80	c80	c80	c80	c80	c80	c80	c80	c80	c80	c80	c80	c80	c80	c80	c80	c80	c80	c80	c80	c80	c80	c80	c80	c80	c80	c80	c80	c80	c80	c80	c80	c80	c80	c80	c80	c80	c80	c80	c80	c80	c80	c80	c80	c80	c80	c80	c80	c80	c80	c80	c80	c80	c80	c80	c80	c80	c80	c80	c80	cdc	c80	d09	c80	c80	ce2	ccc	491	c80	c80	c80	c80	e27	c80	c80	d73	c80	c80	c80	c80	c80	c80	c80	c80	c80	c80	c80	c80	c80	c80	c80	c80	c80	c80	c80	c80	c80	c80	c80	c80	c80	c80	c80	c80	c80	c80	c80	c80	c80	c80	c80	c80	c80	c80	c80	c80	c80	c80	c80	c80	c80	c80	c80	c80	c80	c80	c80	c80	c80	c80	c80	c80	c80	c80	c80	c80	c80	c80	c80	c80	c80	c80	c80	c80	c80	c80	c80	c80	c80	c80	c80	c80	c80	c80	c80	c80	c80	c80	c80	c80	c80	c80	c80	c80	c80	c80	c80	c80	c80	c80	c80	c80	c80	c80	c80	c80	c80	c80	c80	c80	c80	c80	c80	c80	c80	c80	c80	c80	c80	c80	c80	c80	c80	c80	c80	c80	c80	c80	c80	c80	c80	c80	c80	c80	c80	c80	c80	c80	c80	c80	c80	c80	c80	c80	c80	c80	c80	c80	c80	c80	c80	c80	c80	c80	c80	c80	c80	c80	c80	c80	c80	c80	c80	c80	c80	c80	c80	c80	c80	c80	c80	c80	c80	c80	c80	c80	c80	c80	c80	c80	c80	c80	c80	c80	c80	c80	c80	c80	c80	c80	c80	c80	c80	c80	c80	c80	c80	c80	c80	c80	c80	c80	c80	c80	c80	c80	c80	c80	c80	c80	c80	c80	c80	c80	c80	c80	c80	c80	c80	c80	c80	c80	c80	c80	c80	c80	c80	c80	c80	c80	c80	c80	c80	c80	c80	c80	c80	c80	c80	c80	c80	c80	c80	c80	c80	c80	c80	c80	c80	c80	c80	c80	c80	c80	c80	c80	c80	c80	c80	c80	c80	c80	c80	c80	c80	c80	c80	c80	c80	c80	c80	c80	c80	c80	c80	c80	c80	c80	c80	c80	c80	c80	c80	c80	c80	c80	c80	c80	c80	c80	c80	c80	c80	c80	cf8	cfd	cfe	c80	ceb	c80	c80	cf6	cec	d0f	d1b	c80	c80	c80	c80	c80	c80	c80	ceb	cec	ced	d85	cf6	d88	c80	c80	c80	cf8	cfd	cfe	ceb	d0f	c80	c80	c80	c80	c80	c80	c80	c80	c80	c80	c80	c80	c80	c80	c80	c80	c80	c80	c80	c80	c80	c80	c80	c80	c80	c80	c80	c80	c80	c80	c80	c80	c80	c80	c80	c80	c80	c80	c80	c80	c80	c80	c80	c80	c80	c80	c80	c80
c80	c80	c80	c80	c80	c80	c80	c80	c80	c80	c80	c80	c80	c80	c80	c80	c80	c80	c80	c80	c80	c80	c80	c80	c80	c80	c80	c80	c80	c80	c80	c80	c80	c80	c80	c80	c80	c80	c80	c80	c80	c80	c80	c80	c80	c80	c80	c80	c80	c80	c80	c80	c80	c80	c80	c80	c80	c80	c80	c80	c80	c80	c80	c80	c80	c80	c80	c80	c80	c80	c80	c80	c80	c80	c80	c80	c80	c80	c80	c80	c80	c80	c80	c80	c80	c80	c80	c80	c80	c80	c80	c80	c80	c80	c80	c80	c80	c80	c80	c80	c80	c80	c80	c80	c80	c80	c80	c80	c80	c80	c80	c80	c80	c80	c80	c80	c80	c80	c80	c80	c80	c80	c80	c80	c80	c80	c80	c80	f71	cf5	cdc	c80	ccc	cdc	d8c	d93	f72	cd8	c80	c80	c80	d01	c80	cd5	c80	c80	c80	c80	c80	c80	c80	c80	c80	c80	c80	c80	c80	c80	c80	c80	c80	c80	c80	c80	c80	c80	c80	c80	c80	c80	c80	c80	c80	c80	c80	c80	c80	c80	c80	c80	c80	c80	c80	c80	c80	c80	c80	c80	ce6	c80	c80	c80	c80	c80	c80	c80	c80	c80	c80	c80	c80	c80	c80	c80	c80	c80	c80	c80	c80	c80	c80	c80	c80	c80	c80	c80	c80	c80	c80	c80	c80	c80	c80	c80	c80	c80	c80	c80	c80	c80	c80	c80	c80	c80	c80	c80	c80	c80	c80	c80	c80	c80	c80	c80	c80	c80	c80	c80	c80	c80	c80	c80	c80	c80	c80	c80	c80	c80	c80	c80	c80	c80	c80	c80	c80	c80	c80	c80	c80	c80	c80	c80	c80	c80	c80	c80	c80	c80	c80	c80	c80	c80	c80	c80	c80	c80	c80	c80	c80	c80	c80	c80	c80	c80	c80	c80	c80	c80	c80	c80	c80	c80	c80	c80	c80	c80	c80	c80	c80	c80	c80	c80	c80	c80	c80	c80	c80	c80	c80	c80	c80	c80	c80	c80	c80	c80	c80	c80	c80	c80	c80	c80	c80	c80	c80	c80	c80	c80	c80	c80	c80	c80	c80	c80	c80	c80	c80	c80	c80	c80	c80	c80	c80	c80	c80	c80	c80	c80	c80	c80	c80	c80	c80	c80	c80	c80	c80	c80	c80	c80	c80	c80	c80	c80	c80	c80	c80	c80	c80	c80	c80	c80	c80	c80	c80	c80	c80	c80	c80	c80	c80	c80	c80	c80	c80	c80	c80	c80	c80	c80	c80	c80	c80	c80	c80	c80	c80	c80	c80	c80	c80	c80	c80	c80	c80	c80	c80	c80	c80	c80	c80	c80	c80	c80	c80	c80	c80	c80	c80	c80	c80	c80	c80	c80	c80	ceb	d8d	c80	c80	c80	cf8	d24	d25	c80	c80	cf6	d39	d3a	cf6	cec	cf7	cf8	cf6	ced	ceb	c80	c80	cf6	d23	ceb	cec	cec	d0f	d1b	c80	c80	c80	c80	c80	c80	c80	c80	c80	c80	c80	c80	c80	c80	c80	c80	c80	c80	c80	c80	c80	c80	c80	c80	c80	c80	c80	c80	c80	c80	c80	c80	c80	c80	c80	c80	c80	c80	c80	c80	c80	c80	c80	c80	c80	c80	c80	c80
c80	c80	c80	c80	c80	c80	c80	c80	c80	c80	c80	c80	c80	c80	c80	c80	c80	c80	c80	c80	c80	c80	c80	c80	c80	c80	c80	c80	c80	c80	c80	c80	c80	c80	c80	c80	c80	c80	c80	c80	c80	c80	c80	c80	c80	c80	c80	c80	c80	c80	c80	c80	c80	c80	c80	c80	c80	c80	c80	c80	c80	c80	c80	c80	c80	c80	c80	c80	c80	c80	c80	c80	c80	c80	c80	c80	c80	c80	c80	c80	c80	c80	c80	c80	c80	c80	c80	c80	c80	c80	c80	c80	c80	c80	c80	c80	c80	c80	c80	c80	c80	c80	c80	c80	c80	c80	c80	c80	c80	c80	c80	c80	c80	c80	c80	c80	c80	c80	c80	c80	c80	c80	c80	c80	c80	c80	c80	c80	eb6	d73	f81	f08	c80	d8c	dd2	d67	db1	c80	c80	c80	de8	c80	c80	d9e	c80	c80	c80	c80	c80	c80	c80	c80	c80	c80	c80	c80	c80	c80	c80	c80	c80	c80	c80	c80	c80	c80	c80	c80	c80	c80	c80	c80	c80	c80	c80	c80	c80	c80	ceb	cec	ced	c80	c80	cee	cef	cf0	c80	cf1	cf2	c80	c80	c80	c80	c80	c80	c80	c80	c80	c80	c80	c80	c80	c80	c80	c80	c80	c80	c80	c80	c80	c80	c80	c80	c80	c80	c80	c80	c80	c80	c80	c80	c80	c80	c80	c80	c80	c80	c80	c80	c80	c80	c80	c80	c80	c80	c80	c80	c80	c80	c80	c80	c80	c80	c80	c80	c80	c80	c80	c80	c80	c80	c80	c80	c80	c80	c80	c80	c80	c80	c80	c80	c80	c80	c80	c80	c80	c80	c80	c80	c80	c80	c80	c80	c80	c80	c80	c80	c80	c80	c80	c80	c80	c80	c80	c80	c80	c80	c80	c80	c80	c80	c80	c80	c80	c80	c80	c80	c80	c80	c80	c80	c80	c80	c80	c80	c80	c80	c80	c80	c80	c80	c80	c80	c80	c80	c80	c80	c80	c80	c80	c80	c80	c80	c80	c80	c80	c80	c80	c80	c80	c80	c80	c80	c80	c80	c80	c80	c80	c80	c80	c80	c80	c80	c80	c80	c80	c80	c80	c80	c80	c80	c80	c80	c80	c80	c80	c80	c80	c80	c80	c80	c80	c80	c80	c80	c80	c80	c80	c80	c80	c80	c80	c80	c80	c80	c80	c80	c80	c80	c80	c80	c80	c80	c80	c80	c80	c80	c80	c80	c80	c80	c80	c80	c80	c80	c80	c80	c80	c80	c80	c80	c80	c80	c80	c80	c80	c80	c80	c80	c80	c80	c80	c80	c80	c80	c80	c80	c80	c80	c80	c80	c80	c80	c80	c80	c80	c80	c80	c80	c80	c80	c80	c80	c80	cf6	cf7	d94	cf6	cec	ced	cf6	d30	d31	d32	c80	c80	d40	d41	d42	c80	cf8	cfd	cfe	ceb	d8d	c80	c80	c80	d2e	cf7	cf8	cf8	d60	1118	c80	c80	c80	c80	c80	c80	c80	c80	c80	c80	c80	c80	c80	c80	c80	c80	c80	c80	c80	c80	c80	c80	c80	c80	c80	c80	c80	c80	c80	c80	c80	c80	c80	c80	c80	c80	c80	c80	c80	c80	c80	c80	c80	c80	c80	c80	c80	c80
c80	c80	c80	c80	c80	c80	c80	c80	c80	c80	c80	c80	c80	c80	c80	c80	c80	c80	c80	c80	c80	c80	c80	c80	c80	c80	c80	c80	c80	c80	c80	c80	c80	c80	c80	c80	c80	c80	c80	c80	c80	c80	c80	c80	c80	c80	c80	c80	c80	c80	c80	c80	c80	c80	c80	c80	c80	c80	c80	c80	c80	c80	c80	c80	c80	c80	c80	c80	c80	c80	c80	c80	c80	c80	c80	c80	c80	c80	c80	c80	c80	c80	c80	c80	c80	c80	c80	c80	c80	c80	c80	c80	c80	c80	c80	c80	c80	c80	c80	c80	c80	c80	c80	c80	c80	c80	c80	c80	c80	c80	c80	c80	c80	c80	c80	c80	c80	c80	c80	c80	c80	c80	c80	c80	c80	c80	c80	c80	c80	c80	d91	dbf	e08	d66	c80	c80	d02	c80	c80	e40	c80	cd1	def	c80	c80	c80	c80	c80	c80	c80	c80	c80	c80	c80	c80	c80	c80	c80	c80	c80	c80	c80	c80	c80	c80	c80	c80	c80	c80	c80	c80	c80	c80	c80	c80	c80	cf6	cec	cf7	cf8	cf6	ced	c80	cf9	c80	dc2	cfb	c80	c80	c80	c80	c80	c80	c80	c80	c80	c80	c80	c80	c80	c80	c80	c80	c80	c80	c80	c80	c80	c80	c80	c80	c80	c80	c80	c80	c80	c80	c80	c80	c80	c80	c80	c80	c80	c80	c80	c80	c80	c80	c80	c80	c80	c80	c80	c80	c80	c80	c80	c80	c80	c80	c80	c80	c80	c80	c80	c80	c80	c80	c80	c80	c80	c80	c80	c80	c80	c80	c80	c80	c80	c80	c80	c80	c80	c80	c80	c80	c80	c80	c80	c80	c80	c80	c80	c80	c80	c80	c80	c80	c80	c80	c80	c80	c80	c80	c80	c80	c80	c80	c80	c80	c80	c80	c80	c80	c80	c80	c80	c80	c80	c80	c80	c80	c80	c80	c80	c80	c80	c80	c80	c80	c80	c80	c80	c80	c80	c80	c80	c80	c80	c80	c80	c80	c80	c80	c80	c80	c80	c80	c80	c80	c80	c80	c80	c80	c80	c80	c80	c80	c80	c80	c80	c80	c80	c80	c80	c80	c80	c80	c80	c80	c80	c80	c80	c80	c80	c80	c80	c80	c80	c80	c80	c80	c80	c80	c80	c80	c80	c80	c80	c80	c80	c80	c80	c80	c80	c80	c80	c80	c80	c80	c80	c80	c80	c80	c80	c80	c80	c80	c80	c80	c80	c80	c80	c80	c80	c80	c80	c80	c80	c80	c80	c80	c80	c80	c80	c80	c80	c80	c80	c80	c80	c80	c80	c80	c80	c80	c80	c80	c80	c80	c80	c80	c80	c80	c80	c80	c80	c80	c80	c80	c80	c80	c80	d97	cf8	d98	c80	cf8	c80	c80	d2e	cfd	cf6	cec	ced	d99	d4f	94e	cec	ced	d9a	cf6	cf7	d94	cf6	cec	ced	c80	cf8	cfd	cf6	d30	d31	c80	c80	c80	c80	c80	c80	c80	c80	c80	c80	c80	c80	c80	c80	c80	c80	c80	c80	c80	c80	c80	c80	c80	c80	c80	c80	c80	c80	c80	c80	c80	c80	c80	c80	c80	c80	c80	c80	c80	c80	c80	c80	c80	c80	c80	c80	c80	c80
c80	c80	c80	c80	c80	c80	c80	c80	c80	c80	c80	c80	c80	c80	c80	c80	c80	c80	c80	c80	c80	c80	c80	c80	c80	c80	c80	c80	c80	c80	c80	c80	c80	c80	c80	c80	c80	c80	c80	c80	c80	c80	c80	c80	c80	c80	c80	c80	c80	c80	c80	c80	c80	c80	c80	c80	c80	c80	c80	c80	c80	c80	c80	c80	c80	c80	c80	c80	c80	c80	c80	c80	c80	c80	c80	c80	c80	c80	c80	c80	c80	c80	c80	c80	c80	c80	c80	c80	c80	c80	c80	c80	c80	c80	c80	c80	c80	c80	c80	c80	c80	c80	c80	c80	c80	c80	c80	c80	c80	c80	c80	c80	c80	c80	c80	c80	c80	c80	c80	c80	c80	c80	c80	c80	c80	c80	c80	c80	c80	d09	c80	c80	c80	c80	d7e	c80	c80	d0d	ccc	c80	cf4	cf5	dce	c80	c80	c80	c80	c80	c80	c80	c80	c80	c80	c80	c80	c80	c80	c80	c80	c80	c80	c80	c80	c80	c80	c80	c80	c80	c80	c80	c80	c80	c80	c80	c80	c80	c80	c80	cf8	cfd	cfe	c80	cff	d00	d01	c80	d02	c80	c80	c80	c80	c80	c80	c80	c80	c80	c80	c80	c80	c80	c80	c80	c80	c80	c80	c80	c80	c80	c80	c80	c80	c80	c80	c80	c80	c80	c80	c80	c80	c80	c80	c80	c80	c80	c80	c80	c80	c80	c80	c80	c80	c80	c80	c80	c80	c80	c80	c80	c80	c80	c80	c80	c80	c80	c80	c80	c80	c80	c80	c80	c80	c80	c80	c80	c80	c80	c80	c80	c80	c80	c80	c80	c80	c80	c80	c80	c80	c80	c80	c80	c80	c80	c80	c80	c80	c80	c80	c80	c80	c80	c80	c80	c80	c80	c80	c80	c80	c80	c80	c80	c80	c80	c80	c80	c80	c80	c80	c80	c80	c80	c80	c80	c80	c80	c80	c80	c80	c80	c80	c80	c80	c80	c80	c80	c80	c80	c80	c80	c80	c80	c80	c80	c80	c80	c80	c80	c80	c80	c80	c80	c80	c80	c80	c80	c80	c80	c80	c80	c80	c80	c80	c80	c80	c80	c80	c80	c80	c80	c80	c80	c80	c80	c80	c80	c80	c80	c80	c80	c80	c80	c80	c80	c80	c80	c80	c80	c80	c80	c80	c80	c80	c80	c80	c80	c80	c80	c80	c80	c80	c80	c80	c80	c80	c80	c80	c80	c80	c80	c80	c80	c80	c80	c80	c80	c80	c80	c80	c80	c80	c80	c80	c80	c80	c80	c80	c80	c80	c80	c80	c80	c80	c80	c80	c80	c80	c80	c80	c80	c80	c80	c80	c80	c80	c80	c80	c80	c80	c80	c80	c80	c80	c80	c80	c80	c80	ceb	cec	ced	cf6	cec	ced	c80	c80	c80	cf8	c80	d07	da4	d5e	d5f	c80	da5	d97	cf8	da6	cf0	c80	c80	d7e	c80	d9d	d51	d2e	cfd	c80	c80	c80	c80	c80	c80	c80	c80	c80	c80	c80	c80	c80	c80	c80	c80	c80	c80	c80	c80	c80	c80	c80	c80	c80	c80	c80	c80	c80	c80	c80	c80	c80	c80	c80	c80	c80	c80	c80	c80	c80	c80	c80	c80	c80	c80	c80	c80
c80	c80	c80	c80	c80	c80	c80	c80	c80	c80	c80	c80	c80	c80	c80	c80	c80	c80	c80	c80	c80	c80	c80	c80	c80	c80	c80	c80	c80	c80	c80	c80	c80	c80	c80	c80	c80	c80	c80	c80	c80	c80	c80	c80	c80	c80	c80	c80	c80	c80	c80	c80	c80	c80	c80	c80	c80	c80	c80	c80	c80	c80	c80	c80	c80	c80	c80	c80	c80	c80	c80	c80	c80	c80	c80	c80	c80	c80	c80	c80	c80	c80	c80	c80	c80	c80	c80	c80	c80	c80	c80	c80	c80	c80	c80	c80	c80	c80	c80	c80	c80	c80	c80	c80	c80	c80	c80	c80	c80	c80	c80	c80	c80	c80	c80	c80	c80	c80	c80	c80	c80	c80	c80	c80	c80	c80	c80	c80	10fa	c80	c80	c80	c80	ce1	c80	fae	e48	d93	faf	fb0	c80	c80	c80	d16	c80	c80	c80	c80	c80	c80	c80	c80	c80	c80	c80	c80	c80	c80	c80	c80	c80	c80	c80	c80	c80	c80	c80	c80	c80	c80	c80	c80	c80	c80	c80	c80	d06	ced	d07	d08	d09	c80	d0a	d0b	d0c	c80	d0d	c80	c80	c80	c80	c80	c80	c80	c80	c80	c80	c80	c80	c80	c80	c80	c80	c80	c80	c80	c80	c80	c80	c80	c80	c80	c80	c80	c80	c80	c80	c80	c80	c80	c80	c80	c80	c80	c80	c80	c80	c80	c80	c80	c80	c80	c80	c80	c80	c80	c80	c80	c80	c80	c80	c80	c80	c80	c80	c80	c80	c80	c80	c80	c80	c80	c80	c80	c80	c80	c80	c80	c80	c80	c80	c80	c80	c80	c80	c80	c80	c80	c80	c80	c80	c80	c80	c80	c80	c80	c80	c80	c80	c80	c80	c80	c80	c80	c80	c80	c80	c80	c80	c80	c80	c80	c80	c80	c80	c80	c80	c80	c80	c80	c80	c80	c80	c80	c80	c80	c80	c80	c80	c80	c80	c80	c80	c80	c80	c80	c80	c80	c80	c80	c80	c80	c80	c80	c80	c80	c80	c80	c80	c80	c80	c80	c80	c80	c80	c80	c80	c80	c80	c80	c80	c80	c80	c80	c80	c80	c80	c80	c80	c80	c80	c80	c80	c80	c80	c80	c80	c80	c80	c80	c80	c80	c80	c80	c80	c80	c80	c80	c80	c80	c80	c80	c80	c80	c80	c80	c80	c80	c80	c80	c80	c80	c80	c80	c80	c80	c80	c80	c80	c80	c80	c80	c80	c80	c80	c80	c80	c80	c80	c80	c80	c80	c80	c80	c80	c80	c80	c80	c80	c80	c80	c80	c80	c80	c80	c80	c80	c80	c80	c80	c80	c80	c80	c80	c80	c80	c80	c80	c80	c80	c80	c80	c80	cf6	cec	cf7	cf8	cf6	ced	c80	c80	c80	db5	db8	c80	d3b	d66	db1	da5	c80	c80	d54	d96	d0d	db3	c80	d73	c80	db4	db5	c80	db6	c80	c80	c80	c80	c80	c80	c80	c80	c80	c80	c80	c80	c80	c80	c80	c80	c80	c80	c80	c80	c80	c80	c80	c80	c80	c80	c80	c80	c80	c80	c80	c80	c80	c80	c80	c80	c80	c80	c80	c80	c80	c80	c80	c80	c80	c80	c80	c80	c80	c80
c80	c80	c80	c80	c80	c80	c80	c80	c80	c80	c80	c80	c80	c80	c80	c80	c80	c80	c80	c80	c80	c80	c80	c80	c80	c80	c80	c80	c80	c80	c80	c80	c80	c80	c80	c80	c80	c80	c80	c80	c80	c80	c80	c80	c80	c80	c80	c80	c80	c80	c80	c80	c80	c80	c80	c80	c80	c80	c80	c80	c80	c80	c80	c80	c80	c80	c80	c80	c80	c80	c80	c80	c80	c80	c80	c80	c80	c80	c80	c80	c80	c80	c80	c80	c80	c80	c80	c80	c80	c80	c80	c80	c80	c80	c80	c80	c80	c80	c80	c80	c80	c80	c80	c80	c80	c80	c80	c80	c80	c80	c80	c80	c80	c80	c80	c80	c80	c80	c80	c80	c80	c80	c80	c80	c80	c80	c80	c80	c80	c80	c80	c80	f40	cd3	d91	d22	c80	c80	c80	c80	cd8	c80	c80	dfa	c80	c80	c80	c80	c80	c80	c80	c80	c80	c80	c80	c80	c80	c80	c80	c80	c80	c80	c80	c80	c80	c80	c80	c80	c80	c80	c80	c80	c80	c80	c80	ceb	d0f	c80	d0d	c80	d10	d11	d12	d13	d14	c80	c80	c80	c80	c80	c80	c80	c80	c80	c80	c80	c80	c80	c80	c80	c80	c80	c80	c80	c80	c80	c80	c80	c80	c80	c80	c80	c80	c80	c80	c80	c80	c80	c80	c80	c80	c80	c80	c80	c80	c80	c80	c80	c80	c80	c80	c80	c80	c80	c80	c80	c80	c80	c80	c80	c80	c80	c80	c80	c80	c80	c80	c80	c80	c80	c80	c80	c80	c80	c80	c80	c80	c80	c80	c80	c80	c80	c80	c80	c80	c80	c80	c80	c80	c80	c80	c80	c80	c80	c80	c80	c80	c80	c80	c80	c80	c80	c80	c80	c80	c80	c80	c80	c80	c80	c80	c80	c80	c80	c80	c80	c80	c80	c80	c80	c80	c80	c80	c80	c80	c80	c80	c80	c80	c80	c80	c80	c80	c80	c80	c80	c80	c80	c80	c80	c80	c80	c80	c80	c80	c80	c80	c80	c80	c80	c80	c80	c80	c80	c80	c80	c80	c80	c80	c80	c80	c80	c80	c80	c80	c80	c80	c80	c80	c80	c80	c80	c80	c80	c80	c80	c80	c80	c80	c80	c80	c80	c80	c80	c80	c80	c80	c80	c80	c80	c80	c80	c80	c80	c80	c80	c80	c80	c80	c80	c80	c80	c80	c80	c80	c80	c80	c80	c80	c80	c80	c80	c80	c80	c80	c80	c80	c80	c80	c80	c80	c80	c80	c80	c80	c80	c80	c80	c80	c80	c80	c80	c80	c80	c80	c80	c80	c80	c80	c80	c80	c80	c80	c80	c80	c80	c80	c80	c80	c80	c80	c80	d63	d64	dba	cf8	cfd	cfe	c80	dbb	c80	c80	dbc	dbd	cda	d91	cf0	c80	d56	10af	d92	cfb	c80	c80	c80	c80	c80	d07	dbf	dc0	d22	c80	d7e	d3b	c80	c80	c80	c80	c80	c80	c80	c80	c80	c80	c80	c80	c80	c80	c80	c80	c80	c80	c80	c80	c80	c80	c80	c80	c80	c80	c80	c80	c80	c80	c80	c80	c80	c80	c80	c80	c80	c80	c80	c80	c80	c80	c80	c80	c80	c80	c80	c80
c80	c80	c80	c80	c80	c80	c80	c80	c80	c80	c80	c80	c80	c80	c80	c80	c80	c80	c80	c80	c80	c80	c80	c80	c80	c80	c80	c80	c80	c80	c80	c80	c80	c80	c80	c80	c80	c80	c80	c80	c80	c80	c80	c80	c80	c80	c80	c80	c80	c80	c80	c80	c80	c80	c80	c80	c80	c80	c80	c80	c80	c80	c80	c80	c80	c80	c80	c80	c80	c80	c80	c80	c80	c80	c80	c80	c80	c80	c80	c80	c80	c80	c80	c80	c80	c80	c80	c80	c80	c80	c80	c80	c80	c80	c80	c80	c80	c80	c80	c80	c80	c80	c80	c80	c80	c80	c80	c80	c80	c80	c80	c80	c80	c80	c80	c80	c80	c80	c80	c80	c80	c80	c80	c80	c80	c80	c80	c80	c80	db8	c80	ccd	eb8	d17	d0d	c80	c80	dd4	c80	ccd	d17	c80	c80	fc5	c80	c80	c80	c80	c80	c80	c80	c80	c80	c80	c80	c80	c80	c80	c80	c80	c80	c80	c80	c80	c80	c80	c80	c80	c80	c80	cf6	d23	ceb	cec	cec	d0f	d1b	c80	c80	c80	10fb	ed8	dab	c80	c80	c80	c80	c80	c80	c80	c80	c80	dce	c80	c80	df7	d0b	10fc	c80	c80	c80	c80	c80	d06	ced	c80	c80	c80	c80	c80	c80	c80	c80	c80	c80	c80	c80	c80	c80	c80	c80	c80	c80	c80	c80	c80	c80	c80	c80	c80	c80	c80	c80	c80	c80	c80	c80	c80	c80	c80	c80	c80	c80	c80	c80	c80	c80	c80	c80	c80	c80	c80	c80	c80	c80	c80	c80	c80	c80	c80	c80	c80	c80	c80	c80	c80	c80	c80	c80	c80	c80	c80	c80	c80	c80	c80	c80	c80	c80	c80	c80	c80	c80	c80	c80	c80	c80	c80	c80	c80	c80	c80	c80	c80	c80	c80	c80	c80	c80	c80	c80	c80	c80	c80	c80	c80	c80	c80	c80	c80	c80	c80	c80	c80	c80	c80	c80	c80	c80	c80	c80	c80	c80	c80	c80	c80	c80	c80	c80	c80	c80	c80	c80	c80	c80	c80	c80	c80	c80	c80	c80	c80	c80	c80	c80	c80	c80	c80	c80	c80	c80	c80	c80	c80	c80	c80	c80	c80	c80	c80	c80	c80	c80	c80	c80	c80	c80	c80	c80	c80	c80	c80	c80	c80	c80	c80	c80	c80	c80	c80	c80	c80	c80	c80	c80	c80	c80	c80	c80	c80	c80	c80	c80	c80	c80	c80	c80	c80	c80	c80	c80	c80	c80	c80	c80	c80	c80	c80	c80	c80	c80	c80	c80	c80	c80	c80	c80	c80	c80	c80	c80	c80	c80	c80	c80	c80	c80	c80	c80	c80	c80	c80	d6f	dc8	d41	dc9	d8c	dca	dcb	dcc	dcd	ccc	491	dce	dcf	dd0	d54	d96	c80	c80	c80	f6f	1119	c80	dce	d91	dd1	dd2	d67	c80	d01	c80	c80	c80	c80	c80	c80	c80	c80	c80	c80	c80	c80	c80	c80	c80	c80	c80	c80	c80	c80	c80	c80	c80	c80	c80	c80	c80	c80	c80	c80	c80	c80	c80	c80	c80	c80	c80	c80	c80	c80	c80	c80	c80	c80	c80	c80	c80	c80	c80	c80	c80
c80	c80	c80	c80	c80	c80	c80	c80	c80	c80	c80	c80	c80	c80	c80	c80	c80	c80	c80	c80	c80	c80	c80	c80	c80	c80	c80	c80	c80	c80	c80	c80	c80	c80	c80	c80	c80	c80	c80	c80	c80	c80	c80	c80	c80	c80	c80	c80	c80	c80	c80	c80	c80	c80	c80	c80	c80	c80	c80	c80	c80	c80	c80	c80	c80	c80	c80	c80	c80	c80	c80	c80	c80	c80	c80	c80	c80	c80	c80	c80	c80	c80	c80	c80	c80	c80	c80	c80	c80	c80	c80	c80	c80	c80	c80	c80	c80	c80	c80	c80	c80	c80	c80	c80	c80	c80	c80	c80	c80	c80	c80	c80	c80	c80	c80	c80	c80	c80	c80	c80	c80	c80	c80	c80	c80	c80	c80	c80	fcd	d52	d55	cfb	cd5	c80	e2c	fce	c80	c80	cea	cd8	c80	d26	d27	f84	c80	c80	c80	c80	c80	c80	c80	c80	c80	c80	c80	c80	c80	c80	c80	c80	c80	c80	c80	c80	c80	c80	c80	c80	c80	c80	c80	d2e	cf7	cf8	cf8	d24	d25	d02	c80	d91	d9e	d66	d0d	c80	c80	c80	c80	10fd	10fe	cf0	d17	c80	c80	c80	c80	10ff	1100	fda	eaa	e2d	c80	c80	ceb	d0f	c80	c80	c80	c80	c80	c80	c80	c80	c80	c80	c80	c80	c80	c80	c80	c80	c80	c80	c80	c80	c80	c80	c80	c80	c80	c80	c80	c80	c80	c80	c80	c80	c80	c80	c80	c80	c80	c80	c80	c80	c80	c80	c80	c80	c80	c80	c80	c80	c80	c80	c80	c80	c80	c80	c80	c80	c80	c80	c80	c80	c80	c80	c80	c80	c80	c80	c80	c80	c80	c80	c80	c80	c80	c80	c80	c80	c80	c80	c80	c80	c80	c80	c80	c80	c80	c80	c80	c80	c80	c80	c80	c80	c80	c80	c80	c80	c80	c80	c80	c80	c80	c80	c80	c80	c80	c80	c80	c80	c80	c80	c80	c80	c80	c80	c80	c80	c80	c80	c80	c80	c80	c80	c80	c80	c80	c80	c80	c80	c80	c80	c80	c80	c80	c80	c80	c80	c80	c80	c80	c80	c80	c80	c80	c80	c80	c80	c80	c80	c80	c80	c80	c80	c80	c80	c80	c80	c80	c80	c80	c80	c80	c80	c80	c80	c80	c80	c80	c80	c80	c80	c80	c80	c80	c80	c80	c80	c80	c80	c80	c80	c80	c80	c80	c80	c80	c80	c80	c80	c80	c80	c80	c80	c80	c80	c80	c80	c80	c80	c80	c80	c80	c80	c80	c80	c80	c80	c80	c80	c80	c80	c80	c80	c80	c80	c80	c80	c80	c80	c80	c80	c80	c80	c80	c80	c80	c80	c80	c80	111a	111a	d8a	d8b	d73	c80	c80	dd7	c80	c80	c80	dd8	cf9	d54	d66	c80	c80	dd9	c80	c80	111b	ddb	ddc	d57	c80	c80	d02	c80	c80	491	c80	ce4	c80	c80	c80	c80	c80	c80	c80	c80	c80	c80	c80	c80	c80	c80	c80	c80	c80	c80	c80	c80	c80	c80	c80	c80	c80	c80	c80	c80	c80	c80	c80	c80	c80	c80	c80	c80	c80	c80	c80	c80	c80	c80	c80	c80	c80	c80	c80	c80
c80	c80	c80	c80	c80	c80	c80	c80	c80	c80	c80	c80	c80	c80	c80	c80	c80	c80	c80	c80	c80	c80	c80	c80	c80	c80	c80	c80	c80	c80	c80	c80	c80	c80	c80	c80	c80	c80	c80	c80	c80	c80	c80	c80	c80	c80	c80	c80	c80	c80	c80	c80	c80	c80	c80	c80	c80	c80	c80	c80	c80	c80	c80	c80	c80	c80	c80	c80	c80	c80	c80	c80	c80	c80	c80	c80	c80	c80	c80	c80	c80	c80	c80	c80	c80	c80	c80	c80	c80	c80	c80	c80	c80	c80	c80	c80	c80	c80	c80	c80	c80	c80	c80	c80	c80	c80	c80	c80	c80	c80	c80	c80	c80	c80	c80	c80	c80	c80	c80	c80	c80	c80	c80	c80	c80	c80	c80	c80	cf9	d44	fd8	cf0	c80	ccc	dfa	fd9	ce1	eff	f00	c80	da7	cfb	d34	f93	c80	c80	c80	c80	c80	c80	c80	c80	c80	c80	c80	c80	c80	c80	c80	c80	c80	c80	c80	c80	c80	c80	c80	c80	c80	c80	c80	c80	cf8	cfd	cf6	d30	d31	d32	c80	c80	c80	d02	c80	c80	c80	c80	c80	c80	c80	c80	c80	c80	c80	d91	d52	1101	cfb	cf6	1102	1103	cec	cec	d0f	d1b	c80	c80	c80	c80	c80	c80	c80	c80	c80	c80	c80	c80	c80	c80	c80	c80	c80	c80	c80	c80	c80	c80	c80	c80	c80	c80	c80	c80	c80	c80	c80	c80	c80	c80	c80	c80	c80	c80	c80	c80	c80	c80	c80	c80	c80	c80	c80	c80	c80	c80	c80	c80	c80	c80	c80	c80	c80	c80	c80	c80	c80	c80	c80	c80	c80	c80	c80	c80	c80	c80	c80	c80	c80	c80	c80	c80	c80	c80	c80	c80	c80	c80	c80	c80	c80	c80	c80	c80	c80	c80	c80	c80	c80	c80	c80	c80	c80	c80	c80	c80	c80	c80	c80	c80	c80	c80	c80	c80	c80	c80	c80	c80	c80	c80	c80	c80	c80	c80	c80	c80	c80	c80	c80	c80	c80	c80	c80	c80	c80	c80	c80	c80	c80	c80	c80	c80	c80	c80	c80	c80	c80	c80	c80	c80	c80	c80	c80	c80	c80	c80	c80	c80	c80	c80	c80	c80	c80	c80	c80	c80	c80	c80	c80	c80	c80	c80	c80	c80	c80	c80	c80	c80	c80	c80	c80	c80	c80	c80	c80	c80	c80	c80	c80	c80	c80	c80	c80	c80	c80	c80	c80	c80	c80	c80	c80	c80	c80	c80	c80	c80	c80	c80	c80	c80	c80	c80	c80	c80	c80	c80	c80	c80	c80	c80	c80	c80	c80	c80	c80	c80	c80	c80	c80	c80	c80	c80	c80	c80	de2	de3	d2c	d26	d27	d20	de5	de6	c80	c80	da5	cf9	c80	de7	c80	de8	d01	de9	d73	c80	dea	deb	dec	ded	cfb	c80	c80	dee	de8	c80	d17	cdd	c80	c80	c80	c80	c80	c80	c80	c80	c80	c80	c80	c80	c80	c80	c80	c80	c80	c80	c80	c80	c80	c80	c80	c80	c80	c80	c80	c80	c80	c80	c80	c80	c80	c80	c80	c80	c80	c80	c80	c80	c80	c80	c80	c80	c80	c80	c80	c80
c80	c80	c80	c80	c80	c80	c80	c80	c80	c80	c80	c80	c80	c80	c80	c80	c80	c80	c80	c80	c80	c80	c80	c80	c80	c80	c80	c80	c80	c80	c80	c80	c80	c80	c80	c80	c80	c80	c80	c80	c80	c80	c80	c80	c80	c80	c80	c80	c80	c80	c80	c80	c80	c80	c80	c80	c80	c80	c80	c80	c80	c80	c80	c80	c80	c80	c80	c80	c80	c80	c80	c80	c80	c80	c80	c80	c80	c80	c80	c80	c80	c80	c80	c80	c80	c80	c80	c80	c80	c80	c80	c80	c80	c80	c80	c80	c80	c80	c80	c80	c80	c80	c80	c80	c80	c80	c80	c80	c80	c80	c80	c80	c80	c80	c80	c80	c80	c80	c80	c80	c80	c80	c80	c80	c80	c80	c80	c80	d0d	dab	cf9	dce	cdf	c80	dd9	c80	d7e	f0e	f0f	d26	d27	d20	fbc	e33	c80	c80	c80	c80	c80	c80	c80	c80	c80	c80	c80	c80	c80	c80	c80	c80	c80	c80	c80	c80	c80	c80	c80	c80	c80	c80	c80	cf6	d39	d3a	c80	d2e	cfd	c80	c80	da7	e14	c80	c80	c80	db8	d01	10ff	1104	e2d	c80	1105	1106	c80	d06	ced	c80	c80	c80	d2e	cf7	cf8	cf8	d24	d25	c80	c80	c80	c80	c80	c80	c80	c80	c80	c80	c80	c80	c80	c80	c80	c80	c80	c80	c80	c80	c80	c80	c80	c80	c80	c80	c80	c80	c80	c80	c80	c80	c80	c80	c80	c80	c80	c80	c80	c80	c80	c80	c80	c80	c80	c80	c80	c80	c80	c80	c80	c80	c80	c80	c80	c80	c80	c80	c80	c80	c80	c80	c80	c80	c80	c80	c80	c80	c80	c80	c80	c80	c80	c80	c80	c80	c80	c80	c80	c80	c80	c80	c80	c80	c80	c80	c80	c80	c80	c80	c80	c80	c80	c80	c80	c80	c80	c80	c80	c80	c80	c80	c80	c80	c80	c80	c80	c80	c80	c80	c80	c80	c80	c80	c80	c80	c80	c80	c80	c80	c80	c80	c80	c80	c80	c80	c80	c80	c80	c80	c80	c80	c80	c80	c80	c80	c80	c80	c80	c80	c80	c80	c80	c80	c80	c80	c80	c80	c80	c80	c80	c80	c80	c80	c80	c80	c80	c80	c80	c80	c80	c80	c80	c80	c80	c80	c80	c80	c80	c80	c80	c80	c80	c80	c80	c80	c80	c80	c80	c80	c80	c80	c80	c80	c80	c80	c80	c80	c80	c80	c80	c80	c80	c80	c80	c80	c80	c80	c80	c80	c80	c80	c80	c80	c80	c80	c80	c80	c80	c80	c80	c80	c80	c80	c80	c80	c80	c80	c80	c80	c80	c80	c80	c80	c80	c80	c80	d26	111c	df5	d27	d28	d29	d50	c80	ceb	ced	eaa	111d	c80	df6	df7	df8	c80	d17	d06	ced	df9	ce2	dfa	db8	c80	c80	dfb	d8c	d56	cfb	c80	da7	cfb	c80	c80	c80	c80	c80	c80	c80	c80	c80	c80	c80	c80	c80	c80	c80	c80	c80	c80	c80	c80	c80	c80	c80	c80	c80	c80	c80	c80	c80	c80	c80	c80	c80	c80	c80	c80	c80	c80	c80	c80	c80	c80	c80	c80	c80	c80	c80	c80
c80	c80	c80	c80	c80	c80	c80	c80	c80	c80	c80	c80	c80	c80	c80	c80	c80	c80	c80	c80	c80	c80	c80	c80	c80	c80	c80	c80	c80	c80	c80	c80	c80	c80	c80	c80	c80	c80	c80	c80	c80	c80	c80	c80	c80	c80	c80	c80	c80	c80	c80	c80	c80	c80	c80	c80	c80	c80	c80	c80	c80	c80	c80	c80	c80	c80	c80	c80	c80	c80	c80	c80	c80	c80	c80	c80	c80	c80	c80	c80	c80	c80	c80	c80	c80	c80	c80	c80	c80	c80	c80	c80	c80	c80	c80	c80	c80	c80	c80	c80	c80	c80	c80	c80	c80	c80	c80	c80	c80	c80	c80	c80	c80	c80	c80	c80	c80	c80	c80	c80	c80	c80	c80	c80	c80	c80	c80	c80	d57	d2d	d9f	c80	c80	c80	de9	dce	d07	dfd	cd3	fc6	d34	d50	c80	fb5	c80	c80	c80	c80	c80	c80	c80	c80	c80	c80	c80	c80	c80	c80	c80	c80	c80	c80	c80	c80	c80	c80	c80	c80	c80	c80	c80	c80	d40	d41	d42	d43	c80	d10	e2d	c80	d2d	d22	d91	1107	c80	c80	10eb	1108	d14	c80	1109	110a	ceb	d0f	c80	f11	f83	110b	c80	cf8	cfd	cf6	d30	d31	d32	c80	c80	c80	c80	c80	c80	c80	c80	c80	c80	c80	c80	c80	c80	c80	c80	c80	c80	c80	c80	c80	c80	c80	c80	c80	c80	c80	c80	c80	c80	c80	c80	c80	c80	c80	c80	c80	c80	c80	c80	c80	c80	c80	c80	c80	c80	c80	c80	c80	c80	c80	c80	c80	c80	c80	c80	c80	c80	c80	c80	c80	c80	c80	c80	c80	c80	c80	c80	c80	c80	c80	c80	c80	c80	c80	c80	c80	c80	c80	c80	c80	c80	c80	c80	c80	c80	c80	c80	c80	c80	c80	c80	c80	c80	c80	c80	c80	c80	c80	c80	c80	c80	c80	c80	c80	c80	c80	c80	c80	c80	c80	c80	c80	c80	c80	c80	c80	c80	c80	c80	c80	c80	c80	c80	c80	c80	c80	c80	c80	c80	c80	c80	c80	c80	c80	c80	c80	c80	c80	c80	c80	c80	c80	c80	c80	c80	c80	c80	c80	c80	c80	c80	c80	c80	c80	c80	c80	c80	c80	c80	c80	c80	c80	c80	c80	c80	c80	c80	c80	c80	c80	c80	c80	c80	c80	c80	c80	c80	c80	c80	c80	c80	c80	c80	c80	c80	c80	c80	c80	c80	c80	c80	c80	c80	c80	c80	c80	c80	c80	c80	c80	c80	c80	c80	c80	c80	c80	c80	c80	c80	c80	c80	c80	c80	c80	c80	c80	c80	c80	c80	c80	c80	c80	c80	c80	c80	d26	111e	d60	e01	d34	d35	e02	e03	d0f	c80	fe5	c80	c80	c80	c80	e04	d92	e05	d0f	c80	cf6	d39	e06	c80	c80	ce2	c80	d73	c80	c80	e07	da0	e08	c80	c80	c80	c80	c80	c80	c80	c80	c80	c80	c80	c80	c80	c80	c80	c80	c80	c80	c80	c80	c80	c80	c80	c80	c80	c80	c80	c80	c80	c80	c80	c80	c80	c80	c80	c80	c80	c80	c80	c80	c80	c80	c80	c80	c80	c80	c80	c80
c80	c80	c80	c80	c80	c80	c80	c80	c80	c80	c80	c80	c80	c80	c80	c80	c80	c80	c80	c80	c80	c80	c80	c80	c80	c80	c80	c80	c80	c80	c80	c80	c80	c80	c80	c80	c80	c80	c80	c80	c80	c80	c80	c80	c80	c80	c80	c80	c80	c80	c80	c80	c80	c80	c80	c80	c80	c80	c80	c80	c80	c80	c80	c80	c80	c80	c80	c80	c80	c80	c80	c80	c80	c80	c80	c80	c80	c80	c80	c80	c80	c80	c80	c80	c80	c80	c80	c80	c80	c80	c80	c80	c80	c80	c80	c80	c80	c80	c80	c80	c80	c80	c80	c80	c80	c80	c80	c80	c80	c80	c80	c80	c80	c80	c80	c80	c80	c80	c80	c80	c80	c80	c80	c80	c80	c80	c80	c80	d44	d67	d01	c80	ccc	d91	d9e	cfb	c80	c80	c80	c80	ff7	d27	d20	d2c	c80	c80	c80	c80	c80	c80	c80	c80	c80	c80	c80	c80	c80	c80	c80	c80	c80	c80	c80	c80	c80	c80	c80	c80	c80	c80	c80	c80	d4e	d4f	94e	cec	ced	110c	1029	d7e	e27	da9	d53	c80	c80	10f7	110d	cf6	d23	ceb	cec	cec	d0f	d1b	c80	110e	d13	d14	110f	cec	ced	d51	d2e	cfd	d26	d27	d20	d2c	c80	c80	c80	c80	c80	c80	c80	c80	c80	c80	c80	c80	c80	c80	c80	c80	c80	c80	c80	c80	c80	c80	c80	c80	c80	c80	c80	c80	c80	c80	c80	c80	c80	c80	c80	c80	c80	c80	c80	c80	c80	c80	c80	c80	c80	c80	c80	c80	c80	c80	c80	c80	c80	c80	c80	c80	c80	c80	c80	c80	c80	c80	c80	c80	c80	c80	c80	c80	c80	c80	c80	c80	c80	c80	c80	c80	c80	c80	c80	c80	c80	c80	c80	c80	c80	c80	c80	c80	c80	c80	c80	c80	c80	c80	c80	c80	c80	c80	c80	c80	c80	c80	c80	c80	c80	c80	c80	c80	c80	c80	c80	c80	c80	c80	c80	c80	c80	c80	c80	c80	c80	c80	c80	c80	c80	c80	c80	c80	c80	c80	c80	c80	c80	c80	c80	c80	c80	c80	c80	c80	c80	c80	c80	c80	c80	c80	c80	c80	c80	c80	c80	c80	c80	c80	c80	c80	c80	c80	c80	c80	c80	c80	c80	c80	c80	c80	c80	c80	c80	c80	c80	c80	c80	c80	c80	c80	c80	c80	c80	c80	c80	c80	c80	c80	c80	c80	c80	c80	c80	c80	c80	c80	c80	c80	c80	c80	c80	c80	c80	c80	c80	c80	c80	c80	c80	c80	c80	c80	c80	c80	c80	c80	c80	c80	c80	c80	c80	c80	c80	c80	c80	c80	de4	111f	1120	d7b	d31	e10	e1e	e1e	d0f	d1b	c80	ff0	cf0	cf6	d23	ceb	cec	cec	d0f	d1b	c80	c80	1121	d41	e11	e12	cd8	e13	d0b	db8	d91	d52	d53	da9	c80	c80	c80	c80	c80	c80	c80	c80	c80	c80	c80	c80	c80	c80	c80	c80	c80	c80	c80	c80	c80	c80	c80	c80	c80	c80	c80	c80	c80	c80	c80	c80	c80	c80	c80	c80	c80	c80	c80	c80	c80	c80	c80	c80	c80	c80	c80	c80
c80	c80	c80	c80	c80	c80	c80	c80	c80	c80	c80	c80	c80	c80	c80	c80	c80	c80	c80	c80	c80	c80	c80	c80	c80	c80	c80	c80	c80	c80	c80	c80	c80	c80	c80	c80	c80	c80	c80	c80	c80	c80	c80	c80	c80	c80	c80	c80	c80	c80	c80	c80	c80	c80	c80	c80	c80	c80	c80	c80	c80	c80	c80	c80	c80	c80	c80	c80	c80	c80	c80	c80	c80	c80	c80	c80	c80	c80	c80	c80	c80	c80	c80	c80	c80	c80	c80	c80	c80	c80	c80	c80	c80	c80	c80	c80	c80	c80	c80	c80	c80	c80	c80	c80	c80	c80	c80	c80	c80	c80	c80	c80	c80	c80	c80	c80	c80	c80	c80	c80	c80	c80	c80	c80	c80	c80	c80	c80	c80	c80	c80	c80	c80	c80	c80	c80	c80	c80	c80	c80	c80	c80	c80	c80	c80	c80	c80	c80	c80	c80	c80	c80	c80	c80	c80	c80	c80	c80	c80	c80	c80	c80	c80	c80	c80	c80	c80	c80	c80	c80	c80	c80	c80	c80	c80	c80	c80	c80	c80	c80	c80	c80	c80	c80	c80	c80	c80	c80	c80	c80	c80	c80	c80	c80	c80	c80	c80	c80	c80	c80	c80	c80	c80	c80	c80	c80	c80	c80	c80	c80	c80	c80	c80	c80	c80	c80	c80	c80	c80	c80	c80	c80	c80	c80	c80	c80	c80	c80	c80	c80	c80	c80	c80	c80	c80	c80	c80	c80	c80	c80	c80	c80	c80	c80	c80	c80	c80	c80	c80	c80	c80	c80	c80	c80	c80	c80	c80	c80	c80	c80	c80	c80	c80	c80	c80	c80	c80	c80	c80	c80	c80	c80	c80	c80	c80	c80	c80	c80	c80	c80	c80	c80	c80	c80	c80	c80	c80	c80	c80	c80	c80	c80	c80	c80	c80	c80	c80	c80	c80	c80	c80	c80	c80	c80	c80	c80	c80	c80	c80	c80	c80	c80	c80	c80	c80	c80	c80	c80	c80	c80	c80	c80	c80	c80	c80	c80	c80	c80	c80	c80	c80	c80	c80	c80	c80	c80	c80	c80	c80	c80	c80	c80	c80	c80	c80	c80	c80	c80	c80	c80	c80	c80	c80	c80	c80	c80	c80	c80	c80	c80	c80	c80	c80	c80	c80	c80	c80	c80	c80	c80	c80	c80	c80	c80	c80	c80	c80	c80	c80	c80	c80	c80	c80	c80	c80	c80	c80	c80	c80	c80	c80	c80	c80	c80	c80	c80	c80	c80	c80	c80	c80	c80	c80	c80	c80	c80	c80	c80	c80	c80	c80	c80	c80	c80	c80	c80	c80	c80	c80	c80	c80	c80	c80	c80	c80	c80	c80	c80	c80	c80	c80	c80	c80	c80	c80	c80	c80	c80	c80	c80	c80	c80	c80	c80	c80	c80	c80	c80	c80	c80	c80	c80	c80	c80	c80	c80	c80	c80	c80	c80	c80	c80	c80	c80	c80	c80	c80	c80	c80	c80	c80	c80	c80	c80	c80	c80	c80	c80	c80	c80	c80	c80	c80	c80	c80	c80	c80	c80	c80	c80	c80	c80	c80	c80	c80	c80	c80	c80	c80	c80	c80	c80	c80	c80	c80	c80	c80	c80	c80	c80	c80	c80
c80	c80	c80	c80	c80	c80	c80	c80	c80	c80	c80	c80	c80	c80	c80	c80	c80	c80	c80	c80	c80	c80	c80	c80	c80	c80	c80	c80	c80	c80	c80	c80	c80	c80	c80	c80	c80	c80	c80	c80	c80	c80	c80	c80	c80	c80	c80	c80	c80	c80	c80	c80	c80	c80	c80	c80	c80	c80	c80	c80	c80	c80	c80	c80	c80	c80	c80	c80	c80	c80	c80	c80	c80	c80	c80	c80	c80	c80	c80	c80	c80	c80	c80	c80	c80	c80	c80	c80	c80	c80	c80	c80	c80	c80	c80	c80	c80	c80	c80	c80	c80	c80	c80	c80	c80	c80	c80	c80	c80	c80	c80	c80	c80	c80	c80	c80	c80	c80	c80	c80	c80	c80	c80	c80	c80	c80	c80	c80	c80	c80	c80	c80	c80	c80	c80	c80	c80	c80	c80	c80	c80	c80	c80	c80	c80	c80	c80	c80	c80	c80	c80	c80	c80	c80	c80	c80	c80	c80	c80	c80	c80	c80	c80	c80	c80	c80	c80	c80	c80	c80	c80	c80	c80	c80	c80	c80	c80	c80	c80	c80	c80	c80	c80	c80	c80	c80	c80	c80	c80	c80	c80	c80	c80	c80	c80	c80	c80	c80	c80	c80	c80	c80	c80	c80	c80	c80	c80	c80	c80	c80	c80	c80	c80	c80	c80	c80	c80	c80	c80	c80	c80	c80	c80	c80	c80	c80	c80	c80	c80	c80	c80	c80	c80	c80	c80	c80	c80	c80	c80	c80	c80	c80	c80	c80	c80	c80	c80	c80	c80	c80	c80	c80	c80	c80	c80	c80	c80	c80	c80	c80	c80	c80	c80	c80	c80	c80	c80	c80	c80	c80	c80	c80	c80	c80	c80	c80	c80	c80	c80	c80	c80	c80	c80	c80	c80	c80	c80	c80	c80	c80	c80	c80	c80	c80	c80	c80	c80	c80	c80	c80	c80	c80	c80	c80	c80	c80	c80	c80	c80	c80	c80	c80	c80	c80	c80	c80	c80	c80	c80	c80	c80	c80	c80	c80	c80	c80	c80	c80	c80	c80	c80	c80	c80	c80	c80	c80	c80	c80	c80	c80	c80	c80	c80	c80	c80	c80	c80	c80	c80	c80	c80	c80	c80	c80	c80	c80	c80	c80	c80	c80	c80	c80	c80	c80	c80	c80	c80	c80	c80	c80	c80	c80	c80	c80	c80	c80	c80	c80	c80	c80	c80	c80	c80	c80	c80	c80	c80	c80	c80	c80	c80	c80	c80	c80	c80	c80	c80	c80	c80	c80	c80	c80	c80	c80	c80	c80	c80	c80	c80	c80	c80	c80	c80	c80	c80	c80	c80	c80	c80	c80	c80	c80	c80	c80	c80	c80	c80	c80	c80	c80	c80	c80	c80	c80	c80	c80	c80	c80	c80	c80	c80	c80	c80	c80	c80	c80	c80	c80	c80	c80	c80	c80	c80	c80	c80	c80	c80	c80	c80	c80	c80	c80	c80	c80	c80	c80	c80	c80	c80	c80	c80	c80	c80	c80	c80	c80	c80	c80	c80	c80	c80	c80	c80	c80	c80	c80	c80	c80	c80	c80	c80	c80	c80	c80	c80	c80	c80	c80	c80	c80	c80	c80	c80	c80	c80	c80	c80	c80	c80	c80	c80	c80
c80	c80	c80	c80	c80	c80	c80	c80	c80	c80	c80	c80	c80	c80	c80	c80	c80	c80	c80	c80	c80	c80	c80	c80	c80	c80	c80	c80	c80	c80	c80	c80	c80	c80	c80	c80	c80	c80	c80	c80	c80	c80	c80	c80	c80	c80	c80	c80	c80	c80	c80	c80	c80	c80	c80	c80	c80	c80	c80	c80	c80	c80	c80	c80	c80	c80	c80	c80	c80	c80	c80	c80	c80	c80	c80	c80	c80	c80	c80	c80	c80	c80	c80	c80	c80	c80	c80	c80	c80	c80	c80	c80	c80	c80	c80	c80	c80	c80	c80	c80	c80	c80	c80	c80	c80	c80	c80	c80	c80	c80	c80	c80	c80	c80	c80	c80	c80	c80	c80	c80	c80	c80	c80	c80	c80	c80	c80	c80	c80	c80	c80	c80	c80	c80	c80	c80	c80	c80	c80	c80	c80	c80	c80	c80	c80	c80	c80	c80	c80	c80	c80	c80	c80	c80	c80	c80	c80	c80	c80	c80	c80	c80	c80	c80	c80	c80	c80	c80	c80	c80	c80	c80	c80	c80	c80	c80	c80	c80	c80	c80	c80	c80	c80	c80	c80	c80	c80	c80	c80	c80	c80	c80	c80	c80	c80	c80	c80	c80	c80	c80	c80	c80	c80	c80	c80	c80	c80	c80	c80	c80	c80	c80	c80	c80	c80	c80	c80	c80	c80	c80	c80	c80	c80	c80	c80	c80	c80	c80	c80	c80	c80	c80	c80	c80	c80	c80	c80	c80	c80	c80	c80	c80	c80	c80	c80	c80	c80	c80	c80	c80	c80	c80	c80	c80	c80	c80	c80	c80	c80	c80	c80	c80	c80	c80	c80	c80	c80	c80	c80	c80	c80	c80	c80	c80	c80	c80	c80	c80	c80	c80	c80	c80	c80	c80	c80	c80	c80	c80	c80	c80	c80	c80	c80	c80	c80	c80	c80	c80	c80	c80	c80	c80	c80	c80	c80	c80	c80	c80	c80	c80	c80	c80	c80	c80	c80	c80	c80	c80	c80	c80	c80	c80	c80	c80	c80	c80	c80	c80	c80	c80	c80	c80	c80	c80	c80	c80	c80	c80	c80	c80	c80	c80	c80	c80	c80	c80	c80	c80	c80	c80	c80	c80	c80	c80	c80	c80	c80	c80	c80	c80	c80	c80	c80	c80	c80	c80	c80	c80	c80	c80	c80	c80	c80	c80	c80	c80	c80	c80	c80	c80	c80	c80	c80	c80	c80	c80	c80	c80	c80	c80	c80	c80	c80	c80	c80	c80	c80	c80	c80	c80	c80	c80	c80	c80	c80	c80	c80	c80	c80	c80	c80	c80	c80	c80	c80	c80	c80	c80	c80	c80	c80	c80	c80	c80	c80	c80	c80	c80	c80	c80	c80	c80	c80	c80	c80	c80	c80	c80	c80	c80	c80	c80	c80	c80	c80	c80	c80	c80	c80	c80	c80	c80	c80	c80	c80	c80	c80	c80	c80	c80	c80	c80	c80	c80	c80	c80	c80	c80	c80	c80	c80	c80	c80	c80	c80	c80	c80	c80	c80	c80	c80	c80	c80	c80	c80	c80	c80	c80	c80	c80	c80	c80	c80	c80	c80	c80	c80	c80	c80	c80	c80	c80	c80	c80	c80	c80	c80	c80	c80	c80	c80	c80
c80	c80	c80	c80	c80	c80	c80	c80	c80	c80	c80	c80	c80	c80	c80	c80	c80	c80	c80	c80	c80	c80	c80	c80	c80	c80	c80	c80	c80	c80	c80	c80	c80	c80	c80	c80	c80	c80	c80	c80	c80	c80	c80	c80	c80	c80	c80	c80	c80	c80	c80	c80	c80	c80	c80	c80	c80	c80	c80	c80	c80	c80	c80	c80	c80	c80	c80	c80	c80	c80	c80	c80	c80	c80	c80	c80	c80	c80	c80	c80	c80	c80	c80	c80	c80	c80	c80	c80	c80	c80	c80	c80	c80	c80	c80	c80	c80	c80	c80	c80	c80	c80	c80	c80	c80	c80	c80	c80	c80	c80	c80	c80	c80	c80	c80	c80	c80	c80	c80	c80	c80	c80	c80	c80	c80	c80	c80	c80	c80	c80	c80	c80	c80	c80	c80	c80	c80	c80	c80	c80	c80	c80	c80	c80	c80	c80	c80	c80	c80	c80	c80	c80	c80	c80	c80	c80	c80	c80	c80	c80	c80	c80	c80	c80	c80	c80	c80	c80	c80	c80	c80	c80	c80	c80	c80	c80	c80	c80	c80	c80	c80	c80	c80	c80	c80	c80	c80	c80	c80	c80	c80	c80	c80	c80	c80	c80	c80	c80	c80	c80	c80	c80	c80	c80	c80	c80	c80	c80	c80	c80	c80	c80	c80	c80	c80	c80	c80	c80	c80	c80	c80	c80	c80	c80	c80	c80	c80	c80	c80	c80	c80	c80	c80	c80	c80	c80	c80	c80	c80	c80	c80	c80	c80	c80	c80	c80	c80	c80	c80	c80	c80	c80	c80	c80	c80	c80	c80	c80	c80	c80	c80	c80	c80	c80	c80	c80	c80	c80	c80	c80	c80	c80	c80	c80	c80	c80	c80	c80	c80	c80	c80	c80	c80	c80	c80	c80	c80	c80	c80	c80	c80	c80	c80	c80	c80	c80	c80	c80	c80	c80	c80	c80	c80	c80	c80	c80	c80	c80	c80	c80	c80	c80	c80	c80	c80	c80	c80	c80	c80	c80	c80	c80	c80	c80	c80	c80	c80	c80	c80	c80	c80	c80	c80	c80	c80	c80	c80	c80	c80	c80	c80	c80	c80	c80	c80	c80	c80	c80	c80	c80	c80	c80	c80	c80	c80	c80	c80	c80	c80	c80	c80	c80	c80	c80	c80	c80	c80	c80	c80	c80	c80	c80	c80	c80	c80	c80	c80	c80	c80	c80	c80	c80	c80	c80	c80	c80	c80	c80	c80	c80	c80	c80	c80	c80	c80	c80	c80	c80	c80	c80	c80	c80	c80	c80	c80	c80	c80	c80	c80	c80	c80	c80	c80	c80	c80	c80	c80	c80	c80	c80	c80	c80	c80	c80	c80	c80	c80	c80	c80	c80	c80	c80	c80	c80	c80	c80	c80	c80	c80	c80	c80	c80	c80	c80	c80	c80	c80	c80	c80	c80	c80	c80	c80	c80	c80	c80	c80	c80	c80	c80	c80	c80	c80	c80	c80	c80	c80	c80	c80	c80	c80	c80	c80	c80	c80	c80	c80	c80	c80	c80	c80	c80	c80	c80	c80	c80	c80	c80	c80	c80	c80	c80	c80	c80	c80	c80	c80	c80	c80	c80	c80	c80	c80	c80	c80	c80	c80	c80	c80	c80	c80	c80
c80	c80	c80	c80	c80	c80	c80	c80	c80	c80	c80	c80	c80	c80	c80	c80	c80	c80	c80	c80	c80	c80	c80	c80	c80	c80	c80	c80	c80	c80	c80	c80	c80	c80	c80	c80	c80	c80	c80	c80	c80	c80	c80	c80	c80	c80	c80	c80	c80	c80	c80	c80	c80	c80	c80	c80	c80	c80	c80	c80	c80	c80	c80	c80	c80	c80	c80	c80	c80	c80	c80	c80	c80	c80	c80	c80	c80	c80	c80	c80	c80	c80	c80	c80	c80	c80	c80	c80	c80	c80	c80	c80	c80	c80	c80	c80	c80	c80	c80	c80	c80	c80	c80	c80	c80	c80	c80	c80	c80	c80	c80	c80	c80	c80	c80	c80	c80	c80	c80	c80	c80	c80	c80	c80	c80	c80	c80	c80	c80	c80	c80	c80	c80	c80	c80	c80	c80	c80	c80	c80	c80	c80	c80	c80	c80	c80	c80	c80	c80	c80	c80	c80	c80	c80	c80	c80	c80	c80	c80	c80	c80	c80	c80	c80	c80	c80	c80	c80	c80	c80	c80	c80	c80	c80	c80	c80	c80	c80	c80	c80	c80	c80	c80	c80	c80	c80	c80	c80	c80	c80	c80	c80	c80	c80	c80	c80	c80	c80	c80	c80	c80	c80	c80	c80	c80	c80	c80	c80	c80	c80	c80	c80	c80	c80	c80	c80	c80	c80	c80	c80	c80	c80	c80	c80	c80	c80	c80	c80	c80	c80	c80	c80	c80	c80	c80	c80	c80	c80	c80	c80	c80	c80	c80	c80	c80	c80	c80	c80	c80	c80	c80	c80	c80	c80	c80	c80	c80	c80	c80	c80	c80	c80	c80	c80	c80	c80	c80	c80	c80	c80	c80	c80	c80	c80	c80	c80	c80	c80	c80	c80	c80	c80	c80	c80	c80	c80	c80	c80	c80	c80	c80	c80	c80	c80	c80	c80	c80	c80	c80	c80	c80	c80	c80	c80	c80	c80	c80	c80	c80	c80	c80	c80	c80	c80	c80	c80	c80	c80	c80	c80	c80	c80	c80	c80	c80	c80	c80	c80	c80	c80	c80	c80	c80	c80	c80	c80	c80	c80	c80	c80	c80	c80	c80	c80	c80	c80	c80	c80	c80	c80	c80	c80	c80	c80	c80	c80	c80	c80	c80	c80	c80	c80	c80	c80	c80	c80	c80	c80	c80	c80	c80	c80	c80	c80	c80	c80	c80	c80	c80	c80	c80	c80	c80	c80	c80	c80	c80	c80	c80	c80	c80	c80	c80	c80	c80	c80	c80	c80	c80	c80	c80	c80	c80	c80	c80	c80	c80	c80	c80	c80	c80	c80	c80	c80	c80	c80	c80	c80	c80	c80	c80	c80	c80	c80	c80	c80	c80	c80	c80	c80	c80	c80	c80	c80	c80	c80	c80	c80	c80	c80	c80	c80	c80	c80	c80	c80	c80	c80	c80	c80	c80	c80	c80	c80	c80	c80	c80	c80	c80	c80	c80	c80	c80	c80	c80	c80	c80	c80	c80	c80	c80	c80	c80	c80	c80	c80	c80	c80	c80	c80	c80	c80	c80	c80	c80	c80	c80	c80	c80	c80	c80	c80	c80	c80	c80	c80	c80	c80	c80	c80	c80	c80	c80	c80	c80	c80	c80	c80	c80	c80	c80	c80
c80	c80	c80	c80	c80	c80	c80	c80	c80	c80	c80	c80	c80	c80	c80	c80	c80	c80	c80	c80	c80	c80	c80	c80	c80	c80	c80	c80	c80	c80	c80	c80	c80	c80	c80	c80	c80	c80	c80	c80	c80	c80	c80	c80	c80	c80	c80	c80	c80	c80	c80	c80	c80	c80	c80	c80	c80	c80	c80	c80	c80	c80	c80	c80	c80	c80	c80	c80	c80	c80	c80	c80	c80	c80	c80	c80	c80	c80	c80	c80	c80	c80	c80	c80	c80	c80	c80	c80	c80	c80	c80	c80	c80	c80	c80	c80	c80	c80	c80	c80	c80	c80	c80	c80	c80	c80	c80	c80	c80	c80	c80	c80	c80	c80	c80	c80	c80	c80	c80	c80	c80	c80	c80	c80	c80	c80	c80	c80	c80	c80	c80	c80	c80	c80	c80	c80	c80	c80	c80	c80	c80	c80	c80	c80	c80	c80	c80	c80	c80	c80	c80	c80	c80	c80	c80	c80	c80	c80	c80	c80	c80	c80	c80	c80	c80	c80	c80	c80	c80	c80	c80	c80	c80	c80	c80	c80	c80	c80	c80	c80	c80	c80	c80	c80	c80	c80	c80	c80	c80	c80	c80	c80	c80	c80	c80	c80	c80	c80	c80	c80	c80	c80	c80	c80	c80	c80	c80	c80	c80	c80	c80	c80	c80	c80	c80	c80	c80	c80	c80	c80	c80	c80	c80	c80	c80	c80	c80	c80	c80	c80	c80	c80	c80	c80	c80	c80	c80	c80	c80	c80	c80	c80	c80	c80	c80	c80	c80	c80	c80	c80	c80	c80	c80	c80	c80	c80	c80	c80	c80	c80	c80	c80	c80	c80	c80	c80	c80	c80	c80	c80	c80	c80	c80	c80	c80	c80	c80	c80	c80	c80	c80	c80	c80	c80	c80	c80	c80	c80	c80	c80	c80	c80	c80	c80	c80	c80	c80	c80	c80	c80	c80	c80	c80	c80	c80	c80	c80	c80	c80	c80	c80	c80	c80	c80	c80	c80	c80	c80	c80	c80	c80	c80	c80	c80	c80	c80	c80	c80	c80	c80	c80	c80	c80	c80	c80	c80	c80	c80	c80	c80	c80	c80	c80	c80	c80	c80	c80	c80	c80	c80	c80	c80	c80	c80	c80	c80	c80	c80	c80	c80	c80	c80	c80	c80	c80	c80	c80	c80	c80	c80	c80	c80	c80	c80	c80	c80	c80	c80	c80	c80	c80	c80	c80	c80	c80	c80	c80	c80	c80	c80	c80	c80	c80	c80	c80	c80	c80	c80	c80	c80	c80	c80	c80	c80	c80	c80	c80	c80	c80	c80	c80	c80	c80	c80	c80	c80	c80	c80	c80	c80	c80	c80	c80	c80	c80	c80	c80	c80	c80	c80	c80	c80	c80	c80	c80	c80	c80	c80	c80	c80	c80	c80	c80	c80	c80	c80	c80	c80	c80	c80	c80	c80	c80	c80	c80	c80	c80	c80	c80	c80	c80	c80	c80	c80	c80	c80	c80	c80	c80	c80	c80	c80	c80	c80	c80	c80	c80	c80	c80	c80	c80	c80	c80	c80	c80	c80	c80	c80	c80	c80	c80	c80	c80	c80	c80	c80	c80	c80	c80	c80	c80	c80	c80	c80	c80	c80	c80	c80	c80	c80	c80	c80
c80	c80	c80	c80	c80	c80	c80	c80	c80	c80	c80	c80	c80	c80	c80	c80	c80	c80	c80	c80	c80	c80	c80	c80	c80	c80	c80	c80	c80	c80	c80	c80	c80	c80	c80	c80	c80	c80	c80	c80	c80	c80	c80	c80	c80	c80	c80	c80	c80	c80	c80	c80	c80	c80	c80	c80	c80	c80	c80	c80	c80	c80	c80	c80	c80	c80	c80	c80	c80	c80	c80	c80	c80	c80	c80	c80	c80	c80	c80	c80	c80	c80	c80	c80	c80	c80	c80	c80	c80	c80	c80	c80	c80	c80	c80	c80	c80	c80	c80	c80	c80	c80	c80	c80	c80	c80	c80	c80	c80	c80	c80	c80	c80	c80	c80	c80	c80	c80	c80	c80	c80	c80	c80	c80	c80	c80	c80	c80	c80	c80	c80	c80	c80	c80	c80	c80	c80	c80	c80	c80	c80	c80	c80	c80	c80	c80	c80	c80	c80	c80	c80	c80	c80	c80	c80	c80	c80	c80	c80	c80	c80	c80	c80	c80	c80	c80	c80	c80	c80	c80	c80	c80	c80	c80	c80	c80	c80	c80	c80	c80	c80	c80	c80	c80	c80	c80	c80	c80	c80	c80	c80	c80	c80	c80	c80	c80	c80	c80	c80	c80	c80	c80	c80	c80	c80	c80	c80	c80	c80	c80	c80	c80	c80	c80	c80	c80	c80	c80	c80	c80	c80	c80	c80	c80	c80	c80	c80	c80	c80	c80	c80	c80	c80	c80	c80	c80	c80	c80	c80	c80	c80	c80	c80	c80	c80	c80	c80	c80	c80	c80	c80	c80	c80	c80	c80	c80	c80	c80	c80	c80	c80	c80	c80	c80	c80	c80	c80	c80	c80	c80	c80	c80	c80	c80	c80	c80	c80	c80	c80	c80	c80	c80	c80	c80	c80	c80	c80	c80	c80	c80	c80	c80	c80	c80	c80	c80	c80	c80	c80	c80	c80	c80	c80	c80	c80	c80	c80	c80	c80	c80	c80	c80	c80	c80	c80	c80	c80	c80	c80	c80	c80	c80	c80	c80	c80	c80	c80	c80	c80	c80	c80	c80	c80	c80	c80	c80	c80	c80	c80	c80	c80	c80	c80	c80	c80	c80	c80	c80	c80	c80	c80	c80	c80	c80	c80	c80	c80	c80	c80	c80	c80	c80	c80	c80	c80	c80	c80	c80	c80	c80	c80	c80	c80	c80	c80	c80	c80	c80	c80	c80	c80	c80	c80	c80	c80	c80	c80	c80	c80	c80	c80	c80	c80	c80	c80	c80	c80	c80	c80	c80	c80	c80	c80	c80	c80	c80	c80	c80	c80	c80	c80	c80	c80	c80	c80	c80	c80	c80	c80	c80	c80	c80	c80	c80	c80	c80	c80	c80	c80	c80	c80	c80	c80	c80	c80	c80	c80	c80	c80	c80	c80	c80	c80	c80	c80	c80	c80	c80	c80	c80	c80	c80	c80	c80	c80	c80	c80	c80	c80	c80	c80	c80	c80	c80	c80	c80	c80	c80	c80	c80	c80	c80	c80	c80	c80	c80	c80	c80	c80	c80	c80	c80	c80	c80	c80	c80	c80	c80	c80	c80	c80	c80	c80	c80	c80	c80	c80	c80	c80	c80	c80	c80	c80	c80	c80	c80	c80	c80	c80	c80	c80	c80
c80	c80	c80	c80	c80	c80	c80	c80	c80	c80	c80	c80	c80	c80	c80	c80	c80	c80	c80	c80	c80	c80	c80	c80	c80	c80	c80	c80	c80	c80	c80	c80	c80	c80	c80	c80	c80	c80	c80	c80	c80	c80	c80	c80	c80	c80	c80	c80	c80	c80	c80	c80	c80	c80	c80	c80	c80	c80	c80	c80	c80	c80	c80	c80	c80	c80	c80	c80	c80	c80	c80	c80	c80	c80	c80	c80	c80	c80	c80	c80	c80	c80	c80	c80	c80	c80	c80	c80	c80	c80	c80	c80	c80	c80	c80	c80	c80	c80	c80	c80	c80	c80	c80	c80	c80	c80	c80	c80	c80	c80	c80	c80	c80	c80	c80	c80	c80	c80	c80	c80	c80	c80	c80	c80	c80	c80	c80	c80	c80	c80	c80	c80	c80	c80	c80	c80	c80	c80	c80	c80	c80	c80	c80	c80	c80	c80	c80	c80	c80	c80	c80	c80	c80	c80	c80	c80	c80	c80	c80	c80	c80	c80	c80	c80	c80	c80	c80	c80	c80	c80	c80	c80	c80	c80	c80	c80	c80	c80	c80	c80	c80	c80	c80	c80	c80	c80	c80	c80	c80	c80	c80	c80	c80	c80	c80	c80	c80	c80	c80	c80	c80	c80	c80	c80	c80	c80	c80	c80	c80	c80	c80	c80	c80	c80	c80	c80	c80	c80	c80	c80	c80	c80	c80	c80	c80	c80	c80	c80	c80	c80	c80	c80	c80	c80	c80	c80	c80	c80	c80	c80	c80	c80	c80	c80	c80	c80	c80	c80	c80	c80	c80	c80	c80	c80	c80	c80	c80	c80	c80	c80	c80	c80	c80	c80	c80	c80	c80	c80	c80	c80	c80	c80	c80	c80	c80	c80	c80	c80	c80	c80	c80	c80	c80	c80	c80	c80	c80	c80	c80	c80	c80	c80	c80	c80	c80	c80	c80	c80	c80	c80	c80	c80	c80	c80	c80	c80	c80	c80	c80	c80	c80	c80	c80	c80	c80	c80	c80	c80	c80	c80	c80	c80	c80	c80	c80	c80	c80	c80	c80	c80	c80	c80	c80	c80	c80	c80	c80	c80	c80	c80	c80	c80	c80	c80	c80	c80	c80	c80	c80	c80	c80	c80	c80	c80	c80	c80	c80	c80	c80	c80	c80	c80	c80	c80	c80	c80	c80	c80	c80	c80	c80	c80	c80	c80	c80	c80	c80	c80	c80	c80	c80	c80	c80	c80	c80	c80	c80	c80	c80	c80	c80	c80	c80	c80	c80	c80	c80	c80	c80	c80	c80	c80	c80	c80	c80	c80	c80	c80	c80	c80	c80	c80	c80	c80	c80	c80	c80	c80	c80	c80	c80	c80	c80	c80	c80	c80	c80	c80	c80	c80	c80	c80	c80	c80	c80	c80	c80	c80	c80	c80	c80	c80	c80	c80	c80	c80	c80	c80	c80	c80	c80	c80	c80	c80	c80	c80	c80	c80	c80	c80	c80	c80	c80	c80	c80	c80	c80	c80	c80	c80	c80	c80	c80	c80	c80	c80	c80	c80	c80	c80	c80	c80	c80	c80	c80	c80	c80	c80	c80	c80	c80	c80	c80	c80	c80	c80	c80	c80	c80	c80	c80	c80	c80	c80	c80	c80	c80	c80	c80	c80	c80	c80
c80	c80	c80	c80	c80	c80	c80	c80	c80	c80	c80	c80	c80	c80	c80	c80	c80	c80	c80	c80	c80	c80	c80	c80	c80	c80	c80	c80	c80	c80	c80	c80	c80	c80	c80	c80	c80	c80	c80	c80	c80	c80	c80	c80	c80	c80	c80	c80	c80	c80	c80	c80	c80	c80	c80	c80	c80	c80	c80	c80	c80	c80	c80	c80	c80	c80	c80	c80	c80	c80	c80	c80	c80	c80	c80	c80	c80	c80	c80	c80	c80	c80	c80	c80	c80	c80	c80	c80	c80	c80	c80	c80	c80	c80	c80	c80	c80	c80	c80	c80	c80	c80	c80	c80	c80	c80	c80	c80	c80	c80	c80	c80	c80	c80	c80	c80	c80	c80	c80	c80	c80	c80	c80	c80	c80	c80	c80	c80	c80	c80	c80	c80	c80	c80	c80	c80	c80	c80	c80	c80	c80	c80	c80	c80	c80	c80	c80	c80	c80	c80	c80	c80	c80	c80	c80	c80	c80	c80	c80	c80	c80	c80	c80	c80	c80	c80	c80	c80	c80	c80	c80	c80	c80	c80	c80	c80	c80	c80	c80	c80	c80	c80	c80	c80	c80	c80	c80	c80	c80	c80	c80	c80	c80	c80	c80	c80	c80	c80	c80	c80	c80	c80	c80	c80	c80	c80	c80	c80	c80	c80	c80	c80	c80	c80	c80	c80	c80	c80	c80	c80	c80	c80	c80	c80	c80	c80	c80	c80	c80	c80	c80	c80	c80	c80	c80	c80	c80	c80	c80	c80	c80	c80	c80	c80	c80	c80	c80	c80	c80	c80	c80	c80	c80	c80	c80	c80	c80	c80	c80	c80	c80	c80	c80	c80	c80	c80	c80	c80	c80	c80	c80	c80	c80	c80	c80	c80	c80	c80	c80	c80	c80	c80	c80	c80	c80	c80	c80	c80	c80	c80	c80	c80	c80	c80	c80	c80	c80	c80	c80	c80	c80	c80	c80	c80	c80	c80	c80	c80	c80	c80	c80	c80	c80	c80	c80	c80	c80	c80	c80	c80	c80	c80	c80	c80	c80	c80	c80	c80	c80	c80	c80	c80	c80	c80	c80	c80	c80	c80	c80	c80	c80	c80	c80	c80	c80	c80	c80	c80	c80	c80	c80	c80	c80	c80	c80	c80	c80	c80	c80	c80	c80	c80	c80	c80	c80	c80	c80	c80	c80	c80	c80	c80	c80	c80	c80	c80	c80	c80	c80	c80	c80	c80	c80	c80	c80	c80	c80	c80	c80	c80	c80	c80	c80	c80	c80	c80	c80	c80	c80	c80	c80	c80	c80	c80	c80	c80	c80	c80	c80	c80	c80	c80	c80	c80	c80	c80	c80	c80	c80	c80	c80	c80	c80	c80	c80	c80	c80	c80	c80	c80	c80	c80	c80	c80	c80	c80	c80	c80	c80	c80	c80	c80	c80	c80	c80	c80	c80	c80	c80	c80	c80	c80	c80	c80	c80	c80	c80	c80	c80	c80	c80	c80	c80	c80	c80	c80	c80	c80	c80	c80	c80	c80	c80	c80	c80	c80	c80	c80	c80	c80	c80	c80	c80	c80	c80	c80	c80	c80	c80	c80	c80	c80	c80	c80	c80	c80	c80	c80	c80	c80	c80	c80	c80	c80	c80	c80	c80	c80	c80	c80	c80	c80
c80	c80	c80	c80	c80	c80	c80	c80	c80	c80	c80	c80	c80	c80	c80	c80	c80	c80	c80	c80	c80	c80	c80	c80	c80	c80	c80	c80	c80	c80	c80	c80	c80	c80	c80	c80	c80	c80	c80	c80	c80	c80	c80	c80	c80	c80	c80	c80	c80	c80	c80	c80	c80	c80	c80	c80	c80	c80	c80	c80	c80	c80	c80	c80	c80	c80	c80	c80	c80	c80	c80	c80	c80	c80	c80	c80	c80	c80	c80	c80	c80	c80	c80	c80	c80	c80	c80	c80	c80	c80	c80	c80	c80	c80	c80	c80	c80	c80	c80	c80	c80	c80	c80	c80	c80	c80	c80	c80	c80	c80	c80	c80	c80	c80	c80	c80	c80	c80	c80	c80	c80	c80	c80	c80	c80	c80	c80	c80	c80	c80	c80	c80	c80	c80	c80	c80	c80	c80	c80	c80	c80	c80	c80	c80	c80	c80	c80	c80	c80	c80	c80	c80	c80	c80	c80	c80	c80	c80	c80	c80	c80	c80	c80	c80	c80	c80	c80	c80	c80	c80	c80	c80	c80	c80	c80	c80	c80	c80	c80	c80	c80	c80	c80	c80	c80	c80	c80	c80	c80	c80	c80	c80	c80	c80	c80	c80	c80	c80	c80	c80	c80	c80	c80	c80	c80	c80	c80	c80	c80	c80	c80	c80	c80	c80	c80	c80	c80	c80	c80	c80	c80	c80	c80	c80	c80	c80	c80	c80	c80	c80	c80	c80	c80	c80	c80	c80	c80	c80	c80	c80	c80	c80	c80	c80	c80	c80	c80	c80	c80	c80	c80	c80	c80	c80	c80	c80	c80	c80	c80	c80	c80	c80	c80	c80	c80	c80	c80	c80	c80	c80	c80	c80	c80	c80	c80	c80	c80	c80	c80	c80	c80	c80	c80	c80	c80	c80	c80	c80	c80	c80	c80	c80	c80	c80	c80	c80	c80	c80	c80	c80	c80	c80	c80	c80	c80	c80	c80	c80	c80	c80	c80	c80	c80	c80	c80	c80	c80	c80	c80	c80	c80	c80	c80	c80	c80	c80	c80	c80	c80	c80	c80	c80	c80	c80	c80	c80	c80	c80	c80	c80	c80	c80	c80	c80	c80	c80	c80	c80	c80	c80	c80	c80	c80	c80	c80	c80	c80	c80	c80	c80	c80	c80	c80	c80	c80	c80	c80	c80	c80	c80	c80	c80	c80	c80	c80	c80	c80	c80	c80	c80	c80	c80	c80	c80	c80	c80	c80	c80	c80	c80	c80	c80	c80	c80	c80	c80	c80	c80	c80	c80	c80	c80	c80	c80	c80	c80	c80	c80	c80	c80	c80	c80	c80	c80	c80	c80	c80	c80	c80	c80	c80	c80	c80	c80	c80	c80	c80	c80	c80	c80	c80	c80	c80	c80	c80	c80	c80	c80	c80	c80	c80	c80	c80	c80	c80	c80	c80	c80	c80	c80	c80	c80	c80	c80	c80	c80	c80	c80	c80	c80	c80	c80	c80	c80	c80	c80	c80	c80	c80	c80	c80	c80	c80	c80	c80	c80	c80	c80	c80	c80	c80	c80	c80	c80	c80	c80	c80	c80	c80	c80	c80	c80	c80	c80	c80	c80	c80	c80	c80	c80	c80	c80	c80	c80	c80	c80	c80	c80	c80	c80	c80	c80
c80	c80	c80	c80	c80	c80	c80	c80	c80	c80	c80	c80	c80	c80	c80	c80	c80	c80	c80	c80	c80	c80	c80	c80	c80	c80	c80	c80	c80	c80	c80	c80	c80	c80	c80	c80	c80	c80	c80	c80	c80	c80	c80	c80	c80	c80	c80	c80	c80	c80	c80	c80	c80	c80	c80	c80	c80	c80	c80	c80	c80	c80	c80	c80	c80	c80	c80	c80	c80	c80	c80	c80	c80	c80	c80	c80	c80	c80	c80	c80	c80	c80	c80	c80	c80	c80	c80	c80	c80	c80	c80	c80	c80	c80	c80	c80	c80	c80	c80	c80	c80	c80	c80	c80	c80	c80	c80	c80	c80	c80	c80	c80	c80	c80	c80	c80	c80	c80	c80	c80	c80	c80	c80	c80	c80	c80	c80	c80	c80	c80	c80	c80	c80	c80	c80	c80	c80	c80	c80	c80	c80	c80	c80	c80	c80	c80	c80	c80	c80	c80	c80	c80	c80	c80	c80	c80	c80	c80	c80	c80	c80	c80	c80	c80	c80	c80	c80	c80	c80	c80	c80	c80	c80	c80	c80	c80	c80	c80	c80	c80	c80	c80	c80	c80	c80	c80	c80	c80	c80	c80	c80	c80	c80	c80	c80	c80	c80	c80	c80	c80	c80	c80	c80	c80	c80	c80	c80	c80	c80	c80	c80	c80	c80	c80	c80	c80	c80	c80	c80	c80	c80	c80	c80	c80	c80	c80	c80	c80	c80	c80	c80	c80	c80	c80	c80	c80	c80	c80	c80	c80	c80	c80	c80	c80	c80	c80	c80	c80	c80	c80	c80	c80	c80	c80	c80	c80	c80	c80	c80	c80	c80	c80	c80	c80	c80	c80	c80	c80	c80	c80	c80	c80	c80	c80	c80	c80	c80	c80	c80	c80	c80	c80	c80	c80	c80	c80	c80	c80	c80	c80	c80	c80	c80	c80	c80	c80	c80	c80	c80	c80	c80	c80	c80	c80	c80	c80	c80	c80	c80	c80	c80	c80	c80	c80	c80	c80	c80	c80	c80	c80	c80	c80	c80	c80	c80	c80	c80	c80	c80	c80	c80	c80	c80	c80	c80	c80	c80	c80	c80	c80	c80	c80	c80	c80	c80	c80	c80	c80	c80	c80	c80	c80	c80	c80	c80	c80	c80	c80	c80	c80	c80	c80	c80	c80	c80	c80	c80	c80	c80	c80	c80	c80	c80	c80	c80	c80	c80	c80	c80	c80	c80	c80	c80	c80	c80	c80	c80	c80	c80	c80	c80	c80	c80	c80	c80	c80	c80	c80	c80	c80	c80	c80	c80	c80	c80	c80	c80	c80	c80	c80	c80	c80	c80	c80	c80	c80	c80	c80	c80	c80	c80	c80	c80	c80	c80	c80	c80	c80	c80	c80	c80	c80	c80	c80	c80	c80	c80	c80	c80	c80	c80	c80	c80	c80	c80	c80	c80	c80	c80	c80	c80	c80	c80	c80	c80	c80	c80	c80	c80	c80	c80	c80	c80	c80	c80	c80	c80	c80	c80	c80	c80	c80	c80	c80	c80	c80	c80	c80	c80	c80	c80	c80	c80	c80	c80	c80	c80	c80	c80	c80	c80	c80	c80	c80	c80	c80	c80	c80	c80	c80	c80	c80	c80	c80	c80	c80	c80	c80	c80	c80	c80	c80
c80	c80	c80	c80	c80	c80	c80	c80	c80	c80	c80	c80	c80	c80	c80	c80	c80	c80	c80	c80	c80	c80	c80	c80	c80	c80	c80	c80	c80	c80	c80	c80	c80	c80	c80	c80	c80	c80	c80	c80	c80	c80	c80	c80	c80	c80	c80	c80	c80	c80	c80	c80	c80	c80	c80	c80	c80	c80	c80	c80	c80	c80	c80	c80	c80	c80	c80	c80	c80	c80	c80	c80	c80	c80	c80	c80	c80	c80	c80	c80	c80	c80	c80	c80	c80	c80	c80	c80	c80	c80	c80	c80	c80	c80	c80	c80	c80	c80	c80	c80	c80	c80	c80	c80	c80	c80	c80	c80	c80	c80	c80	c80	c80	c80	c80	c80	c80	c80	c80	c80	c80	c80	c80	c80	c80	c80	c80	c80	c80	c80	c80	c80	c80	c80	c80	c80	c80	c80	c80	c80	c80	c80	c80	c80	c80	c80	c80	c80	c80	c80	c80	c80	c80	c80	c80	c80	c80	c80	c80	c80	c80	c80	c80	c80	c80	c80	c80	c80	c80	c80	c80	c80	c80	c80	c80	c80	c80	c80	c80	c80	c80	c80	c80	c80	c80	c80	c80	c80	c80	c80	c80	c80	c80	c80	c80	c80	c80	c80	c80	c80	c80	c80	c80	c80	c80	c80	c80	c80	c80	c80	c80	c80	c80	c80	c80	c80	c80	c80	c80	c80	c80	c80	c80	c80	c80	c80	c80	c80	c80	c80	c80	c80	c80	c80	c80	c80	c80	c80	c80	c80	c80	c80	c80	c80	c80	c80	c80	c80	c80	c80	c80	c80	c80	c80	c80	c80	c80	c80	c80	c80	c80	c80	c80	c80	c80	c80	c80	c80	c80	c80	c80	c80	c80	c80	c80	c80	c80	c80	c80	c80	c80	c80	c80	c80	c80	c80	c80	c80	c80	c80	c80	c80	c80	c80	c80	c80	c80	c80	c80	c80	c80	c80	c80	c80	c80	c80	c80	c80	c80	c80	c80	c80	c80	c80	c80	c80	c80	c80	c80	c80	c80	c80	c80	c80	c80	c80	c80	c80	c80	c80	c80	c80	c80	c80	c80	c80	c80	c80	c80	c80	c80	c80	c80	c80	c80	c80	c80	c80	c80	c80	c80	c80	c80	c80	c80	c80	c80	c80	c80	c80	c80	c80	c80	c80	c80	c80	c80	c80	c80	c80	c80	c80	c80	c80	c80	c80	c80	c80	c80	c80	c80	c80	c80	c80	c80	c80	c80	c80	c80	c80	c80	c80	c80	c80	c80	c80	c80	c80	c80	c80	c80	c80	c80	c80	c80	c80	c80	c80	c80	c80	c80	c80	c80	c80	c80	c80	c80	c80	c80	c80	c80	c80	c80	c80	c80	c80	c80	c80	c80	c80	c80	c80	c80	c80	c80	c80	c80	c80	c80	c80	c80	c80	c80	c80	c80	c80	c80	c80	c80	c80	c80	c80	c80	c80	c80	c80	c80	c80	c80	c80	c80	c80	c80	c80	c80	c80	c80	c80	c80	c80	c80	c80	c80	c80	c80	c80	c80	c80	c80	c80	c80	c80	c80	c80	c80	c80	c80	c80	c80	c80	c80	c80	c80	c80	c80	c80	c80	c80	c80	c80	c80	c80	c80	c80	c80	c80	c80	c80	c80	c80	c80	c80
c80	c80	c80	c80	c80	c80	c80	c80	c80	c80	c80	c80	c80	c80	c80	c80	c80	c80	c80	c80	c80	c80	c80	c80	c80	c80	c80	c80	c80	c80	c80	c80	c80	c80	c80	c80	c80	c80	c80	c80	c80	c80	c80	c80	c80	c80	c80	c80	c80	c80	c80	c80	c80	c80	c80	c80	c80	c80	c80	c80	c80	c80	c80	c80	c80	c80	c80	c80	c80	c80	c80	c80	c80	c80	c80	c80	c80	c80	c80	c80	c80	c80	c80	c80	c80	c80	c80	c80	c80	c80	c80	c80	c80	c80	c80	c80	c80	c80	c80	c80	c80	c80	c80	c80	c80	c80	c80	c80	c80	c80	c80	c80	c80	c80	c80	c80	c80	c80	c80	c80	c80	c80	c80	c80	c80	c80	c80	c80	c80	c80	c80	c80	c80	c80	c80	c80	c80	c80	c80	c80	c80	c80	c80	c80	c80	c80	c80	c80	c80	c80	c80	c80	c80	c80	c80	c80	c80	c80	c80	c80	c80	c80	c80	c80	c80	c80	c80	c80	c80	c80	c80	c80	c80	c80	c80	c80	c80	c80	c80	c80	c80	c80	c80	c80	c80	c80	c80	c80	c80	c80	c80	c80	c80	c80	c80	c80	c80	c80	c80	c80	c80	c80	c80	c80	c80	c80	c80	c80	c80	c80	c80	c80	c80	c80	c80	c80	c80	c80	c80	c80	c80	c80	c80	c80	c80	c80	c80	c80	c80	c80	c80	c80	c80	c80	c80	c80	c80	c80	c80	c80	c80	c80	c80	c80	c80	c80	c80	c80	c80	c80	c80	c80	c80	c80	c80	c80	c80	c80	c80	c80	c80	c80	c80	c80	c80	c80	c80	c80	c80	c80	c80	c80	c80	c80	c80	c80	c80	c80	c80	c80	c80	c80	c80	c80	c80	c80	c80	c80	c80	c80	c80	c80	c80	c80	c80	c80	c80	c80	c80	c80	c80	c80	c80	c80	c80	c80	c80	c80	c80	c80	c80	c80	c80	c80	c80	c80	c80	c80	c80	c80	c80	c80	c80	c80	c80	c80	c80	c80	c80	c80	c80	c80	c80	c80	c80	c80	c80	c80	c80	c80	c80	c80	c80	c80	c80	c80	c80	c80	c80	c80	c80	c80	c80	c80	c80	c80	c80	c80	c80	c80	c80	c80	c80	c80	c80	c80	c80	c80	c80	c80	c80	c80	c80	c80	c80	c80	c80	c80	c80	c80	c80	c80	c80	c80	c80	c80	c80	c80	c80	c80	c80	c80	c80	c80	c80	c80	c80	c80	c80	c80	c80	c80	c80	c80	c80	c80	c80	c80	c80	c80	c80	c80	c80	c80	c80	c80	c80	c80	c80	c80	c80	c80	c80	c80	c80	c80	c80	c80	c80	c80	c80	c80	c80	c80	c80	c80	c80	c80	c80	c80	c80	c80	c80	c80	c80	c80	c80	c80	c80	c80	c80	c80	c80	c80	c80	c80	c80	c80	c80	c80	c80	c80	c80	c80	c80	c80	c80	c80	c80	c80	c80	c80	c80	c80	c80	c80	c80	c80	c80	c80	c80	c80	c80	c80	c80	c80	c80	c80	c80	c80	c80	c80	c80	c80	c80	c80	c80	c80	c80	c80	c80	c80	c80	c80	c80	c80	c80	c80	c80	c80	c80	c80
c80	c80	c80	c80	c80	c80	c80	c80	c80	c80	c80	c80	c80	c80	c80	c80	c80	c80	c80	c80	c80	c80	c80	c80	c80	c80	c80	c80	c80	c80	c80	c80	c80	c80	c80	c80	c80	c80	c80	c80	c80	c80	c80	c80	c80	c80	c80	c80	c80	c80	c80	c80	c80	c80	c80	c80	c80	c80	c80	c80	c80	c80	c80	c80	c80	c80	c80	c80	c80	c80	c80	c80	c80	c80	c80	c80	c80	c80	c80	c80	c80	c80	c80	c80	c80	c80	c80	c80	c80	c80	c80	c80	c80	c80	c80	c80	c80	c80	c80	c80	c80	c80	c80	c80	c80	c80	c80	c80	c80	c80	c80	c80	c80	c80	c80	c80	c80	c80	c80	c80	c80	c80	c80	c80	c80	c80	c80	c80	c80	c80	c80	c80	c80	c80	c80	c80	c80	c80	c80	c80	c80	c80	c80	c80	c80	c80	c80	c80	c80	c80	c80	c80	c80	c80	c80	c80	c80	c80	c80	c80	c80	c80	c80	c80	c80	c80	c80	c80	c80	c80	c80	c80	c80	c80	c80	c80	c80	c80	c80	c80	c80	c80	c80	c80	c80	c80	c80	c80	c80	c80	c80	c80	c80	c80	c80	c80	c80	c80	c80	c80	c80	c80	c80	c80	c80	c80	c80	c80	c80	c80	c80	c80	c80	c80	c80	c80	c80	c80	c80	c80	c80	c80	c80	c80	c80	c80	c80	c80	c80	c80	c80	c80	c80	c80	c80	c80	c80	c80	c80	c80	c80	c80	c80	c80	c80	c80	c80	c80	c80	c80	c80	c80	c80	c80	c80	c80	c80	c80	c80	c80	c80	c80	c80	c80	c80	c80	c80	c80	c80	c80	c80	c80	c80	c80	c80	c80	c80	c80	c80	c80	c80	c80	c80	c80	c80	c80	c80	c80	c80	c80	c80	c80	c80	c80	c80	c80	c80	c80	c80	c80	c80	c80	c80	c80	c80	c80	c80	c80	c80	c80	c80	c80	c80	c80	c80	c80	c80	c80	c80	c80	c80	c80	c80	c80	c80	c80	c80	c80	c80	c80	c80	c80	c80	c80	c80	c80	c80	c80	c80	c80	c80	c80	c80	c80	c80	c80	c80	c80	c80	c80	c80	c80	c80	c80	c80	c80	c80	c80	c80	c80	c80	c80	c80	c80	c80	c80	c80	c80	c80	c80	c80	c80	c80	c80	c80	c80	c80	c80	c80	c80	c80	c80	c80	c80	c80	c80	c80	c80	c80	c80	c80	c80	c80	c80	c80	c80	c80	c80	c80	c80	c80	c80	c80	c80	c80	c80	c80	c80	c80	c80	c80	c80	c80	c80	c80	c80	c80	c80	c80	c80	c80	c80	c80	c80	c80	c80	c80	c80	c80	c80	c80	c80	c80	c80	c80	c80	c80	c80	c80	c80	c80	c80	c80	c80	c80	c80	c80	c80	c80	c80	c80	c80	c80	c80	c80	c80	c80	c80	c80	c80	c80	c80	c80	c80	c80	c80	c80	c80	c80	c80	c80	c80	c80	c80	c80	c80	c80	c80	c80	c80	c80	c80	c80	c80	c80	c80	c80	c80	c80	c80	c80	c80	c80	c80	c80	c80	c80	c80	c80	c80	c80	c80	c80	c80	c80	c80	c80	c80	c80	c80	c80	c80
c80	c80	c80	c80	c80	c80	c80	c80	c80	c80	c80	c80	c80	c80	c80	c80	c80	c80	c80	c80	c80	c80	c80	c80	c80	c80	c80	c80	c80	c80	c80	c80	c80	c80	c80	c80	c80	c80	c80	c80	c80	c80	c80	c80	c80	c80	c80	c80	c80	c80	c80	c80	c80	c80	c80	c80	c80	c80	c80	c80	c80	c80	c80	c80	c80	c80	c80	c80	c80	c80	c80	c80	c80	c80	c80	c80	c80	c80	c80	c80	c80	c80	c80	c80	c80	c80	c80	c80	c80	c80	c80	c80	c80	c80	c80	c80	c80	c80	c80	c80	c80	c80	c80	c80	c80	c80	c80	c80	c80	c80	c80	c80	c80	c80	c80	c80	c80	c80	c80	c80	c80	c80	c80	c80	c80	c80	c80	c80	c80	c80	c80	c80	c80	c80	c80	c80	c80	c80	c80	c80	c80	c80	c80	c80	c80	c80	c80	c80	c80	c80	c80	c80	c80	c80	c80	c80	c80	c80	c80	c80	c80	c80	c80	c80	c80	c80	c80	c80	c80	c80	c80	c80	c80	c80	c80	c80	c80	c80	c80	c80	c80	c80	c80	c80	c80	c80	c80	c80	c80	c80	c80	c80	c80	c80	c80	c80	c80	c80	c80	c80	c80	c80	c80	c80	c80	c80	c80	c80	c80	c80	c80	c80	c80	c80	c80	c80	c80	c80	c80	c80	c80	c80	c80	c80	c80	c80	c80	c80	c80	c80	c80	c80	c80	c80	c80	c80	c80	c80	c80	c80	c80	c80	c80	c80	c80	c80	c80	c80	c80	c80	c80	c80	c80	c80	c80	c80	c80	c80	c80	c80	c80	c80	c80	c80	c80	c80	c80	c80	c80	c80	c80	c80	c80	c80	c80	c80	c80	c80	c80	c80	c80	c80	c80	c80	c80	c80	c80	c80	c80	c80	c80	c80	c80	c80	c80	c80	c80	c80	c80	c80	c80	c80	c80	c80	c80	c80	c80	c80	c80	c80	c80	c80	c80	c80	c80	c80	c80	c80	c80	c80	c80	c80	c80	c80	c80	c80	c80	c80	c80	c80	c80	c80	c80	c80	c80	c80	c80	c80	c80	c80	c80	c80	c80	c80	c80	c80	c80	c80	c80	c80	c80	c80	c80	c80	c80	c80	c80	c80	c80	c80	c80	c80	c80	c80	c80	c80	c80	c80	c80	c80	c80	c80	c80	c80	c80	c80	c80	c80	c80	c80	c80	c80	c80	c80	c80	c80	c80	c80	c80	c80	c80	c80	c80	c80	c80	c80	c80	c80	c80	c80	c80	c80	c80	c80	c80	c80	c80	c80	c80	c80	c80	c80	c80	c80	c80	c80	c80	c80	c80	c80	c80	c80	c80	c80	c80	c80	c80	c80	c80	c80	c80	c80	c80	c80	c80	c80	c80	c80	c80	c80	c80	c80	c80	c80	c80	c80	c80	c80	c80	c80	c80	c80	c80	c80	c80	c80	c80	c80	c80	c80	c80	c80	c80	c80	c80	c80	c80	c80	c80	c80	c80	c80	c80	c80	c80	c80	c80	c80	c80	c80	c80	c80	c80	c80	c80	c80	c80	c80	c80	c80	c80	c80	c80	c80	c80	c80	c80	c80	c80	c80	c80	c80	c80	c80	c80	c80	c80	c80	c80	c80	c80	c80
c80	c80	c80	c80	c80	c80	c80	c80	c80	c80	c80	c80	c80	c80	c80	c80	c80	c80	c80	c80	c80	c80	c80	c80	c80	c80	c80	c80	c80	c80	c80	c80	c80	c80	c80	c80	c80	c80	c80	c80	c80	c80	c80	c80	c80	c80	c80	c80	c80	c80	c80	c80	c80	c80	c80	c80	c80	c80	c80	c80	c80	c80	c80	c80	c80	c80	c80	c80	c80	c80	c80	c80	c80	c80	c80	c80	c80	c80	c80	c80	c80	c80	c80	c80	c80	c80	c80	c80	c80	c80	c80	c80	c80	c80	c80	c80	c80	c80	c80	c80	c80	c80	c80	c80	c80	c80	c80	c80	c80	c80	c80	c80	c80	c80	c80	c80	c80	c80	c80	c80	c80	c80	c80	c80	c80	c80	c80	c80	c80	c80	c80	c80	c80	c80	c80	c80	c80	c80	c80	c80	c80	c80	c80	c80	c80	c80	c80	c80	c80	c80	c80	c80	c80	c80	c80	c80	c80	c80	c80	c80	c80	c80	c80	c80	c80	c80	c80	c80	c80	c80	c80	c80	c80	c80	c80	c80	c80	c80	c80	c80	c80	c80	c80	c80	c80	c80	c80	c80	c80	c80	c80	c80	c80	c80	c80	c80	c80	c80	c80	c80	c80	c80	c80	c80	c80	c80	c80	c80	c80	c80	c80	c80	c80	c80	c80	c80	c80	c80	c80	c80	c80	c80	c80	c80	c80	c80	c80	c80	c80	c80	c80	c80	c80	c80	c80	c80	c80	c80	c80	c80	c80	c80	c80	c80	c80	c80	c80	c80	c80	c80	c80	c80	c80	c80	c80	c80	c80	c80	c80	c80	c80	c80	c80	c80	c80	c80	c80	c80	c80	c80	c80	c80	c80	c80	c80	c80	c80	c80	c80	c80	c80	c80	c80	c80	c80	c80	c80	c80	c80	c80	c80	c80	c80	c80	c80	c80	c80	c80	c80	c80	c80	c80	c80	c80	c80	c80	c80	c80	c80	c80	c80	c80	c80	c80	c80	c80	c80	c80	c80	c80	c80	c80	c80	c80	c80	c80	c80	c80	c80	c80	c80	c80	c80	c80	c80	c80	c80	c80	c80	c80	c80	c80	c80	c80	c80	c80	c80	c80	c80	c80	c80	c80	c80	c80	c80	c80	c80	c80	c80	c80	c80	c80	c80	c80	c80	c80	c80	c80	c80	c80	c80	c80	c80	c80	c80	c80	c80	c80	c80	c80	c80	c80	c80	c80	c80	c80	c80	c80	c80	c80	c80	c80	c80	c80	c80	c80	c80	c80	c80	c80	c80	c80	c80	c80	c80	c80	c80	c80	c80	c80	c80	c80	c80	c80	c80	c80	c80	c80	c80	c80	c80	c80	c80	c80	c80	c80	c80	c80	c80	c80	c80	c80	c80	c80	c80	c80	c80	c80	c80	c80	c80	c80	c80	c80	c80	c80	c80	c80	c80	c80	c80	c80	c80	c80	c80	c80	c80	c80	c80	c80	c80	c80	c80	c80	c80	c80	c80	c80	c80	c80	c80	c80	c80	c80	c80	c80	c80	c80	c80	c80	c80	c80	c80	c80	c80	c80	c80	c80	c80	c80	c80	c80	c80	c80	c80	c80	c80	c80	c80	c80	c80	c80	c80	c80	c80	c80	c80	c80	c80	c80	c80	c80
