commit,first_parent_position,author_time,committer_time,full_c_bytes,executable_bytes,remaining_bytes,percent,main_full_c_bytes,overlay_full_c_bytes,canonical_suffix,derivation_status,correction
3d2f1cc283f82a16532175e52820da58ef1cda88,1,2026-07-16T14:49:11+01:00,2026-07-16T14:49:11+01:00,0,1347252,1347252,0,0,0,"[ ☀️ 0 / 1,347 ]",measured,
45f107ca4b7e2578004fb6be455ae0ea0342b538,2,2026-07-16T14:49:11+01:00,2026-07-16T14:49:11+01:00,0,1347252,1347252,0,0,0,"[ ☀️ 0 / 1,347 ]",measured,
9d172fceb6cb4da21f5d23af3a9e5727341a03fe,3,2026-07-16T14:49:28+01:00,2026-07-16T14:49:28+01:00,70,1347252,1347182,0.01,70,0,"[ ☀️ 0 / 1,347 ]",measured,
f7aa67fab3c2a89b2e094f8aef31419244e87843,4,2026-07-16T14:49:28+01:00,2026-07-16T14:49:28+01:00,150,1347252,1347102,0.01,150,0,"[ ☀️ 0 / 1,347 ]",measured,
c8c64c2692f0151ec02f9e2181cd6f59a8c95840,5,2026-07-16T14:49:28+01:00,2026-07-16T14:49:28+01:00,358,1347252,1346894,0.03,358,0,"[ ☀️ 0 / 1,347 ]",measured,
5e961c3843bdb64a37ff17cc6d2b05d793e7ad4e,6,2026-07-16T14:57:09+01:00,2026-07-16T14:57:09+01:00,1072,1347252,1346180,0.08,1072,0,"[ ☀️ 1 / 1,347 ]",measured,
ff840ab0c776d13b67ef5728a2d6e41d1d961172,7,2026-07-16T15:02:41+01:00,2026-07-16T15:02:41+01:00,1486,1347252,1345766,0.11,1486,0,"[ ☀️ 1 / 1,347 ]",measured,
9410cea677ce94aa02eda44ad58195c3361b4129,8,2026-07-16T15:05:45+01:00,2026-07-16T15:05:45+01:00,5208,1347252,1342044,0.39,5208,0,"[ ☀️ 5 / 1,347 ]",measured,
6940dae4cdb5c607b2b97eb012fc9042bd25bb51,9,2026-07-16T15:07:51+01:00,2026-07-16T15:07:51+01:00,6936,1347252,1340316,0.51,6936,0,"[ ☀️ 6 / 1,347 ]",measured,
5f128def4b1bfffe2bfbcbe102e02fcfa87c7699,10,2026-07-16T16:40:32+01:00,2026-07-16T16:40:32+01:00,10918,1347252,1336334,0.81,10918,0,"[ ☀️ 10 / 1,347 ]",measured,
131b97dfb3f0aac2da53e362b7b5255459ae45ae,11,2026-07-16T16:48:37+01:00,2026-07-16T16:48:37+01:00,11254,1347252,1335998,0.84,11254,0,"[ ☀️ 11 / 1,347 ]",measured,
11bddc4957603f9026b4e14ec77f3955c44f377d,12,2026-07-16T16:51:49+01:00,2026-07-16T16:51:49+01:00,11640,1347252,1335612,0.86,11640,0,"[ ☀️ 11 / 1,347 ]",measured,
4807b87001e5db42b2766e9adda4000e6138e4c8,13,2026-07-16T16:57:42+01:00,2026-07-16T16:57:42+01:00,11640,1347252,1335612,0.86,11640,0,"[ ☀️ 11 / 1,347 ]",measured,
571d761b06cb58cf612dacc53b4b2b0c90e23540,14,2026-07-16T17:01:16+01:00,2026-07-16T17:01:16+01:00,11640,1347252,1335612,0.86,11640,0,"[ ☀️ 11 / 1,347 ]",measured,
7606e49264009eae1f790318bb56df3ad72aeb5a,15,2026-07-16T17:03:35+01:00,2026-07-16T17:03:35+01:00,11640,1347252,1335612,0.86,11640,0,"[ ☀️ 11 / 1,347 ]",measured,
575a757d4fbf2e1822ab4fdb348f7ac881deb331,16,2026-07-16T17:06:13+01:00,2026-07-16T17:06:13+01:00,11674,1347252,1335578,0.87,11674,0,"[ ☀️ 11 / 1,347 ]",measured,
8b8d66a38fdd846d76d485cafe3f9ee071fe75a7,17,2026-07-16T17:08:35+01:00,2026-07-16T17:08:35+01:00,11894,1347252,1335358,0.88,11894,0,"[ ☀️ 11 / 1,347 ]",measured,
118e5f2f9b1edbffd3b00a72cb502b1a1e88def1,18,2026-07-16T17:16:00+01:00,2026-07-16T17:16:00+01:00,12166,1347252,1335086,0.9,12166,0,"[ ☀️ 12 / 1,347 ]",measured,
37958b1ee0de5d1f58eda698e898efd07073f75a,19,2026-07-16T17:26:21+01:00,2026-07-16T17:26:21+01:00,12166,1347252,1335086,0.9,12166,0,"[ ☀️ 12 / 1,347 ]",measured,
437c9627e0700a2650cd4312e6ad35da05066837,20,2026-07-16T17:34:31+01:00,2026-07-16T17:34:31+01:00,12238,1347252,1335014,0.91,12238,0,"[ ☀️ 12 / 1,347 ]",measured,
247813e39477c569e52536714fb92c2cb1411f11,21,2026-07-16T17:39:45+01:00,2026-07-16T17:39:45+01:00,12238,1347252,1335014,0.91,12238,0,"[ ☀️ 12 / 1,347 ]",measured,
16cea363013bdccb257d77f9ed12adc75d8bc98a,22,2026-07-16T17:43:26+01:00,2026-07-16T17:43:26+01:00,12238,1347252,1335014,0.91,12238,0,"[ ☀️ 12 / 1,347 ]",measured,
0015a98f372531e33a4c810c35347dfa2596713d,23,2026-07-16T17:57:53+01:00,2026-07-16T17:57:53+01:00,12238,1347252,1335014,0.91,12238,0,"[ ☀️ 12 / 1,347 ]",measured,
76ddd0c4c45ccf63fdbf760c6bcbb8ffc5d84660,24,2026-07-16T18:03:34+01:00,2026-07-16T18:03:34+01:00,12338,1347252,1334914,0.92,12338,0,"[ ☀️ 12 / 1,347 ]",measured,
99a0f973a5e14350f2269c751fa6dd4f7b19dedc,25,2026-07-16T18:06:37+01:00,2026-07-16T18:06:37+01:00,12446,1347252,1334806,0.92,12446,0,"[ ☀️ 12 / 1,347 ]",measured,
633508575b3553a9d67668c2cd5d28baad96f8dc,26,2026-07-16T18:21:33+01:00,2026-07-16T18:21:33+01:00,12636,1347252,1334616,0.94,12636,0,"[ ☀️ 12 / 1,347 ]",measured,
a5402f307f5c21d30874189df759742d8f43e328,27,2026-07-16T18:26:52+01:00,2026-07-16T18:26:52+01:00,12636,1347252,1334616,0.94,12636,0,"[ ☀️ 12 / 1,347 ]",measured,
04e86aee85efc178b4891fcc9fdeec079d0968cd,28,2026-07-16T18:32:03+01:00,2026-07-16T18:32:03+01:00,12780,1347252,1334472,0.95,12780,0,"[ ☀️ 12 / 1,347 ]",measured,
24f18e612ca373f1667c99b834d7b8cedf41f822,29,2026-07-16T18:38:13+01:00,2026-07-16T18:38:13+01:00,12780,1347252,1334472,0.95,12780,0,"[ ☀️ 12 / 1,347 ]",measured,
62f8ac17cd619287359bd8568187dc2ad78504e4,30,2026-07-16T18:44:30+01:00,2026-07-16T18:44:30+01:00,12780,1347252,1334472,0.95,12780,0,"[ ☀️ 12 / 1,347 ]",measured,
634c0a1a671d0ffe4933731a722752b3d890e102,31,2026-07-16T18:47:38+01:00,2026-07-16T18:47:38+01:00,12780,1347252,1334472,0.95,12780,0,"[ ☀️ 12 / 1,347 ]",measured,
ab59a97d86240c926a25a5c3653a564014f712d0,32,2026-07-16T18:54:29+01:00,2026-07-16T18:54:29+01:00,12852,1347252,1334400,0.95,12852,0,"[ ☀️ 12 / 1,347 ]",measured,
8db7a730ac98e4fdb23d646e84091707380699ee,33,2026-07-16T18:58:56+01:00,2026-07-16T18:58:56+01:00,12852,1347252,1334400,0.95,12852,0,"[ ☀️ 12 / 1,347 ]",measured,
813860c8838e6e958e4616508198970d949aedf6,34,2026-07-16T19:05:19+01:00,2026-07-16T19:05:19+01:00,12962,1347252,1334290,0.96,12962,0,"[ ☀️ 12 / 1,347 ]",measured,
a049206cb81acdc0f8150b9e4f76a4621c7818d1,35,2026-07-16T19:07:19+01:00,2026-07-16T19:07:19+01:00,12962,1347252,1334290,0.96,12962,0,"[ ☀️ 12 / 1,347 ]",measured,
45027f65ee6ae75c45625712d9194d4392093f05,36,2026-07-16T19:10:02+01:00,2026-07-16T19:10:02+01:00,12962,1347252,1334290,0.96,12962,0,"[ ☀️ 12 / 1,347 ]",measured,
8f5c084ba05af605e49941840e2f0dd9ab672587,37,2026-07-16T19:24:04+01:00,2026-07-16T19:24:04+01:00,13076,1347252,1334176,0.97,13076,0,"[ ☀️ 13 / 1,347 ]",measured,
50ac34821e428346bcc2fd406671acb93e56ac1d,38,2026-07-16T19:33:45+01:00,2026-07-16T19:33:45+01:00,13076,1347252,1334176,0.97,13076,0,"[ ☀️ 13 / 1,347 ]",measured,
da1ee0a7c8960c637d266c647f0ba6388ffcd318,39,2026-07-16T19:48:40+01:00,2026-07-16T19:48:40+01:00,13152,1347252,1334100,0.98,13152,0,"[ ☀️ 13 / 1,347 ]",measured,
c603759d31bb53e2b1a3f0a31860b873283f36bd,40,2026-07-16T19:48:50+01:00,2026-07-16T19:48:50+01:00,13152,1347252,1334100,0.98,13152,0,"[ ☀️ 13 / 1,347 ]",measured,
53307352394d3d80e5919b4df79d038804d84358,41,2026-07-16T20:02:04+01:00,2026-07-16T20:02:04+01:00,13152,1347252,1334100,0.98,13152,0,"[ ☀️ 13 / 1,347 ]",measured,
7ba0cc9cb07060508aa425677402d9ae4000d1c4,42,2026-07-16T20:08:03+01:00,2026-07-16T20:08:03+01:00,13152,1347252,1334100,0.98,13152,0,"[ ☀️ 13 / 1,347 ]",measured,
da096f114b58a41d47591d498cbf186aa0583efa,43,2026-07-16T20:14:23+01:00,2026-07-16T20:14:23+01:00,13152,1347252,1334100,0.98,13152,0,"[ ☀️ 13 / 1,347 ]",measured,
17fc68be577d4ffd44c59ad806db1a726955433f,44,2026-07-16T23:02:08+01:00,2026-07-16T23:02:08+01:00,13240,1347252,1334012,0.98,13240,0,"[ ☀️ 13 / 1,347 ]",measured,
51b6d9211a6f9173f60b093af609f8e2b82be9c0,45,2026-07-16T23:04:09+01:00,2026-07-16T23:04:09+01:00,13240,1347252,1334012,0.98,13240,0,"[ ☀️ 13 / 1,347 ]",measured,
3a3364ed89b4a5d692444c4e01b5a71ffa835239,46,2026-07-16T23:13:03+01:00,2026-07-16T23:13:03+01:00,13240,1347252,1334012,0.98,13240,0,"[ ☀️ 13 / 1,347 ]",measured,
d937b1456085db6b46661f2c0157a644cfa05fe8,47,2026-07-16T23:18:20+01:00,2026-07-16T23:18:20+01:00,13240,1347252,1334012,0.98,13240,0,"[ ☀️ 13 / 1,347 ]",measured,
4386765ab68fad94f6ec40ab103d589aa5414115,48,2026-07-16T23:20:33+01:00,2026-07-16T23:20:33+01:00,13240,1347252,1334012,0.98,13240,0,"[ ☀️ 13 / 1,347 ]",measured,
e05c7d5799d1eac2285c094e4e41ed76f4888158,49,2026-07-16T23:23:06+01:00,2026-07-16T23:23:06+01:00,13240,1347252,1334012,0.98,13240,0,"[ ☀️ 13 / 1,347 ]",measured,
59131ab2e4b326b456b745b39026006cb45f6a42,50,2026-07-16T23:28:31+01:00,2026-07-16T23:28:31+01:00,13240,1347252,1334012,0.98,13240,0,"[ ☀️ 13 / 1,347 ]",measured,
b2bf7fd42203e41bc4ebe1d8b2f454288790e7f9,51,2026-07-16T23:34:51+01:00,2026-07-16T23:34:51+01:00,13240,1347252,1334012,0.98,13240,0,"[ ☀️ 13 / 1,347 ]",measured,
c790d85722b37585019d0692e366cf024b477428,52,2026-07-16T23:36:07+01:00,2026-07-16T23:36:07+01:00,13240,1347252,1334012,0.98,13240,0,"[ ☀️ 13 / 1,347 ]",measured,
a9a2c148ec54f447fd15c04eedf9ba84d735a4ff,53,2026-07-16T23:41:09+01:00,2026-07-16T23:41:09+01:00,13240,1347252,1334012,0.98,13240,0,"[ ☀️ 13 / 1,347 ]",measured,
e1fc32785b02076ef6199099c39f809efd118da6,54,2026-07-16T23:43:38+01:00,2026-07-16T23:43:38+01:00,13240,1347252,1334012,0.98,13240,0,"[ ☀️ 13 / 1,347 ]",measured,
53936ebf2fb0714da8d60b85b77bb5d71e0bba6f,55,2026-07-16T23:52:23+01:00,2026-07-16T23:52:23+01:00,13240,1347252,1334012,0.98,13240,0,"[ ☀️ 13 / 1,347 ]",measured,
d7dbf8fdb3de06011cdbec3b98d811794e410afc,56,2026-07-16T23:56:00+01:00,2026-07-16T23:56:00+01:00,13240,1347252,1334012,0.98,13240,0,"[ ☀️ 13 / 1,347 ]",measured,
4f7d0016fdad592af38b959f1743fa9aa9875b32,57,2026-07-17T00:01:07+01:00,2026-07-17T00:01:07+01:00,13240,1347252,1334012,0.98,13240,0,"[ ☀️ 13 / 1,347 ]",measured,
5d1160cc75c67669d8e88ee9445ef976eb92cb3b,58,2026-07-17T00:02:23+01:00,2026-07-17T00:02:23+01:00,13240,1347252,1334012,0.98,13240,0,"[ ☀️ 13 / 1,347 ]",measured,
972ecb788b42596e15cc1d4333df3d049fc7e44d,59,2026-07-17T00:10:05+01:00,2026-07-17T00:10:05+01:00,13240,1347252,1334012,0.98,13240,0,"[ ☀️ 13 / 1,347 ]",measured,
1675c69d834488a44119bb5175570d8e6a0d7377,60,2026-07-17T00:28:26+01:00,2026-07-17T00:28:26+01:00,13240,1347252,1334012,0.98,13240,0,"[ ☀️ 13 / 1,347 ]",measured,
29e690deaedbf27b6741f64a8b03dca8efd77d25,61,2026-07-17T00:43:24+01:00,2026-07-17T00:43:24+01:00,13240,1347252,1334012,0.98,13240,0,"[ ☀️ 13 / 1,347 ]",measured,
1fe563e2aee9aff80f268fe82e3849199354c3b6,62,2026-07-17T00:49:11+01:00,2026-07-17T00:49:11+01:00,13240,1347252,1334012,0.98,13240,0,"[ ☀️ 13 / 1,347 ]",measured,
a75bd22f786987a12e209c9112fdb0d0d5b99dec,63,2026-07-17T01:10:44+01:00,2026-07-17T01:10:44+01:00,13240,1347252,1334012,0.98,13240,0,"[ ☀️ 13 / 1,347 ]",measured,
cac12cee664b27835fbf5cef7685dc417e89c4d5,64,2026-07-17T01:17:00+01:00,2026-07-17T01:17:00+01:00,13240,1347252,1334012,0.98,13240,0,"[ ☀️ 13 / 1,347 ]",measured,
c110ac7683bd10e3d1165aa4b5fc102f5144ec60,65,2026-07-17T01:20:10+01:00,2026-07-17T01:20:10+01:00,13240,1347252,1334012,0.98,13240,0,"[ ☀️ 13 / 1,347 ]",measured,
110ffc84f3d4e9731d722d867ae046a34d8f3d3f,66,2026-07-17T01:27:40+01:00,2026-07-17T01:27:40+01:00,13240,1347252,1334012,0.98,13240,0,"[ ☀️ 13 / 1,347 ]",measured,
407c045d0bdcca1e1494b285a6a979a2a33773a6,67,2026-07-17T01:38:21+01:00,2026-07-17T01:38:21+01:00,13240,1347252,1334012,0.98,13240,0,"[ ☀️ 13 / 1,347 ]",measured,
19fc195ffadd91c3059d244fd570ce9541180c4c,68,2026-07-17T01:42:09+01:00,2026-07-17T01:42:09+01:00,13310,1347252,1333942,0.99,13310,0,"[ ☀️ 13 / 1,347 ]",measured,
58db046a941a8f0acdc2ba3be2a157159c308fa5,69,2026-07-17T07:59:54+01:00,2026-07-17T07:59:54+01:00,13310,1347252,1333942,0.99,13310,0,"[ ☀️ 13 / 1,347 ]",measured,
1ab127b7b04790937040d2eb486725e2a80dd4c5,70,2026-07-17T07:59:59+01:00,2026-07-17T07:59:59+01:00,13310,1347252,1333942,0.99,13310,0,"[ ☀️ 13 / 1,347 ]",measured,
b128035e1a82de62945f3edb2823f4e54a19007f,71,2026-07-17T08:07:48+01:00,2026-07-17T08:07:48+01:00,13310,1347252,1333942,0.99,13310,0,"[ ☀️ 13 / 1,347 ]",measured,
7ec6fd2975c471eb107b58a34b44551ced73401f,72,2026-07-17T08:17:45+01:00,2026-07-17T08:17:45+01:00,13310,1347252,1333942,0.99,13310,0,"[ ☀️ 13 / 1,347 ]",measured,
940f1f510596ead5246df78d3c1fd8f95815493a,73,2026-07-17T08:24:30+01:00,2026-07-17T08:24:30+01:00,13310,1347252,1333942,0.99,13310,0,"[ ☀️ 13 / 1,347 ]",measured,
679a41b4de816ae3b57a7e3f94e0561e22cabd16,74,2026-07-17T08:58:30+01:00,2026-07-17T08:58:30+01:00,13310,1347252,1333942,0.99,13310,0,"[ ☀️ 13 / 1,347 ]",measured,
2605411fa18c33c24b1078b3ff7704fe7c75172b,75,2026-07-17T09:15:35+01:00,2026-07-17T09:15:35+01:00,13410,1347252,1333842,1,13410,0,"[ ☀️ 13 / 1,347 ]",measured,
04c2aa7ce53f154cb8898c6b12036f87a34920b2,76,2026-07-17T09:23:00+01:00,2026-07-17T09:23:00+01:00,13518,1347252,1333734,1,13518,0,"[ ☀️ 13 / 1,347 ]",measured,
edd9ffee33e8b7b676d0a9dcb58758e9ce4f431f,77,2026-07-17T09:28:31+01:00,2026-07-17T09:28:31+01:00,13684,1347252,1333568,1.02,13684,0,"[ ☀️ 13 / 1,347 ]",measured,
d35f8c8c133856b8ad1ac159116c23ff01b5eb0a,78,2026-07-17T13:24:33+01:00,2026-07-17T13:24:33+01:00,13684,1347252,1333568,1.02,13684,0,"[ ☀️ 13 / 1,347 ]",measured,
0af75a443dba35a5f0fdef8faad19b60fd582ef7,79,2026-07-17T13:38:51+01:00,2026-07-17T13:38:51+01:00,13684,1347252,1333568,1.02,13684,0,"[ ☀️ 13 / 1,347 ]",measured,
b1d70779501930856409afec4cf77fbb6fcd0bb3,80,2026-07-17T13:40:33+01:00,2026-07-17T13:40:33+01:00,13684,1347252,1333568,1.02,13684,0,"[ ☀️ 13 / 1,347 ]",measured,
fc1a1c1add8185e0b8807efcbb88d2f5334dee42,81,2026-07-17T14:06:31+01:00,2026-07-17T14:06:31+01:00,13684,1347252,1333568,1.02,13684,0,"[ ☀️ 13 / 1,347 ]",measured,
ac778819046af51ad72ec2f56dda2b9af2b60c4c,82,2026-07-17T14:15:24+01:00,2026-07-17T14:15:24+01:00,13684,1347252,1333568,1.02,13684,0,"[ ☀️ 13 / 1,347 ]",measured,
b0a08d2ab756906665e29d0d8ff05d3bcd8c3878,83,2026-07-17T14:24:55+01:00,2026-07-17T14:24:55+01:00,13684,1347252,1333568,1.02,13684,0,"[ ☀️ 13 / 1,347 ]",measured,
2624d86bbb5782b45781093da6ae7a7a5976a317,84,2026-07-17T14:33:03+01:00,2026-07-17T14:33:03+01:00,13684,1347252,1333568,1.02,13684,0,"[ ☀️ 13 / 1,347 ]",measured,
0ddd92cfd3dfd07e2ef578d2428ec92c0448a5cb,85,2026-07-17T14:49:41+01:00,2026-07-17T14:49:41+01:00,13684,1347252,1333568,1.02,13684,0,"[ ☀️ 13 / 1,347 ]",measured,
82baf4cb2e225de259ab16cedd471c92bb88b7bd,86,2026-07-17T15:09:28+01:00,2026-07-17T15:09:28+01:00,13684,1347252,1333568,1.02,13684,0,"[ ☀️ 13 / 1,347 ]",measured,
c079717dbb52e23714efba1a23de9539fafbb9ab,87,2026-07-17T15:14:54+01:00,2026-07-17T15:14:54+01:00,13684,1347252,1333568,1.02,13684,0,"[ ☀️ 13 / 1,347 ]",measured,
f66ff9259ea926bb8904abe90b5f02cf423ccf2d,88,2026-07-17T15:41:17+01:00,2026-07-17T15:41:17+01:00,13684,1347252,1333568,1.02,13684,0,"[ ☀️ 13 / 1,347 ]",measured,
bd43d97b89e97a0f01cbad33cca658f40e0f3d5b,89,2026-07-17T16:03:40+01:00,2026-07-17T16:03:40+01:00,13684,1347252,1333568,1.02,13684,0,"[ ☀️ 13 / 1,347 ]",measured,
577725db647a5a0d0fc2740619d3212f56c82c63,90,2026-07-17T16:16:22+01:00,2026-07-17T16:16:22+01:00,13684,1347252,1333568,1.02,13684,0,"[ ☀️ 13 / 1,347 ]",measured,
ff6c5f4d18dede9ca729c5e045e8c260460b9017,91,2026-07-17T17:05:29+01:00,2026-07-17T17:05:29+01:00,13684,1347252,1333568,1.02,13684,0,"[ ☀️ 13 / 1,347 ]",measured,
db31540512902bc14470022c032ba4d76bedeaa4,92,2026-07-17T17:06:25+01:00,2026-07-17T17:06:25+01:00,13684,1347252,1333568,1.02,13684,0,"[ ☀️ 13 / 1,347 ]",measured,
a77809521cc15cbcf6808ca4c89ee6ddea045e99,93,2026-07-17T17:34:01+01:00,2026-07-17T17:34:01+01:00,13684,1347252,1333568,1.02,13684,0,"[ ☀️ 13 / 1,347 ]",measured,
d8de0506227d7332ddf56b49fe889530243a4be0,94,2026-07-17T17:48:59+01:00,2026-07-17T17:48:59+01:00,13684,1347252,1333568,1.02,13684,0,"[ ☀️ 13 / 1,347 ]",measured,
954c8a4986d1aad8b06a2bc4c3fbbe6e80eb24b9,95,2026-07-17T17:50:20+01:00,2026-07-17T17:50:20+01:00,13684,1347252,1333568,1.02,13684,0,"[ ☀️ 13 / 1,347 ]",measured,
f29063f757549f3cec33f8f631d7d41bf284e2a2,96,2026-07-17T18:24:24+01:00,2026-07-17T18:24:24+01:00,13684,1347252,1333568,1.02,13684,0,"[ ☀️ 13 / 1,347 ]",measured,
c38159073ec8c9043a0f5057ce08a5687a1223e4,97,2026-07-17T18:56:43+01:00,2026-07-17T18:56:43+01:00,13684,1347252,1333568,1.02,13684,0,"[ ☀️ 13 / 1,347 ]",measured,
d3281fdac5e01b53343c101425554ca50130bc97,98,2026-07-17T19:37:34+01:00,2026-07-17T19:37:34+01:00,13684,1347252,1333568,1.02,13684,0,"[ ☀️ 13 / 1,347 ]",measured,
cd4e9dd929a3f4cd8a375fe65eb5a3b4e66b6bf6,99,2026-07-17T19:53:03+01:00,2026-07-17T19:53:03+01:00,13684,1347252,1333568,1.02,13684,0,"[ ☀️ 13 / 1,347 ]",measured,
da1f107f4ba08f26691fc5b23605d406ea3496a2,100,2026-07-17T20:10:18+01:00,2026-07-17T20:10:18+01:00,13684,1347252,1333568,1.02,13684,0,"[ ☀️ 13 / 1,347 ]",measured,
d1316ce0bbe08c11047d3638b7e23b399b90401d,101,2026-07-17T20:31:34+01:00,2026-07-17T20:31:34+01:00,13684,1347252,1333568,1.02,13684,0,"[ ☀️ 13 / 1,347 ]",measured,
1d28265d14c569f24b3b2c240bec34862643eb2c,102,2026-07-17T21:09:46+01:00,2026-07-17T21:09:46+01:00,13684,1347252,1333568,1.02,13684,0,"[ ☀️ 13 / 1,347 ]",measured,
e988484b5d77a3501b185a7d7c5faa797da1486c,103,2026-07-17T21:44:50+01:00,2026-07-17T21:44:50+01:00,13744,1347252,1333508,1.02,13744,0,"[ ☀️ 13 / 1,347 ]",measured,
496d446a9fe2acb00cffe78f1790fa081da3a473,104,2026-07-17T21:51:00+01:00,2026-07-17T21:51:00+01:00,14032,1347252,1333220,1.04,14032,0,"[ ☀️ 14 / 1,347 ]",measured,
ce1da22c8868c5349cd1732bfb880cecb1493587,105,2026-07-17T22:00:36+01:00,2026-07-17T22:00:36+01:00,14072,1347252,1333180,1.04,14072,0,"[ ☀️ 14 / 1,347 ]",measured,
9ef88b5ec9941e307c127e5f023b020ed2773228,106,2026-07-17T22:21:12+01:00,2026-07-17T22:21:12+01:00,14106,1347252,1333146,1.05,14106,0,"[ ☀️ 14 / 1,347 ]",measured,
fcef3d2f533ad8078cb6393eab0715bb8eef347f,107,2026-07-17T22:38:51+01:00,2026-07-17T22:38:51+01:00,14106,1347252,1333146,1.05,14106,0,"[ ☀️ 14 / 1,347 ]",measured,
a6c67ca2276913d13e7bf7dbbb74a2ad745427a9,108,2026-07-17T23:09:58+01:00,2026-07-17T23:09:58+01:00,14106,1347252,1333146,1.05,14106,0,"[ ☀️ 14 / 1,347 ]",measured,
964959474c882d7517f3829d69eb7f192fe830fb,109,2026-07-17T23:12:57+01:00,2026-07-17T23:12:57+01:00,14106,1347252,1333146,1.05,14106,0,"[ ☀️ 14 / 1,347 ]",measured,
d5fe64597a126e91cb4ec90ddf8d92c839b5ae8f,110,2026-07-17T23:22:02+01:00,2026-07-17T23:22:02+01:00,14242,1347252,1333010,1.06,14242,0,"[ ☀️ 14 / 1,347 ]",measured,
248131c2d0ab4c19f2d39535c76e2b8a2c86dbc3,111,2026-07-17T23:51:32+01:00,2026-07-17T23:51:32+01:00,14558,1347252,1332694,1.08,14558,0,"[ ☀️ 14 / 1,347 ]",measured,
60c3960ee46c0293ccfa5a5e30efb651c89f4b78,112,2026-07-17T23:54:24+01:00,2026-07-17T23:54:24+01:00,14666,1347252,1332586,1.09,14666,0,"[ ☀️ 14 / 1,347 ]",measured,
f19de6ab6d019da3d622a64cd9fe403160a4764a,113,2026-07-18T00:07:17+01:00,2026-07-18T00:07:17+01:00,14666,1347252,1332586,1.09,14666,0,"[ ☀️ 14 / 1,347 ]",measured,
c88d2f3bc676cce582de986fe03ca66a0d8c4d61,114,2026-07-18T00:26:05+01:00,2026-07-18T00:26:05+01:00,14836,1347252,1332416,1.1,14836,0,"[ ☀️ 14 / 1,347 ]",measured,
73a9f92f81b656eafaec6689593b5c86d9cba467,115,2026-07-18T01:40:11+01:00,2026-07-18T01:40:11+01:00,15368,1347252,1331884,1.14,15368,0,"[ ☀️ 15 / 1,347 ]",measured,
f523961a70d59e198735f2c963f7c07edd0d5582,116,2026-07-18T01:45:35+01:00,2026-07-18T01:45:35+01:00,15490,1347252,1331762,1.15,15490,0,"[ ☀️ 15 / 1,347 ]",measured,
693b66b8d9f5e9961a19d32986df145942ea4ee9,117,2026-07-18T02:52:27+01:00,2026-07-18T02:52:27+01:00,15826,1347252,1331426,1.17,15826,0,"[ ☀️ 15 / 1,347 ]",measured,
45e608ee2ddf08dd363ada270744c01217925382,118,2026-07-18T08:54:36+01:00,2026-07-18T08:54:36+01:00,16266,1347252,1330986,1.21,16266,0,"[ ☀️ 16 / 1,347 ]",measured,
68b70d0bba65378e2a6647668b9a6fac5d19e4e3,119,2026-07-18T09:07:34+01:00,2026-07-18T09:07:34+01:00,16406,1347252,1330846,1.22,16406,0,"[ ☀️ 16 / 1,347 ]",measured,
d68e01dd075cf67d0055c0423c3b925226580cac,120,2026-07-18T09:23:26+01:00,2026-07-18T09:23:26+01:00,16406,1347252,1330846,1.22,16406,0,"[ ☀️ 16 / 1,347 ]",measured,
adbc869731be5dedb9e9b552b03e589da91d9167,121,2026-07-18T09:27:23+01:00,2026-07-18T09:27:23+01:00,16470,1347252,1330782,1.22,16470,0,"[ ☀️ 16 / 1,347 ]",measured,
dab89a68eff1a7ed48fab2246da2fb2525056a9e,122,2026-07-18T10:01:05+01:00,2026-07-18T10:01:05+01:00,16470,1347252,1330782,1.22,16470,0,"[ ☀️ 16 / 1,347 ]",measured,
8286608c9a748e05a8bd4527f23fb145acfbcff0,123,2026-07-18T10:04:39+01:00,2026-07-18T10:04:39+01:00,17710,1347252,1329542,1.31,17710,0,"[ ☀️ 17 / 1,347 ]",measured,
9d9e0c9c4897e59702ebb0cb6ae08c8f90dfe11a,124,2026-07-18T10:10:46+01:00,2026-07-18T10:10:46+01:00,17710,1347252,1329542,1.31,17710,0,"[ ☀️ 17 / 1,347 ]",measured,
1b65864100500cb97551db3badfbc9682c577b9b,125,2026-07-18T10:16:30+01:00,2026-07-18T10:16:30+01:00,17710,1347252,1329542,1.31,17710,0,"[ ☀️ 17 / 1,347 ]",measured,
31916c6d77ea26f7c88d9508ddb00de7156a50f6,126,2026-07-18T14:40:16+01:00,2026-07-18T14:40:16+01:00,17710,1347252,1329542,1.31,17710,0,"[ ☀️ 17 / 1,347 ]",measured,
0e7e97e55f4d6d9f1484eead326ebb56ad4c659c,127,2026-07-18T14:53:15+01:00,2026-07-18T14:53:15+01:00,17710,1347252,1329542,1.31,17710,0,"[ ☀️ 17 / 1,347 ]",measured,
9454dcebd6f3d4606c6152ae7b82a621edd60649,128,2026-07-18T15:00:41+01:00,2026-07-18T15:00:41+01:00,17710,1347252,1329542,1.31,17710,0,"[ ☀️ 17 / 1,347 ]",measured,
3ceeab70a858e6f1dcf0a2feea90b5e0180bc534,129,2026-07-18T16:13:11+01:00,2026-07-18T16:13:11+01:00,17710,1347252,1329542,1.31,17710,0,"[ ☀️ 17 / 1,347 ]",measured,
0d9ecbd4390e3fd0118a212032228add5dc6b586,130,2026-07-18T16:50:51+01:00,2026-07-18T16:50:51+01:00,18828,1347252,1328424,1.4,18828,0,"[ ☀️ 18 / 1,347 ]",measured,
68e17420a70d55cc8d5493a4c41c8d76b50ba247,131,2026-07-18T17:21:29+01:00,2026-07-18T17:21:29+01:00,18828,1347252,1328424,1.4,18828,0,"[ ☀️ 18 / 1,347 ]",measured,
9eee418867da880442bd01ea936ffc0d99c3de13,132,2026-07-18T17:27:37+01:00,2026-07-18T17:27:37+01:00,20418,1347252,1326834,1.52,20418,0,"[ ☀️ 20 / 1,347 ]",measured,
d195a63ec152c147eae40403f45fd2ae56db7f17,133,2026-07-18T17:35:32+01:00,2026-07-18T17:35:32+01:00,20418,1347252,1326834,1.52,20418,0,"[ ☀️ 20 / 1,347 ]",measured,
54b8ad724794853430512b543d130dc1d37c8ffe,134,2026-07-18T17:37:34+01:00,2026-07-18T17:37:34+01:00,22064,1347252,1325188,1.64,22064,0,"[ ☀️ 22 / 1,347 ]",measured,
3f3956989844427bad2f2503e9ad2103d8fa1799,135,2026-07-18T17:41:15+01:00,2026-07-18T17:41:15+01:00,22370,1347252,1324882,1.66,22370,0,"[ ☀️ 22 / 1,347 ]",measured,
aeaaa3dd696f1a1bea9c22fcae7da8424c90ccd2,136,2026-07-18T17:44:04+01:00,2026-07-18T17:44:04+01:00,22888,1347252,1324364,1.7,22888,0,"[ ☀️ 22 / 1,347 ]",measured,
0b5f1d9be25bb6c684e07d48aceaf28e55540732,137,2026-07-18T17:47:56+01:00,2026-07-18T17:47:56+01:00,22964,1347252,1324288,1.7,22964,0,"[ ☀️ 22 / 1,347 ]",measured,
ee0f607f3bfdeb12488e63b15a0f2a64f6e699a3,138,2026-07-18T17:50:33+01:00,2026-07-18T17:50:33+01:00,22964,1347252,1324288,1.7,22964,0,"[ ☀️ 22 / 1,347 ]",measured,
78e47fdcbed1b9b6ae89874e5e36fb4915027981,139,2026-07-18T17:57:23+01:00,2026-07-18T17:57:23+01:00,23068,1347252,1324184,1.71,23068,0,"[ ☀️ 23 / 1,347 ]",measured,
ad70c8be093e0fb74d673fe0d30d8d70c0d9e61b,140,2026-07-18T18:03:59+01:00,2026-07-18T18:03:59+01:00,23068,1347252,1324184,1.71,23068,0,"[ ☀️ 23 / 1,347 ]",measured,
318b93a46cffbd77ffc3457fe53adf9edde95b3a,141,2026-07-18T18:09:55+01:00,2026-07-18T18:09:55+01:00,23068,1347252,1324184,1.71,23068,0,"[ ☀️ 23 / 1,347 ]",measured,
7b477f0d4a6d9ae51f152d25581b5ba89c8207c9,142,2026-07-18T18:10:52+01:00,2026-07-18T18:10:52+01:00,23068,1347252,1324184,1.71,23068,0,"[ ☀️ 23 / 1,347 ]",measured,
eb2521bc2f48b8864ff3295259e16a527a671de3,143,2026-07-18T18:14:02+01:00,2026-07-18T18:14:02+01:00,24040,1347252,1323212,1.78,24040,0,"[ ☀️ 24 / 1,347 ]",measured,
a51fef3c63c58ab5c4cf68b911fc133f14f8d5b6,144,2026-07-18T18:15:03+01:00,2026-07-18T18:15:03+01:00,24324,1347252,1322928,1.81,24324,0,"[ ☀️ 24 / 1,347 ]",measured,
396c05714f777666d03dab76506e02ba29063dcc,145,2026-07-18T18:16:30+01:00,2026-07-18T18:16:30+01:00,25256,1347252,1321996,1.87,25256,0,"[ ☀️ 25 / 1,347 ]",measured,
3b380ca1e7262d7ad44f30706b17493e18ee7ca8,146,2026-07-18T18:19:07+01:00,2026-07-18T18:19:07+01:00,25256,1347252,1321996,1.87,25256,0,"[ ☀️ 25 / 1,347 ]",measured,
f3874651f323e52f0035a85d44b348b669749c46,147,2026-07-18T18:24:04+01:00,2026-07-18T18:24:04+01:00,25256,1347252,1321996,1.87,25256,0,"[ ☀️ 25 / 1,347 ]",measured,
077f80e5d1698ef23bfd11f80487bd54636fb88b,148,2026-07-18T18:29:36+01:00,2026-07-18T18:29:36+01:00,25256,1347252,1321996,1.87,25256,0,"[ ☀️ 25 / 1,347 ]",measured,
4c32ed0ba7ac1b019a9139f8e22079b741f8c9d2,149,2026-07-18T18:38:28+01:00,2026-07-18T18:38:28+01:00,25324,1347252,1321928,1.88,25324,0,"[ ☀️ 25 / 1,347 ]",measured,
54a8415bcf5fa8ade2bd169cc8d33e9a0c80120a,150,2026-07-18T18:49:11+01:00,2026-07-18T18:49:11+01:00,25324,1347252,1321928,1.88,25324,0,"[ ☀️ 25 / 1,347 ]",measured,
0dc395b77cb4782b90dc49bdc4d5c76019e74fa0,151,2026-07-18T18:50:26+01:00,2026-07-18T18:50:26+01:00,25324,1347252,1321928,1.88,25324,0,"[ ☀️ 25 / 1,347 ]",measured,
401e375654b8466558310d434b78718d8595095f,152,2026-07-18T18:54:33+01:00,2026-07-18T18:54:33+01:00,25324,1347252,1321928,1.88,25324,0,"[ ☀️ 25 / 1,347 ]",measured,
8bddb6ce6c2735cddf60b96efddda5deda65ed4c,153,2026-07-18T18:55:42+01:00,2026-07-18T18:55:42+01:00,25728,1347252,1321524,1.91,25728,0,"[ ☀️ 25 / 1,347 ]",measured,
b2ea3c6b90fee62fae4939ab1d4353587430f3da,154,2026-07-18T19:02:05+01:00,2026-07-18T19:02:05+01:00,26504,1347252,1320748,1.97,26504,0,"[ ☀️ 26 / 1,347 ]",measured,
57dc35aacee11fc80ddb1f416b4317ec589e7fdf,155,2026-07-18T19:05:10+01:00,2026-07-18T19:05:10+01:00,26738,1347252,1320514,1.98,26738,0,"[ ☀️ 26 / 1,347 ]",measured,
b0cba0a37ec9e245fd7b660eed9c770ef5e4f045,156,2026-07-18T19:09:30+01:00,2026-07-18T19:09:30+01:00,26738,1347252,1320514,1.98,26738,0,"[ ☀️ 26 / 1,347 ]",measured,
9e336e095b75f1a8e90792848bc5f636f081a65d,157,2026-07-18T19:17:35+01:00,2026-07-18T19:17:35+01:00,26812,1347252,1320440,1.99,26812,0,"[ ☀️ 26 / 1,347 ]",measured,
c693c222bd6c3909ea7fa2361d3ad4355e0f4a98,158,2026-07-18T19:20:48+01:00,2026-07-18T19:20:48+01:00,26812,1347252,1320440,1.99,26812,0,"[ ☀️ 26 / 1,347 ]",measured,
3bab16dc59c1a68112ac44fcca2d4dd1f1844f91,159,2026-07-18T19:21:41+01:00,2026-07-18T19:21:41+01:00,26892,1347252,1320360,2,26892,0,"[ ☀️ 26 / 1,347 ]",measured,
1f87f94e94b559898ede0fd94f34c4c9b7da3795,160,2026-07-18T19:23:12+01:00,2026-07-18T19:23:12+01:00,26892,1347252,1320360,2,26892,0,"[ ☀️ 26 / 1,347 ]",measured,
beba1e1af473b5042345f4e0f50ee85f7bde66e6,161,2026-07-18T19:28:47+01:00,2026-07-18T19:28:47+01:00,26892,1347252,1320360,2,26892,0,"[ ☀️ 26 / 1,347 ]",measured,
0c8b3301c40b0d598e2e1556c722e6cce4c1ee40,162,2026-07-18T19:34:32+01:00,2026-07-18T19:34:32+01:00,26892,1347252,1320360,2,26892,0,"[ ☀️ 26 / 1,347 ]",measured,
ba17576f3353ffaa88cfedc1adb2facfd0e8eb13,163,2026-07-18T19:35:32+01:00,2026-07-18T19:35:32+01:00,27152,1347252,1320100,2.02,27152,0,"[ ☀️ 27 / 1,347 ]",measured,
5b021bc226e8ac4845fded706258ea03bf12d4c2,164,2026-07-18T19:36:36+01:00,2026-07-18T19:36:36+01:00,27152,1347252,1320100,2.02,27152,0,"[ ☀️ 27 / 1,347 ]",measured,
449d621259272ea5462a7863ad156ccd5d6ae359,165,2026-07-18T19:53:33+01:00,2026-07-18T19:53:33+01:00,27248,1347252,1320004,2.02,27248,0,"[ ☀️ 27 / 1,347 ]",measured,
edd4491dc94d014a38342de56714049313f3dca4,166,2026-07-18T19:57:53+01:00,2026-07-18T19:57:53+01:00,27248,1347252,1320004,2.02,27248,0,"[ ☀️ 27 / 1,347 ]",measured,
56689c14536c9a4fc28fdd59b582c1f50f7ea4d0,167,2026-07-18T20:06:01+01:00,2026-07-18T20:06:01+01:00,27248,1347252,1320004,2.02,27248,0,"[ ☀️ 27 / 1,347 ]",measured,
6465e1cc83da159efaeb780e2dfb9e20177a30ae,168,2026-07-18T20:19:05+01:00,2026-07-18T20:19:05+01:00,27368,1347252,1319884,2.03,27368,0,"[ ☀️ 27 / 1,347 ]",measured,
2b82179bbb6362ac7145bc5d2c8e14f1876a54a2,169,2026-07-18T21:53:20+01:00,2026-07-18T21:53:20+01:00,27368,1347252,1319884,2.03,27368,0,"[ ☀️ 27 / 1,347 ]",measured,
9afbfc7b79cb0ecc9e4de110518211eafca6d9ab,170,2026-07-18T22:03:51+01:00,2026-07-18T22:03:51+01:00,27368,1347252,1319884,2.03,27368,0,"[ ☀️ 27 / 1,347 ]",measured,
cdf2c07b980b81c635f72adb7f13ea9de9cbef65,171,2026-07-18T22:13:10+01:00,2026-07-18T22:13:10+01:00,27368,1347252,1319884,2.03,27368,0,"[ ☀️ 27 / 1,347 ]",measured,
7b1c10474fc2ac3a692aafceaa3f5dadcb8effe5,172,2026-07-18T22:17:40+01:00,2026-07-18T22:17:40+01:00,27368,1347252,1319884,2.03,27368,0,"[ ☀️ 27 / 1,347 ]",measured,
1c885c11b992b1f70fc2a7baedf879df3bcd2b56,173,2026-07-18T22:27:05+01:00,2026-07-18T22:27:05+01:00,27386,1347252,1319866,2.03,27386,0,"[ ☀️ 27 / 1,347 ]",measured,
ce421d6b34c5471d0e369ee5f6d6966b6aeb8e55,174,2026-07-18T22:27:32+01:00,2026-07-18T22:27:32+01:00,27386,1347252,1319866,2.03,27386,0,"[ ☀️ 27 / 1,347 ]",measured,
2ae37a999b3ae1a4cfdf8f9f3a598a5e026503a7,175,2026-07-18T22:35:17+01:00,2026-07-18T22:35:17+01:00,27386,1347252,1319866,2.03,27386,0,"[ ☀️ 27 / 1,347 ]",measured,
a41c1706917cb2183cc58598d4de58c5efc47567,176,2026-07-18T22:35:45+01:00,2026-07-18T22:35:45+01:00,27386,1347252,1319866,2.03,27386,0,"[ ☀️ 27 / 1,347 ]",measured,
fe12411fa122a246951355de98c21c571396f607,177,2026-07-18T22:52:43+01:00,2026-07-18T22:52:43+01:00,27386,1347252,1319866,2.03,27386,0,"[ ☀️ 27 / 1,347 ]",measured,
1372d5346a4db6f56277cec980b2317a84447c94,178,2026-07-18T23:11:23+01:00,2026-07-18T23:11:23+01:00,27386,1347252,1319866,2.03,27386,0,"[ ☀️ 27 / 1,347 ]",measured,
06dd5aa69305bb1d2a119b42b489497f8288e3cd,179,2026-07-19T00:22:25+01:00,2026-07-19T00:22:25+01:00,27386,1347252,1319866,2.03,27386,0,"[ ☀️ 27 / 1,347 ]",measured,
d4791b32d736a6dfab8031ce537c51115b0dd61f,180,2026-07-19T00:25:21+01:00,2026-07-19T00:25:21+01:00,27386,1347252,1319866,2.03,27386,0,"[ ☀️ 27 / 1,347 ]",measured,
c5d42ed33e9586c0f5e8631d344ac147250b55fa,181,2026-07-19T00:46:23+01:00,2026-07-19T00:46:23+01:00,27386,1347252,1319866,2.03,27386,0,"[ ☀️ 27 / 1,347 ]",measured,
c95ec83ce5d6dcd8b0ff8b1842e5906fa93b6a4f,182,2026-07-19T00:50:30+01:00,2026-07-19T00:50:30+01:00,27386,1347252,1319866,2.03,27386,0,"[ ☀️ 27 / 1,347 ]",measured,
fbf2dea34eb460eaa81b2f8178aefbf9159f9de5,183,2026-07-19T00:55:49+01:00,2026-07-19T00:55:49+01:00,27386,1347252,1319866,2.03,27386,0,"[ ☀️ 27 / 1,347 ]",measured,
7aee8d622bf6252fc1091a6bf5696668b1fd8965,184,2026-07-19T00:57:31+01:00,2026-07-19T00:57:31+01:00,27386,1347252,1319866,2.03,27386,0,"[ ☀️ 27 / 1,347 ]",measured,
7f8952e23e964ebf8ded0fe6cad6f10b3dd5c80e,185,2026-07-19T01:14:11+01:00,2026-07-19T01:14:11+01:00,27420,1347252,1319832,2.04,27420,0,"[ ☀️ 27 / 1,347 ]",measured,
6afd2d88287dfea65c8352efe7f544945db09ce3,186,2026-07-19T01:31:09+01:00,2026-07-19T01:31:54+01:00,27420,1347252,1319832,2.04,27420,0,"[ ☀️ 27 / 1,347 ]",measured,
7f80be164c633845427368f21af7fe7245c00cd1,187,2026-07-19T01:57:28+01:00,2026-07-19T01:57:28+01:00,27420,1347252,1319832,2.04,27420,0,"[ ☀️ 27 / 1,347 ]",measured,
3c6aa19fff47cc31706b65aa29bff4ec6958f31c,188,2026-07-19T02:16:01+01:00,2026-07-19T02:16:01+01:00,27420,1347252,1319832,2.04,27420,0,"[ ☀️ 27 / 1,347 ]",measured,
b343ce7328c6362a154d0ac0be0c1f16a8a9a7f8,189,2026-07-19T02:19:36+01:00,2026-07-19T02:19:36+01:00,27420,1347252,1319832,2.04,27420,0,"[ ☀️ 27 / 1,347 ]",measured,
1a9190ee10d12c00d651c23a0d2d6d430151f968,190,2026-07-19T02:39:24+01:00,2026-07-19T02:39:24+01:00,27420,1347252,1319832,2.04,27420,0,"[ ☀️ 27 / 1,347 ]",measured,
4ebfd2885e52c513aeffc2f20b68689fc35a2877,191,2026-07-19T02:45:07+01:00,2026-07-19T02:45:07+01:00,27420,1347252,1319832,2.04,27420,0,"[ ☀️ 27 / 1,347 ]",measured,
01a7c098bbe486f9c1d4a68e97fa1878be27c7d1,192,2026-07-19T03:03:48+01:00,2026-07-19T03:03:48+01:00,27420,1347252,1319832,2.04,27420,0,"[ ☀️ 27 / 1,347 ]",measured,
3635dd48bab9d5133c11ca51980caf12b5abe192,193,2026-07-19T03:09:02+01:00,2026-07-19T03:09:02+01:00,27420,1347252,1319832,2.04,27420,0,"[ ☀️ 27 / 1,347 ]",measured,
e86f9207512d48a66802a5874b31e819e24fb109,194,2026-07-19T03:26:02+01:00,2026-07-19T03:26:02+01:00,27420,1347252,1319832,2.04,27420,0,"[ ☀️ 27 / 1,347 ]",measured,
0f34bf292f6666649f94b7c84745866e05bc2c35,195,2026-07-19T03:35:18+01:00,2026-07-19T03:35:18+01:00,27420,1347252,1319832,2.04,27420,0,"[ ☀️ 27 / 1,347 ]",measured,
af907c2f77d68e4b4e52f475749e2ced5060faa9,196,2026-07-19T03:42:10+01:00,2026-07-19T03:42:10+01:00,27420,1347252,1319832,2.04,27420,0,"[ ☀️ 27 / 1,347 ]",measured,
3daf53584d08ee361dcb38c490c53e0591d9fe77,197,2026-07-19T03:46:01+01:00,2026-07-19T03:46:01+01:00,27420,1347252,1319832,2.04,27420,0,"[ ☀️ 27 / 1,347 ]",measured,
27b6cde1de23c12da10af572216e70fa39791e56,198,2026-07-19T03:51:11+01:00,2026-07-19T03:51:11+01:00,27420,1347252,1319832,2.04,27420,0,"[ ☀️ 27 / 1,347 ]",measured,
38fafd265cf4649775ffc434f18dcc140fb6e829,199,2026-07-19T03:56:13+01:00,2026-07-19T03:56:13+01:00,27420,1347252,1319832,2.04,27420,0,"[ ☀️ 27 / 1,347 ]",measured,
ef92bb87dec4ab780110c5ac0d18209101d3dbd4,200,2026-07-19T04:16:18+01:00,2026-07-19T04:16:18+01:00,27420,1347252,1319832,2.04,27420,0,"[ ☀️ 27 / 1,347 ]",measured,
8a339e7492fe4674a71d05cd3d8781c942b55d86,201,2026-07-19T04:19:35+01:00,2026-07-19T04:19:35+01:00,27420,1347252,1319832,2.04,27420,0,"[ ☀️ 27 / 1,347 ]",measured,
2e10a224be17576d1e4b903a6fe2953bcaa11794,202,2026-07-19T04:26:41+01:00,2026-07-19T04:26:41+01:00,27420,1347252,1319832,2.04,27420,0,"[ ☀️ 27 / 1,347 ]",measured,
d711389ec8fabf654575383d0a8aa915d7096131,203,2026-07-19T04:30:09+01:00,2026-07-19T04:30:09+01:00,27420,1347252,1319832,2.04,27420,0,"[ ☀️ 27 / 1,347 ]",measured,
0719b622359dc1a4d7ca2d34410ef39e7459d019,204,2026-07-19T04:37:37+01:00,2026-07-19T04:37:37+01:00,27420,1347252,1319832,2.04,27420,0,"[ ☀️ 27 / 1,347 ]",measured,
e8e6218635e54cc399aaff5742ed1a04db732b2a,205,2026-07-19T04:40:10+01:00,2026-07-19T04:40:10+01:00,27420,1347252,1319832,2.04,27420,0,"[ ☀️ 27 / 1,347 ]",measured,
4ea2485902b9891d9a6ab1cd5b92d319d9806904,206,2026-07-19T04:55:05+01:00,2026-07-19T04:55:05+01:00,27420,1347252,1319832,2.04,27420,0,"[ ☀️ 27 / 1,347 ]",measured,
62e98864bfa15a77449910a69fbdc1bf5c4afd5b,207,2026-07-19T05:11:18+01:00,2026-07-19T05:11:18+01:00,27420,1347252,1319832,2.04,27420,0,"[ ☀️ 27 / 1,347 ]",measured,
4e638d7d5c8af96339de3ab3dcaaae0f4abf75e4,208,2026-07-19T05:20:35+01:00,2026-07-19T05:20:35+01:00,27420,1347252,1319832,2.04,27420,0,"[ ☀️ 27 / 1,347 ]",measured,
6aa1f9afeebdab8e17307c9eb967afc4130c930f,209,2026-07-19T05:27:15+01:00,2026-07-19T05:27:15+01:00,27420,1347252,1319832,2.04,27420,0,"[ ☀️ 27 / 1,347 ]",measured,
55192606fb25e4b68dca373f3a11c9f046e0b46c,210,2026-07-19T05:31:08+01:00,2026-07-19T05:31:08+01:00,27420,1347252,1319832,2.04,27420,0,"[ ☀️ 27 / 1,347 ]",measured,
86cc9f7819bee59f217198bfce5a905674cc36ab,211,2026-07-19T05:47:32+01:00,2026-07-19T05:47:32+01:00,27420,1347252,1319832,2.04,27420,0,"[ ☀️ 27 / 1,347 ]",measured,
4f0501e2b512eafad3ec7860828f6da36ca3f018,212,2026-07-19T05:52:25+01:00,2026-07-19T05:52:25+01:00,27420,1347252,1319832,2.04,27420,0,"[ ☀️ 27 / 1,347 ]",measured,
51b2bea7fceba8ff9e8b74d40e512122e79ab053,213,2026-07-19T06:21:09+01:00,2026-07-19T06:21:09+01:00,27420,1347252,1319832,2.04,27420,0,"[ ☀️ 27 / 1,347 ]",measured,
c71143270a9ad238d442990983c63e73d0e6fcef,214,2026-07-19T06:30:32+01:00,2026-07-19T06:30:32+01:00,27420,1347252,1319832,2.04,27420,0,"[ ☀️ 27 / 1,347 ]",measured,
387b24b59216d9f2d6f3566729f0f7d51fcfecc3,215,2026-07-19T06:38:00+01:00,2026-07-19T06:38:00+01:00,27436,1347252,1319816,2.04,27436,0,"[ ☀️ 27 / 1,347 ]",measured,
bd5fc160c924152eb1e006eff7ffa1b7195cd81f,216,2026-07-19T06:44:32+01:00,2026-07-19T06:44:32+01:00,27436,1347252,1319816,2.04,27436,0,"[ ☀️ 27 / 1,347 ]",measured,
c7cdc58162e9df7606bf6fb5752ad6d7de42ae0a,217,2026-07-19T07:04:18+01:00,2026-07-19T07:04:18+01:00,27436,1347252,1319816,2.04,27436,0,"[ ☀️ 27 / 1,347 ]",measured,
703b738c16700fd446637238183701d3e92ab92e,218,2026-07-19T07:15:18+01:00,2026-07-19T07:15:18+01:00,27436,1347252,1319816,2.04,27436,0,"[ ☀️ 27 / 1,347 ]",measured,
a73a967d6d2249428b2f7a84544ebdca25151cb8,219,2026-07-19T07:24:13+01:00,2026-07-19T07:24:13+01:00,27436,1347252,1319816,2.04,27436,0,"[ ☀️ 27 / 1,347 ]",measured,
3f8e206ec7b3cf2ea886542d75a96724055245ca,220,2026-07-19T07:27:07+01:00,2026-07-19T07:27:07+01:00,27436,1347252,1319816,2.04,27436,0,"[ ☀️ 27 / 1,347 ]",measured,
2f324cff59561a91ff261dc0cb920c92f6c83d4b,221,2026-07-19T07:34:51+01:00,2026-07-19T07:34:51+01:00,27436,1347252,1319816,2.04,27436,0,"[ ☀️ 27 / 1,347 ]",measured,
7ace6db41363f61647fc67758b7910d14bed8018,222,2026-07-19T07:39:17+01:00,2026-07-19T07:39:17+01:00,27470,1347252,1319782,2.04,27470,0,"[ ☀️ 27 / 1,347 ]",measured,
ccdf1b339b856650670f79033f887e75738436a4,223,2026-07-19T07:55:39+01:00,2026-07-19T07:55:39+01:00,27470,1347252,1319782,2.04,27470,0,"[ ☀️ 27 / 1,347 ]",measured,
785b499616a57d2a90a1968e92cca17ff220133b,224,2026-07-19T08:05:24+01:00,2026-07-19T08:05:24+01:00,27470,1347252,1319782,2.04,27470,0,"[ ☀️ 27 / 1,347 ]",measured,
4d812cdf98fa290ac33bf87a875d6037176369f7,225,2026-07-19T08:49:29+01:00,2026-07-19T08:49:29+01:00,27470,1347252,1319782,2.04,27470,0,"[ ☀️ 27 / 1,347 ]",measured,
8a1398b2e2de6fff9194bb2091beed0d6ea2ca71,226,2026-07-19T08:53:56+01:00,2026-07-19T08:53:56+01:00,27470,1347252,1319782,2.04,27470,0,"[ ☀️ 27 / 1,347 ]",measured,
b52710a98728d67931abb20f6023fda4e43c3581,227,2026-07-19T09:00:11+01:00,2026-07-19T09:00:11+01:00,27470,1347252,1319782,2.04,27470,0,"[ ☀️ 27 / 1,347 ]",measured,
f4f1643597f7265abc965afabb36bf12ab89ae55,228,2026-07-19T09:01:55+01:00,2026-07-19T09:01:55+01:00,27470,1347252,1319782,2.04,27470,0,"[ ☀️ 27 / 1,347 ]",measured,
dba2c291dd81600860468ce91e40eb9c90136e7c,229,2026-07-19T09:20:35+01:00,2026-07-19T09:20:35+01:00,27558,1347252,1319694,2.05,27558,0,"[ ☀️ 27 / 1,347 ]",measured,
b3362761daed5feed10eeb715446641a455ffe13,230,2026-07-19T09:32:21+01:00,2026-07-19T09:32:21+01:00,27978,1347252,1319274,2.08,27978,0,"[ ☀️ 27 / 1,347 ]",measured,
9b80d0b86b73b3e5d275f830ada75e6919887b91,231,2026-07-19T09:45:38+01:00,2026-07-19T09:45:38+01:00,28254,1347252,1318998,2.1,28254,0,"[ ☀️ 28 / 1,347 ]",measured,
b1c898aff9578693f5d8b1b69b6f549929c192af,232,2026-07-19T09:57:21+01:00,2026-07-19T09:57:21+01:00,28812,1347252,1318440,2.14,28812,0,"[ ☀️ 28 / 1,347 ]",measured,
8fa525146b485593b0521b3e88eff417c4eeb9dd,233,2026-07-19T10:12:32+01:00,2026-07-19T10:12:32+01:00,29404,1347252,1317848,2.18,29404,0,"[ ☀️ 29 / 1,347 ]",measured,
8317fe8061166b6515e5b4b1f557fd9be138b4b8,234,2026-07-19T10:35:48+01:00,2026-07-19T10:35:48+01:00,29404,1347252,1317848,2.18,29404,0,"[ ☀️ 29 / 1,347 ]",measured,
2181833e09e3ebdee911e65a1c7df68b3bd0202b,235,2026-07-19T10:47:12+01:00,2026-07-19T10:47:12+01:00,29512,1347252,1317740,2.19,29512,0,"[ ☀️ 29 / 1,347 ]",measured,
18c80a63349d09757495e59f0de09ad8527e5ffd,236,2026-07-19T11:11:13+01:00,2026-07-19T11:11:13+01:00,29654,1347252,1317598,2.2,29654,0,"[ ☀️ 29 / 1,347 ]",measured,
468ec1dd3ba22d9dd68e1ead6e3ebe566d2874ce,237,2026-07-19T11:12:13+01:00,2026-07-19T11:12:13+01:00,29654,1347252,1317598,2.2,29654,0,"[ ☀️ 29 / 1,347 ]",measured,
e3a065a9513cde4c04ebe57dc13cabdb455cd224,238,2026-07-19T11:27:17+01:00,2026-07-19T11:27:17+01:00,29884,1347252,1317368,2.22,29884,0,"[ ☀️ 29 / 1,347 ]",measured,
72db05673dc9c1c00b72a4ffe27186eaa91a0c00,239,2026-07-19T11:29:02+01:00,2026-07-19T11:29:02+01:00,29884,1347252,1317368,2.22,29884,0,"[ ☀️ 29 / 1,347 ]",measured,
04bfe566dc81e6585e95455dc596c714728d5ea1,240,2026-07-19T11:31:16+01:00,2026-07-19T11:31:16+01:00,29884,1347252,1317368,2.22,29884,0,"[ ☀️ 29 / 1,347 ]",measured,
830615539b5954602560634913e8070d48d29a0e,241,2026-07-19T11:32:25+01:00,2026-07-19T11:32:25+01:00,29884,1347252,1317368,2.22,29884,0,"[ ☀️ 29 / 1,347 ]",measured,
eb4b23b2fbbc79dbdaea1b4637a817aa00594b30,242,2026-07-19T11:47:27+01:00,2026-07-19T11:47:27+01:00,29884,1347252,1317368,2.22,29884,0,"[ ☀️ 29 / 1,347 ]",measured,
ce813bac8f17496894a42049933d93b302482aab,243,2026-07-19T11:51:20+01:00,2026-07-19T11:51:20+01:00,30252,1347252,1317000,2.25,30252,0,"[ ☀️ 30 / 1,347 ]",measured,
09e5ac1ed9a79f2be2d773d25846d6aeada3a353,244,2026-07-19T11:58:20+01:00,2026-07-19T11:58:20+01:00,30252,1347252,1317000,2.25,30252,0,"[ ☀️ 30 / 1,347 ]",measured,
a504db47aa87137089549fb9569a323ba091d93f,245,2026-07-19T12:00:20+01:00,2026-07-19T12:00:20+01:00,30252,1347252,1317000,2.25,30252,0,"[ ☀️ 30 / 1,347 ]",measured,
8a25b76baa23c082616c8f8a7d4a3b26ab591e8d,246,2026-07-19T12:15:50+01:00,2026-07-19T12:15:50+01:00,30252,1347252,1317000,2.25,30252,0,"[ ☀️ 30 / 1,347 ]",measured,
5fea8ea2e1ee70528712c2fc69156e08c6d69955,247,2026-07-19T12:25:51+01:00,2026-07-19T12:25:51+01:00,30296,1347252,1316956,2.25,30296,0,"[ ☀️ 30 / 1,347 ]",measured,
b9549613f19a9cc265ae67a01e22f62aededcdd8,248,2026-07-19T12:39:43+01:00,2026-07-19T12:39:43+01:00,30296,1347252,1316956,2.25,30296,0,"[ ☀️ 30 / 1,347 ]",measured,
9227dd8290f7de02975a1a2d20aabc305c8ea8b3,249,2026-07-19T13:23:42+01:00,2026-07-19T13:23:42+01:00,30296,1347252,1316956,2.25,30296,0,"[ ☀️ 30 / 1,347 ]",measured,
c95edc95edc55288e5636665aaec54af7090cc7a,250,2026-07-19T13:33:20+01:00,2026-07-19T13:33:20+01:00,30296,1347252,1316956,2.25,30296,0,"[ ☀️ 30 / 1,347 ]",measured,
b0729f73833d27a69d795a7bcd7a6b792138c03c,251,2026-07-19T13:37:17+01:00,2026-07-19T13:37:17+01:00,30296,1347252,1316956,2.25,30296,0,"[ ☀️ 30 / 1,347 ]",measured,
42f05f3dd4945ba72de10ce9f7435ee94b1c52af,252,2026-07-19T13:50:02+01:00,2026-07-19T13:50:02+01:00,30296,1347252,1316956,2.25,30296,0,"[ ☀️ 30 / 1,347 ]",measured,
6104a64e786626964e23a1bb6e073436133b8ede,253,2026-07-19T14:34:33+01:00,2026-07-19T14:34:33+01:00,30296,1347252,1316956,2.25,30296,0,"[ ☀️ 30 / 1,347 ]",measured,
1f68d581f6d0711ee625fd16262c50d6b4948bbd,254,2026-07-19T18:34:48+01:00,2026-07-19T18:34:48+01:00,30986,1347252,1316266,2.3,30986,0,"[ ☀️ 30 / 1,347 ]",measured,
c0ae50cad3eda5f6c8eb5b5d16f11309cd4016bb,255,2026-07-19T19:07:18+01:00,2026-07-19T19:07:18+01:00,32254,1347252,1314998,2.39,32254,0,"[ ☀️ 32 / 1,347 ]",measured,
e1df2d431262469a02bdde26946fc9a7c9296291,256,2026-07-19T19:32:07+01:00,2026-07-19T19:32:07+01:00,32322,1347252,1314930,2.4,32322,0,"[ ☀️ 32 / 1,347 ]",measured,
ce7233b9f67d8e30f0f7786b297219a69034a0de,257,2026-07-19T21:34:54+01:00,2026-07-19T21:34:54+01:00,32322,1347252,1314930,2.4,32322,0,"[ ☀️ 32 / 1,347 ]",measured,
769accd8d4d83175cec4e717550ccb64d25e594b,258,2026-07-19T21:50:01+01:00,2026-07-19T21:50:01+01:00,32322,1347252,1314930,2.4,32322,0,"[ ☀️ 32 / 1,347 ]",measured,
28a3144b0faa8a6ec04933311aff2863f77f8655,259,2026-07-19T22:55:15+01:00,2026-07-19T22:55:15+01:00,32322,1347252,1314930,2.4,32322,0,"[ ☀️ 32 / 1,347 ]",measured,
a1d6785ebb503ae7820b309414434be50f397a73,260,2026-07-19T23:39:01+01:00,2026-07-19T23:39:01+01:00,32534,1347252,1314718,2.41,32534,0,"[ ☀️ 32 / 1,347 ]",measured,
1ab39b68cab8bb8255ba7cb0253299787bbf12bc,261,2026-07-19T23:40:12+01:00,2026-07-19T23:40:12+01:00,32534,1347252,1314718,2.41,32534,0,"[ ☀️ 32 / 1,347 ]",measured,
02138ab07261e7e75a065583adffa962cd4341c1,262,2026-07-19T23:52:20+01:00,2026-07-19T23:52:20+01:00,32534,1347252,1314718,2.41,32534,0,"[ ☀️ 32 / 1,347 ]",measured,
69fc8dc59f856d4a71bb0d01366083b7148314e4,263,2026-07-19T23:52:24+01:00,2026-07-19T23:52:24+01:00,32534,1347252,1314718,2.41,32534,0,"[ ☀️ 32 / 1,347 ]",measured,
23b9f52108a2a42881b58a8d37bf1c27400f2b7e,264,2026-07-19T23:54:48+01:00,2026-07-19T23:54:48+01:00,32534,1347252,1314718,2.41,32534,0,"[ ☀️ 32 / 1,347 ]",measured,
acccf3367d32148dc8ed7adc35b048e7c194774b,265,2026-07-19T23:56:30+01:00,2026-07-19T23:56:30+01:00,32534,1347252,1314718,2.41,32534,0,"[ ☀️ 32 / 1,347 ]",measured,
8f9e7207cecb0edb481e770e81777eb47b512131,266,2026-07-20T00:09:45+01:00,2026-07-20T00:09:45+01:00,32534,1347252,1314718,2.41,32534,0,"[ ☀️ 32 / 1,347 ]",measured,
eac6258d80bd85c1abac4ace0f6f1b6bf1d56a12,267,2026-07-20T06:52:17+01:00,2026-07-20T06:52:17+01:00,32766,1347252,1314486,2.43,32766,0,"[ ☀️ 32 / 1,347 ]",measured,
771904548d4bd32e1faf9f91c16a8416a3c62afd,268,2026-07-20T07:02:41+01:00,2026-07-20T07:02:41+01:00,32766,1347252,1314486,2.43,32766,0,"[ ☀️ 32 / 1,347 ]",measured,
ef604f43a9891a98ef0b80596f9208afc93e4e61,269,2026-07-20T07:12:40+01:00,2026-07-20T07:12:40+01:00,32766,1347252,1314486,2.43,32766,0,"[ ☀️ 32 / 1,347 ]",measured,
1acbbf263370dda3196c8fb5e29a5b5a3f7f5586,270,2026-07-20T07:29:46+01:00,2026-07-20T07:29:46+01:00,32766,1347252,1314486,2.43,32766,0,"[ ☀️ 32 / 1,347 ]",measured,
51ceb495d6fb4cfb4902780e1e32ed69a58ad7f8,271,2026-07-20T08:15:52+01:00,2026-07-20T08:15:52+01:00,35356,1347252,1311896,2.62,35356,0,"[ ☀️ 35 / 1,347 ]",measured,
20b390b122ed4cba1a766d014dfb7231ab2ee976,272,2026-07-20T08:50:35+01:00,2026-07-20T08:50:35+01:00,36400,1347252,1310852,2.7,36400,0,"[ ☀️ 36 / 1,347 ]",measured,
5b9b5deb701d0125893ef79b94f1f97250cfbaaa,273,2026-07-20T09:13:09+01:00,2026-07-20T09:13:09+01:00,36400,1347252,1310852,2.7,36400,0,"[ ☀️ 36 / 1,347 ]",measured,
0f5df57ea922aed9f78c3640fc299b76a6781394,274,2026-07-20T09:51:17+01:00,2026-07-20T09:51:17+01:00,37690,1347252,1309562,2.8,37690,0,"[ ☀️ 37 / 1,347 ]",measured,
c173c1b5b9d1646d1064ee4de69b2c2488330a33,275,2026-07-20T10:10:52+01:00,2026-07-20T10:10:52+01:00,37690,1347252,1309562,2.8,37690,0,"[ ☀️ 37 / 1,347 ]",measured,
a63a91171fea5325fbe020404be9c033d3cd2274,276,2026-07-20T10:32:17+01:00,2026-07-20T10:32:17+01:00,37690,1347252,1309562,2.8,37690,0,"[ ☀️ 37 / 1,347 ]",measured,
f36d8c36444c643ab428fe28c5ad9d2584562ad0,277,2026-07-20T14:23:29+01:00,2026-07-20T14:23:29+01:00,38730,1347252,1308522,2.87,38730,0,"[ ☀️ 38 / 1,347 ]",measured,
79ea4f4ab1f0668e8495cb2c2e9ca557b3fce5aa,278,2026-07-20T14:50:23+01:00,2026-07-20T14:50:23+01:00,38730,1347252,1308522,2.87,38730,0,"[ ☀️ 38 / 1,347 ]",measured,
50c4c0f7f2baf10a7146b9b267f2187d4a1f9154,279,2026-07-20T15:18:53+01:00,2026-07-20T15:18:53+01:00,38730,1347252,1308522,2.87,38730,0,"[ ☀️ 38 / 1,347 ]",measured,
f78814097b9c20f634736d4a68a7e80ef765fcef,280,2026-07-20T15:31:50+01:00,2026-07-20T15:31:50+01:00,38730,1347252,1308522,2.87,38730,0,"[ ☀️ 38 / 1,347 ]",measured,
b6cbb49755112fff0c62cea02b992048b6d754f7,281,2026-07-20T15:58:00+01:00,2026-07-20T15:58:00+01:00,38730,1347252,1308522,2.87,38730,0,"[ ☀️ 38 / 1,347 ]",measured,
54e508e6bedbbc3a5c2d56f9aa6e5796b5c5893a,282,2026-07-20T16:06:41+01:00,2026-07-20T16:06:41+01:00,38730,1347252,1308522,2.87,38730,0,"[ ☀️ 38 / 1,347 ]",measured,
b8c4ba8003c64ded803312626c13f74e9775e5d9,283,2026-07-20T16:20:28+01:00,2026-07-20T16:20:28+01:00,38730,1347252,1308522,2.87,38730,0,"[ ☀️ 38 / 1,347 ]",measured,
9f8817462550af9aaa97c264ff0bd6eeb1374961,284,2026-07-20T16:29:05+01:00,2026-07-20T16:29:44+01:00,38890,1347252,1308362,2.89,38890,0,"[ ☀️ 38 / 1,347 ]",measured,
13587144ca8f0317982e9391912886f871d4d293,285,2026-07-20T16:47:38+01:00,2026-07-20T16:47:38+01:00,38890,1347252,1308362,2.89,38890,0,"[ ☀️ 38 / 1,347 ]",measured,
c4ab879711853e898aa00eb5e0fcf99c62b39230,286,2026-07-20T20:14:01+01:00,2026-07-20T20:14:01+01:00,39934,1347252,1307318,2.96,39934,0,"[ ☀️ 39 / 1,347 ]",measured,
f8adfa5677242f57b5e1f3a21c307cd6abfac8fa,287,2026-07-20T20:50:26+01:00,2026-07-20T20:50:26+01:00,39934,1347252,1307318,2.96,39934,0,"[ ☀️ 39 / 1,347 ]",measured,
50a809bcdc7bd9d8c5c241ca53a7a1ae2eb01ce8,288,2026-07-20T21:08:15+01:00,2026-07-20T21:08:15+01:00,39934,1347252,1307318,2.96,39934,0,"[ ☀️ 39 / 1,347 ]",measured,
a7e65d6a1ee8587093fe473b94201a6ecf5399e9,289,2026-07-21T08:53:34+01:00,2026-07-21T08:53:34+01:00,40556,1347252,1306696,3.01,40556,0,"[ ☀️ 40 / 1,347 ]",measured,
315cfb4bb36d614c6fe52bc3a59f9b74af4b6a10,290,2026-07-21T09:49:20+01:00,2026-07-21T09:49:20+01:00,40620,1347252,1306632,3.02,40620,0,"[ ☀️ 40 / 1,347 ]",measured,
350302dd8a6736b7086474e7e174ae2a0a2e4053,291,2026-07-21T09:54:55+01:00,2026-07-21T09:54:55+01:00,40620,1347252,1306632,3.02,40620,0,"[ ☀️ 40 / 1,347 ]",measured,
9002bf36c5a801cad40deaf7012d156ab633032f,292,2026-07-21T09:56:20+01:00,2026-07-21T09:56:20+01:00,40620,1347252,1306632,3.02,40620,0,"[ ☀️ 40 / 1,347 ]",measured,
b1718cb36444c3499a52deb6c5240dbbf0efc484,293,2026-07-21T15:08:01+01:00,2026-07-21T15:08:01+01:00,40720,1347252,1306532,3.02,40720,0,"[ ☀️ 40 / 1,347 ]",measured,
8269ce7c34e6f16351be0c653bad81c88a4faeec,294,2026-07-21T15:23:46+01:00,2026-07-21T15:23:46+01:00,40720,1347252,1306532,3.02,40720,0,"[ ☀️ 40 / 1,347 ]",measured,
e1a79cb2f4f76bb17dcaa2d65a245e5b8580746d,295,2026-07-21T15:27:54+01:00,2026-07-21T15:27:54+01:00,40832,1347252,1306420,3.03,40832,0,"[ ☀️ 40 / 1,347 ]",measured,
9fc678f8249933277047a36a828c21597e55cb53,296,2026-07-21T15:28:56+01:00,2026-07-21T15:28:56+01:00,40832,1347252,1306420,3.03,40832,0,"[ ☀️ 40 / 1,347 ]",measured,
5ad6c6a1635bd9d11b93aee9318d1e25fa0ec803,297,2026-07-21T15:46:16+01:00,2026-07-21T15:46:16+01:00,40832,1347252,1306420,3.03,40832,0,"[ ☀️ 40 / 1,347 ]",measured,
ac3423bf908c4f4efd99b0dc5c8b21ffc132aea1,298,2026-07-21T16:17:07+01:00,2026-07-21T16:17:07+01:00,41114,1347252,1306138,3.05,41114,0,"[ ☀️ 41 / 1,347 ]",measured,
381cfaea7093ab884d27bb94f3a06cbcf94a85dd,299,2026-07-21T16:19:47+01:00,2026-07-21T16:19:47+01:00,41114,1347252,1306138,3.05,41114,0,"[ ☀️ 41 / 1,347 ]",measured,
27a4f6cb4394b83dbcec1f336f281edca19ef47e,300,2026-07-21T16:24:09+01:00,2026-07-21T16:24:09+01:00,41114,1347252,1306138,3.05,41114,0,"[ ☀️ 41 / 1,347 ]",measured,
647694e67081310c7c7f8a575c8995d2bf07ab30,301,2026-07-21T21:27:06+01:00,2026-07-21T21:27:06+01:00,41176,1347252,1306076,3.06,41176,0,"[ ☀️ 41 / 1,347 ]",measured,
e2607b5463693a6e67c650ab6c99e130eb20b5bb,302,2026-07-21T21:51:56+01:00,2026-07-21T21:51:56+01:00,41276,1347252,1305976,3.06,41276,0,"[ ☀️ 41 / 1,347 ]",measured,
ccbaf6aef40b33f69edc76020740f6128a421580,303,2026-07-21T22:09:34+01:00,2026-07-21T22:09:34+01:00,41416,1347252,1305836,3.07,41416,0,"[ ☀️ 41 / 1,347 ]",measured,
75604c1d377f3db78ccac9d556129bf40e8dbd34,304,2026-07-21T22:26:15+01:00,2026-07-21T22:26:15+01:00,41480,1347252,1305772,3.08,41480,0,"[ ☀️ 41 / 1,347 ]",measured,
47a2575a68faa52c09e6c0e7ac9bd50a473a948d,305,2026-07-21T22:32:47+01:00,2026-07-21T22:32:47+01:00,41564,1347252,1305688,3.09,41564,0,"[ ☀️ 41 / 1,347 ]",measured,
26d9d37a23ba1ef915dffe45559479e4a17fea11,306,2026-07-21T23:12:34+01:00,2026-07-21T23:12:34+01:00,41740,1347252,1305512,3.1,41740,0,"[ ☀️ 41 / 1,347 ]",measured,
0d295cc64a147d7b263f78eb71d09c45d0189ea0,307,2026-07-21T23:21:45+01:00,2026-07-21T23:21:45+01:00,41816,1347252,1305436,3.1,41816,0,"[ ☀️ 41 / 1,347 ]",measured,
137fe5056e8fda9f43214d17c6e74c5b3271d148,308,2026-07-21T23:32:01+01:00,2026-07-21T23:32:01+01:00,41880,1347252,1305372,3.11,41880,0,"[ ☀️ 41 / 1,347 ]",measured,
39834fe42fa5ba4e2e1576f27a15766c15526796,309,2026-07-21T23:35:33+01:00,2026-07-21T23:35:33+01:00,41980,1347252,1305272,3.12,41980,0,"[ ☀️ 41 / 1,347 ]",measured,
a2308717b639a113386af4532f38efc84420b802,310,2026-07-21T23:53:29+01:00,2026-07-21T23:53:29+01:00,42330,1347252,1304922,3.14,42330,0,"[ ☀️ 42 / 1,347 ]",measured,
9c6144d77a8df69771a801d2740940894d43594b,311,2026-07-21T23:57:22+01:00,2026-07-21T23:57:22+01:00,42418,1347252,1304834,3.15,42418,0,"[ ☀️ 42 / 1,347 ]",measured,
c2bcd9c3a6b848169c6afb7eaf4207325859be5d,312,2026-07-21T23:59:43+01:00,2026-07-21T23:59:43+01:00,42418,1347252,1304834,3.15,42418,0,"[ ☀️ 42 / 1,347 ]",measured,
4a598c301486a1e935c5dd476f0c8541045ebc09,313,2026-07-22T00:04:10+01:00,2026-07-22T00:04:10+01:00,42506,1347252,1304746,3.16,42506,0,"[ ☀️ 42 / 1,347 ]",measured,
44f5d2d5581094e2cbde3ed22c724c1e3c4babe3,314,2026-07-22T00:06:34+01:00,2026-07-22T00:06:34+01:00,42634,1347252,1304618,3.16,42634,0,"[ ☀️ 42 / 1,347 ]",measured,
7472bf01a88761db7df3cdf2fa6925acde7028ef,315,2026-07-22T00:23:16+01:00,2026-07-22T00:23:16+01:00,42996,1347252,1304256,3.19,42996,0,"[ ☀️ 42 / 1,347 ]",measured,
f8a032fea850375c1a12a8512df3c7154a3d0550,316,2026-07-22T00:29:19+01:00,2026-07-22T00:29:19+01:00,43168,1347252,1304084,3.2,43168,0,"[ ☀️ 43 / 1,347 ]",measured,
557d34a35942a4f39811318dad7674f243178901,317,2026-07-22T04:54:36+01:00,2026-07-22T04:54:36+01:00,45664,1347252,1301588,3.39,45664,0,"[ ☀️ 45 / 1,347 ]",measured,
885a6dd387a99cf2e42bb20620a4fe694e114fb6,318,2026-07-22T05:16:25+01:00,2026-07-22T05:16:25+01:00,45704,1347252,1301548,3.39,45704,0,"[ ☀️ 45 / 1,347 ]",measured,
e73cc4b5bfdba17b2a43918cf22a2a9850b069bc,319,2026-07-22T05:23:57+01:00,2026-07-22T05:23:57+01:00,45772,1347252,1301480,3.4,45772,0,"[ ☀️ 45 / 1,347 ]",measured,
e3baac9274629bcf966e091956c815702bdfd4fd,320,2026-07-22T06:12:52+01:00,2026-07-22T06:12:52+01:00,45804,1347252,1301448,3.4,45804,0,"[ ☀️ 45 / 1,347 ]",measured,
eec718b78be8a6136dde450655a06cf05afe2984,321,2026-07-22T06:19:11+01:00,2026-07-22T06:19:11+01:00,45852,1347252,1301400,3.4,45852,0,"[ ☀️ 45 / 1,347 ]",measured,
063e9ddb62c7e1525a6f9109b92a8ddf6a2f0d2a,322,2026-07-22T06:23:38+01:00,2026-07-22T06:23:38+01:00,45908,1347252,1301344,3.41,45908,0,"[ ☀️ 45 / 1,347 ]",measured,
1450f8f39003546f26c1d4846d044a7af6a4a023,323,2026-07-22T07:36:40+01:00,2026-07-22T07:36:40+01:00,45978,1347252,1301274,3.41,45978,0,"[ ☀️ 45 / 1,347 ]",measured,
46448d7de76a1fb4f5ed135515734f037a791591,324,2026-07-22T08:00:48+01:00,2026-07-22T08:00:48+01:00,46094,1347252,1301158,3.42,46094,0,"[ ☀️ 46 / 1,347 ]",measured,
10b115016edc39e7027415340f6c862b3b6be96d,325,2026-07-22T08:09:53+01:00,2026-07-22T08:09:53+01:00,46186,1347252,1301066,3.43,46186,0,"[ ☀️ 46 / 1,347 ]",measured,
a3085bac164344b8999c4fa09d39ae50650d4849,326,2026-07-22T08:13:31+01:00,2026-07-22T08:13:31+01:00,46242,1347252,1301010,3.43,46242,0,"[ ☀️ 46 / 1,347 ]",measured,
25a8b0d841bbfa623d2b982826f63538ca6fb298,327,2026-07-22T08:21:53+01:00,2026-07-22T08:21:53+01:00,46326,1347252,1300926,3.44,46326,0,"[ ☀️ 46 / 1,347 ]",measured,
285c4595c84dd08e69c20045cd50fa6d4fdf8677,328,2026-07-22T08:39:35+01:00,2026-07-22T08:39:35+01:00,46422,1347252,1300830,3.45,46422,0,"[ ☀️ 46 / 1,347 ]",measured,
e6e9c1b6080422137cbd5a28aeeef0d3f4ddc202,329,2026-07-22T09:10:02+01:00,2026-07-22T09:10:02+01:00,46422,1347252,1300830,3.45,46422,0,"[ ☀️ 46 / 1,347 ]",measured,
e0f9735950cb1ebd223ff92bed7a97ea3cfe9860,330,2026-07-22T09:15:36+01:00,2026-07-22T09:15:36+01:00,46422,1347252,1300830,3.45,46422,0,"[ ☀️ 46 / 1,347 ]",measured,
7681f9b0b3d580eb3d52232c6624382fdc96a2dd,331,2026-07-22T09:37:11+01:00,2026-07-22T09:37:11+01:00,46522,1347252,1300730,3.45,46522,0,"[ ☀️ 46 / 1,347 ]",measured,
da9ae8eb78ff7cebbda26342fbc59c2962f71f52,332,2026-07-22T10:21:52+01:00,2026-07-22T10:21:52+01:00,46522,1347252,1300730,3.45,46522,0,"[ ☀️ 46 / 1,347 ]",measured,
afa70f1d9a037ca711cd100a76cbd03dadb1d85c,333,2026-07-22T10:36:53+01:00,2026-07-22T10:36:53+01:00,46522,1347252,1300730,3.45,46522,0,"[ ☀️ 46 / 1,347 ]",measured,
9ca55bd91c9009846ddf5f08b6595e4452d2d9f5,334,2026-07-22T10:48:01+01:00,2026-07-22T10:48:01+01:00,46522,1347252,1300730,3.45,46522,0,"[ ☀️ 46 / 1,347 ]",measured,
baa3d9702ae2329493555bb2f6eac1ca612773b6,335,2026-07-22T11:39:18+01:00,2026-07-22T11:39:18+01:00,46522,1347252,1300730,3.45,46522,0,"[ ☀️ 46 / 1,347 ]",measured,
078f542f9e87f55e113c1333d65fc9e79c4a3939,336,2026-07-22T12:05:59+01:00,2026-07-22T12:05:59+01:00,46522,1347252,1300730,3.45,46522,0,"[ ☀️ 46 / 1,347 ]",measured,
eba2087e4f9d944de571cc9ac76686c961c09473,337,2026-07-22T12:08:17+01:00,2026-07-22T12:08:17+01:00,46522,1347252,1300730,3.45,46522,0,"[ ☀️ 46 / 1,347 ]",measured,
88368e22b38c7e64545da491ce3fc88a0d5fe0f6,338,2026-07-22T12:09:27+01:00,2026-07-22T12:09:27+01:00,46522,1347252,1300730,3.45,46522,0,"[ ☀️ 46 / 1,347 ]",measured,
b0ea4c016aef7f3eb0aa304135c5bc8ed39c27b0,339,2026-07-22T12:10:40+01:00,2026-07-22T12:10:40+01:00,46522,1347252,1300730,3.45,46522,0,"[ ☀️ 46 / 1,347 ]",measured,
fa5c5941da8f7eafc5b69a9f75570f037c2e8a0a,340,2026-07-22T12:11:06+01:00,2026-07-22T12:11:06+01:00,46522,1347252,1300730,3.45,46522,0,"[ ☀️ 46 / 1,347 ]",measured,
51f009e46325e8055bcca709dab17127935bcda5,341,2026-07-22T12:14:29+01:00,2026-07-22T12:14:29+01:00,46522,1347252,1300730,3.45,46522,0,"[ ☀️ 46 / 1,347 ]",measured,
8bbace829ce49865b283c72bee2ed9d07c14a5e8,342,2026-07-22T12:16:59+01:00,2026-07-22T12:16:59+01:00,46522,1347252,1300730,3.45,46522,0,"[ ☀️ 46 / 1,347 ]",measured,
0ffca39c9c74f56845ef4718645657bcf8cf90be,343,2026-07-22T12:17:23+01:00,2026-07-22T12:17:23+01:00,46522,1347252,1300730,3.45,46522,0,"[ ☀️ 46 / 1,347 ]",measured,
f4e94adfd3b7690aa9bec9dff91b78e9d02820d8,344,2026-07-22T12:17:39+01:00,2026-07-22T12:17:39+01:00,46522,1347252,1300730,3.45,46522,0,"[ ☀️ 46 / 1,347 ]",measured,
174bbf72aaa428e110e8edb2519b92c0d97b5887,345,2026-07-22T12:19:24+01:00,2026-07-22T12:19:24+01:00,46522,1347252,1300730,3.45,46522,0,"[ ☀️ 46 / 1,347 ]",measured,
db5a4837d781341ca9a1892fd760cd6ed17eb9de,346,2026-07-22T12:25:37+01:00,2026-07-22T12:25:37+01:00,46522,1347252,1300730,3.45,46522,0,"[ ☀️ 46 / 1,347 ]",measured,
36dc5d75da13cc8e2d3dbad05ad888e73eee1797,347,2026-07-22T12:25:59+01:00,2026-07-22T12:25:59+01:00,46522,1347252,1300730,3.45,46522,0,"[ ☀️ 46 / 1,347 ]",measured,
3684c3a747fa0db7a7a579507b443c9f42d1b2d0,348,2026-07-22T12:26:46+01:00,2026-07-22T12:26:46+01:00,46522,1347252,1300730,3.45,46522,0,"[ ☀️ 46 / 1,347 ]",measured,
5f1fa596e0b5075f6e72c886de80caa8422e3b9b,349,2026-07-22T12:57:31+01:00,2026-07-22T12:57:31+01:00,46522,1347252,1300730,3.45,46522,0,"[ ☀️ 46 / 1,347 ]",measured,
6e545984ed0ba5fdc15883587ef3ff9a4f3f2890,350,2026-07-22T13:09:26+01:00,2026-07-22T13:09:26+01:00,46522,1347252,1300730,3.45,46522,0,"[ ☀️ 46 / 1,347 ]",measured,
35cbac3cf7a9911aa570efdc1014ff59b72863ea,351,2026-07-22T13:15:11+01:00,2026-07-22T13:15:11+01:00,46522,1347252,1300730,3.45,46522,0,"[ ☀️ 46 / 1,347 ]",measured,
0ba799b654091c08bd363b05000120c4f58484b8,352,2026-07-22T13:24:48+01:00,2026-07-22T13:24:48+01:00,46522,1347252,1300730,3.45,46522,0,"[ ☀️ 46 / 1,347 ]",measured,
2a37130907cb9d11f71959aee5d707f1b4023b0d,353,2026-07-22T13:33:42+01:00,2026-07-22T13:33:42+01:00,46522,1347252,1300730,3.45,46522,0,"[ ☀️ 46 / 1,347 ]",measured,
a94e64aa89a955d872eaa75a833d2b322caaf9a5,354,2026-07-22T14:03:51+01:00,2026-07-22T14:03:51+01:00,46612,1347252,1300640,3.46,46612,0,"[ ☀️ 46 / 1,347 ]",measured,
5cf356bb022a3593d7618db98538785ef2f5912c,355,2026-07-22T14:08:12+01:00,2026-07-22T14:08:12+01:00,46612,1347252,1300640,3.46,46612,0,"[ ☀️ 46 / 1,347 ]",measured,
e71a9c53705a83278ae01d63e8685c5da4227c79,356,2026-07-22T14:34:10+01:00,2026-07-22T14:34:10+01:00,46612,1347252,1300640,3.46,46612,0,"[ ☀️ 46 / 1,347 ]",measured,
6c47c6c9963fb98ffade1b5aeb11db6f53f7a238,357,2026-07-22T14:38:55+01:00,2026-07-22T14:38:55+01:00,46612,1347252,1300640,3.46,46612,0,"[ ☀️ 46 / 1,347 ]",measured,
b6725c3e33b6b80817595ebec84404992cbc25f8,358,2026-07-22T14:39:28+01:00,2026-07-22T14:39:28+01:00,46612,1347252,1300640,3.46,46612,0,"[ ☀️ 46 / 1,347 ]",measured,
2b42619cd5659acaa7fbef58251f10b57a76997c,359,2026-07-22T14:51:22+01:00,2026-07-22T14:51:22+01:00,46666,1347252,1300586,3.46,46666,0,"[ ☀️ 46 / 1,347 ]",measured,
a35e2a61c45c52cf8f2b986e17428e61ca7cb53d,360,2026-07-22T14:55:35+01:00,2026-07-22T14:55:35+01:00,46666,1347252,1300586,3.46,46666,0,"[ ☀️ 46 / 1,347 ]",measured,
f2a6cf2e2f25e601bbd7464e63d59895b087de7a,361,2026-07-22T14:59:40+01:00,2026-07-22T14:59:40+01:00,46666,1347252,1300586,3.46,46666,0,"[ ☀️ 46 / 1,347 ]",measured,
63c0fd50387e405ca2085dc62e37d1e9f945da37,362,2026-07-22T15:29:07+01:00,2026-07-22T15:29:07+01:00,46666,1347252,1300586,3.46,46666,0,"[ ☀️ 46 / 1,347 ]",measured,
5a8ab86866f096e99377acfd2177e33d0bb2e0a0,363,2026-07-22T15:31:48+01:00,2026-07-22T15:31:48+01:00,46666,1347252,1300586,3.46,46666,0,"[ ☀️ 46 / 1,347 ]",measured,
f389f97000b654cb418227a3bb385ea7663f8577,364,2026-07-22T15:34:45+01:00,2026-07-22T15:34:45+01:00,46666,1347252,1300586,3.46,46666,0,"[ ☀️ 46 / 1,347 ]",measured,
e135cf73af65bd7ec4212861d0cdf2fe9e4eb686,365,2026-07-22T15:45:28+01:00,2026-07-22T15:45:49+01:00,46754,1347252,1300498,3.47,46754,0,"[ ☀️ 46 / 1,347 ]",measured,
f67c54043601c15aba25293e8060dabb4dc2eb52,366,2026-07-22T15:51:11+01:00,2026-07-22T15:51:11+01:00,46754,1347252,1300498,3.47,46754,0,"[ ☀️ 46 / 1,347 ]",measured,
9b357ef0cdd0194ede9a883eec2691a981181e10,367,2026-07-22T15:56:12+01:00,2026-07-22T15:56:12+01:00,46754,1347252,1300498,3.47,46754,0,"[ ☀️ 46 / 1,347 ]",measured,
1cdf2502a6003e0175e912691c8cde3e708b2a1c,368,2026-07-22T16:00:47+01:00,2026-07-22T16:00:47+01:00,46754,1347252,1300498,3.47,46754,0,"[ ☀️ 46 / 1,347 ]",measured,
7be664c399d6b92dc93722a39a4e62f49a54f61e,369,2026-07-22T16:23:49+01:00,2026-07-22T16:23:49+01:00,46754,1347252,1300498,3.47,46754,0,"[ ☀️ 46 / 1,347 ]",measured,
e6f5d99fdea11fb7cebcb01cd35e8242f4ee8253,370,2026-07-22T16:24:27+01:00,2026-07-22T16:24:27+01:00,46754,1347252,1300498,3.47,46754,0,"[ ☀️ 46 / 1,347 ]",measured,
a809b8ecb78ee22a61aa130f157b3d7eff597e84,371,2026-07-22T17:30:37+01:00,2026-07-22T17:30:37+01:00,47108,1347252,1300144,3.5,47108,0,"[ ☀️ 47 / 1,347 ]",measured,
02eee92136e4d48f98567ad1d514d3bdf8f43c5a,372,2026-07-22T17:32:39+01:00,2026-07-22T17:32:39+01:00,47108,1347252,1300144,3.5,47108,0,"[ ☀️ 47 / 1,347 ]",measured,
02226a62386cc6772b965f05728f3d588c8f8d44,373,2026-07-22T17:33:07+01:00,2026-07-22T17:33:07+01:00,47108,1347252,1300144,3.5,47108,0,"[ ☀️ 47 / 1,347 ]",measured,
d9a4b8abb5a6f5c926bc0d7d3a30224121ea1942,374,2026-07-22T17:40:21+01:00,2026-07-22T17:40:21+01:00,47108,1347252,1300144,3.5,47108,0,"[ ☀️ 47 / 1,347 ]",measured,
16a6c6c235c528936252c8639f8686365cfe5eb0,375,2026-07-22T17:44:46+01:00,2026-07-22T17:44:46+01:00,47108,1347252,1300144,3.5,47108,0,"[ ☀️ 47 / 1,347 ]",measured,
c38d5ef0d4915e1e2741ba8d281b8fe9ea0501db,376,2026-07-22T19:13:30+01:00,2026-07-22T19:13:30+01:00,47220,1347252,1300032,3.5,47220,0,"[ ☀️ 47 / 1,347 ]",measured,
9cf5255d680e30577ad98e1afd8059b0f765486f,377,2026-07-22T19:13:45+01:00,2026-07-22T19:13:45+01:00,47220,1347252,1300032,3.5,47220,0,"[ ☀️ 47 / 1,347 ]",measured,
eba70b0b900a4894607296dbe792cb9d85fe473f,378,2026-07-22T19:24:34+01:00,2026-07-22T19:24:34+01:00,47220,1347252,1300032,3.5,47220,0,"[ ☀️ 47 / 1,347 ]",measured,
cd59371773b4ca112f3cbd5dc9b93fb44e475305,379,2026-07-22T20:37:36+01:00,2026-07-22T20:37:36+01:00,47220,1347252,1300032,3.5,47220,0,"[ ☀️ 47 / 1,347 ]",measured,
bbedfaf5b7cdf3450c452a75acf6231c75181b54,380,2026-07-22T20:52:29+01:00,2026-07-22T20:52:29+01:00,47220,1347252,1300032,3.5,47220,0,"[ ☀️ 47 / 1,347 ]",measured,
82023a72f45843d2dad7ac7cfb0c1c990520f460,381,2026-07-22T21:04:38+01:00,2026-07-22T21:04:38+01:00,47220,1347252,1300032,3.5,47220,0,"[ ☀️ 47 / 1,347 ]",measured,
206ed0b066081de364228564c04c93f15306bf84,382,2026-07-22T21:05:55+01:00,2026-07-22T21:05:55+01:00,47452,1347252,1299800,3.52,47452,0,"[ ☀️ 47 / 1,347 ]",measured,
67ddacf319c75975ae18e660f054798fb95af852,383,2026-07-22T21:11:00+01:00,2026-07-22T21:11:00+01:00,47452,1347252,1299800,3.52,47452,0,"[ ☀️ 47 / 1,347 ]",measured,
79485ceefc895af295e33f98d5fc4acfc6dc1848,384,2026-07-22T21:16:05+01:00,2026-07-22T21:16:05+01:00,47452,1347252,1299800,3.52,47452,0,"[ ☀️ 47 / 1,347 ]",measured,
4a7868de223d30f58bb4f31307a540d6a39c4834,385,2026-07-22T21:17:59+01:00,2026-07-22T21:17:59+01:00,47452,1347252,1299800,3.52,47452,0,"[ ☀️ 47 / 1,347 ]",measured,
00d224398bb28dbe6715f27b779aaa0050d7006b,386,2026-07-22T21:25:48+01:00,2026-07-22T21:25:48+01:00,47560,1347252,1299692,3.53,47560,0,"[ ☀️ 47 / 1,347 ]",measured,
b3a5227d9623046151d9104eda2071c96b475913,387,2026-07-22T21:35:07+01:00,2026-07-22T21:35:07+01:00,47560,1347252,1299692,3.53,47560,0,"[ ☀️ 47 / 1,347 ]",measured,
d0188718c813f732697aa1946c44bec6822d6228,388,2026-07-22T21:36:53+01:00,2026-07-22T21:36:53+01:00,47640,1347252,1299612,3.54,47640,0,"[ ☀️ 47 / 1,347 ]",measured,
a57323b819df4d9a673f368be73ae9bc8608a96d,389,2026-07-22T21:41:40+01:00,2026-07-22T21:41:40+01:00,47640,1347252,1299612,3.54,47640,0,"[ ☀️ 47 / 1,347 ]",measured,
ab6b461a2488497633dcc6b43436c21b20d29fbb,390,2026-07-22T21:43:14+01:00,2026-07-22T21:43:14+01:00,47640,1347252,1299612,3.54,47640,0,"[ ☀️ 47 / 1,347 ]",measured,
e847519e8dbab1a6ade2095c18f81ff4339f3316,391,2026-07-22T21:54:52+01:00,2026-07-22T21:54:52+01:00,47640,1347252,1299612,3.54,47640,0,"[ ☀️ 47 / 1,347 ]",measured,
a01b395f85baf98b7ca3f85cd46f0b5321a82249,392,2026-07-22T22:18:18+01:00,2026-07-22T22:18:18+01:00,47748,1347252,1299504,3.54,47748,0,"[ ☀️ 47 / 1,347 ]",measured,
67a376621d54041c900bf39d49355a5e9e5fbc80,393,2026-07-22T22:40:03+01:00,2026-07-22T22:40:03+01:00,47864,1347252,1299388,3.55,47864,0,"[ ☀️ 47 / 1,347 ]",measured,
997dcc01f3073197621f5ca736cb0799a527341f,394,2026-07-22T22:43:55+01:00,2026-07-22T22:43:55+01:00,47984,1347252,1299268,3.56,47984,0,"[ ☀️ 47 / 1,347 ]",measured,
12a7c2bde7c2dee64a1bb048c54f720d5a9772f2,395,2026-07-22T22:56:21+01:00,2026-07-22T22:56:21+01:00,47984,1347252,1299268,3.56,47984,0,"[ ☀️ 47 / 1,347 ]",measured,
d0587cbc6b04306981478e7d271e0d6037c0f079,396,2026-07-22T23:06:47+01:00,2026-07-22T23:06:47+01:00,48046,1347252,1299206,3.57,48046,0,"[ ☀️ 48 / 1,347 ]",measured,
63a201721fe8f170b60a59a2031149f65ecde4f1,397,2026-07-22T23:27:27+01:00,2026-07-22T23:27:27+01:00,48324,1347252,1298928,3.59,48324,0,"[ ☀️ 48 / 1,347 ]",measured,
d66a3bfbc51d274882657244b7c27ddb5937dbee,398,2026-07-22T23:42:41+01:00,2026-07-22T23:42:41+01:00,48684,1347252,1298568,3.61,48684,0,"[ ☀️ 48 / 1,347 ]",measured,
95884f20648f4ffd0974fc19368cc1c8e057b9ed,399,2026-07-22T23:52:15+01:00,2026-07-22T23:52:15+01:00,48746,1347252,1298506,3.62,48746,0,"[ ☀️ 48 / 1,347 ]",measured,
d239cc11721ae7c9cc0acffce57c4d08e8333b66,400,2026-07-23T00:00:31+01:00,2026-07-23T00:00:31+01:00,49178,1347252,1298074,3.65,49178,0,"[ ☀️ 49 / 1,347 ]",measured,
b30e3a1b77d085ecc2f693d6bd075d2f86e5dcd7,401,2026-07-23T00:07:28+01:00,2026-07-23T00:07:28+01:00,49404,1347252,1297848,3.67,49404,0,"[ ☀️ 49 / 1,347 ]",measured,
2878bb21113e237d3ca979a090a12683887aac4d,402,2026-07-23T00:16:29+01:00,2026-07-23T00:16:29+01:00,49466,1347252,1297786,3.67,49466,0,"[ ☀️ 49 / 1,347 ]",measured,
3aac748f56723820cb544125efd3bb481334895d,403,2026-07-23T00:28:26+01:00,2026-07-23T00:28:26+01:00,49638,1347252,1297614,3.68,49638,0,"[ ☀️ 49 / 1,347 ]",measured,
d6eaea619b5f0e8f39228a29e829f079a32ad48f,404,2026-07-23T01:22:44+01:00,2026-07-23T01:22:44+01:00,49790,1347252,1297462,3.7,49790,0,"[ ☀️ 49 / 1,347 ]",measured,
2dca42af45b332a288315396465bec32e3d7e565,405,2026-07-23T01:33:02+01:00,2026-07-23T01:33:02+01:00,50236,1347252,1297016,3.73,50236,0,"[ ☀️ 50 / 1,347 ]",measured,
40e9fe86ccd9b6b011b3f6a8fd29624a0bff22ec,406,2026-07-23T01:45:58+01:00,2026-07-23T01:45:58+01:00,50532,1347252,1296720,3.75,50532,0,"[ ☀️ 50 / 1,347 ]",measured,
106a2b9490dd2659ff4cd7625a7e8b7f54abc518,407,2026-07-23T01:57:57+01:00,2026-07-23T01:57:57+01:00,50696,1347252,1296556,3.76,50696,0,"[ ☀️ 50 / 1,347 ]",measured,
c32bd3bc8db4ce8f157ddb7c6912418012c7a359,408,2026-07-23T02:07:53+01:00,2026-07-23T02:07:53+01:00,50912,1347252,1296340,3.78,50912,0,"[ ☀️ 50 / 1,347 ]",measured,
cee1eefa55029956dd641e58d0556886e66585b2,409,2026-07-23T02:17:15+01:00,2026-07-23T02:17:15+01:00,51080,1347252,1296172,3.79,51080,0,"[ ☀️ 51 / 1,347 ]",measured,
7454e2c0cdbb5e3578754e8e6230bbd8a8ad26db,410,2026-07-23T02:30:29+01:00,2026-07-23T02:30:29+01:00,51386,1347252,1295866,3.81,51386,0,"[ ☀️ 51 / 1,347 ]",measured,
bc4bb3a9107e9343b8bcf24590bdb4ca8a2d3f7a,411,2026-07-23T03:07:10+01:00,2026-07-23T03:07:10+01:00,51834,1347252,1295418,3.85,51834,0,"[ ☀️ 51 / 1,347 ]",measured,
7d36446692445b784fc459b17192e7f848b6550b,412,2026-07-23T03:16:30+01:00,2026-07-23T03:16:30+01:00,52170,1347252,1295082,3.87,52170,0,"[ ☀️ 52 / 1,347 ]",measured,
7df019d8ae3cfc55b9e936951594827bcd3433c9,413,2026-07-23T03:26:47+01:00,2026-07-23T03:26:47+01:00,52982,1347252,1294270,3.93,52982,0,"[ ☀️ 52 / 1,347 ]",measured,
45ac93a0134624df657f658f12905815554b6e35,414,2026-07-23T03:44:12+01:00,2026-07-23T03:44:12+01:00,53654,1347252,1293598,3.98,53654,0,"[ ☀️ 53 / 1,347 ]",measured,
46f69658203b8333cb397f8913bba3dde4aa49fb,415,2026-07-23T04:05:03+01:00,2026-07-23T04:05:03+01:00,53858,1347252,1293394,4,53858,0,"[ ☀️ 53 / 1,347 ]",measured,
33219773d7e898dd47b0e7982a505878c7c39530,416,2026-07-23T04:24:37+01:00,2026-07-23T04:24:37+01:00,53954,1347252,1293298,4,53954,0,"[ ☀️ 53 / 1,347 ]",measured,
01b23c3f1f888fc6109b3156592e884339e1f6bb,417,2026-07-23T04:35:38+01:00,2026-07-23T04:35:38+01:00,54114,1347252,1293138,4.02,54114,0,"[ ☀️ 54 / 1,347 ]",measured,
ed58416861974f706435a076f6a1446f429451d1,418,2026-07-23T04:42:20+01:00,2026-07-23T04:42:20+01:00,54198,1347252,1293054,4.02,54198,0,"[ ☀️ 54 / 1,347 ]",measured,
2fb0c88399506823134466574725513f182fe494,419,2026-07-23T04:45:58+01:00,2026-07-23T04:45:58+01:00,54398,1347252,1292854,4.04,54398,0,"[ ☀️ 54 / 1,347 ]",measured,
b51a1ca0fe6517b38b1e9d575eebf59f362ab760,420,2026-07-23T05:02:18+01:00,2026-07-23T05:02:18+01:00,54556,1347252,1292696,4.05,54556,0,"[ ☀️ 54 / 1,347 ]",measured,
a266c32e3b70ec9ba4878cfc75d627948a61d9bd,421,2026-07-23T05:06:25+01:00,2026-07-23T05:06:25+01:00,54644,1347252,1292608,4.06,54644,0,"[ ☀️ 54 / 1,347 ]",measured,
9c3f4a713ae87ad715b6ad6d74b2fc5dd7859c59,422,2026-07-23T05:16:00+01:00,2026-07-23T05:16:00+01:00,54968,1347252,1292284,4.08,54968,0,"[ ☀️ 54 / 1,347 ]",measured,
c5351f7e61ca4e98e29850f0d55a1e36d3db4577,423,2026-07-23T05:24:05+01:00,2026-07-23T05:24:05+01:00,55518,1347252,1291734,4.12,55518,0,"[ ☀️ 55 / 1,347 ]",measured,
071f87ddf891e700e1dcfc52043b776e5baed504,424,2026-07-23T05:32:45+01:00,2026-07-23T05:32:45+01:00,55880,1347252,1291372,4.15,55880,0,"[ ☀️ 55 / 1,347 ]",measured,
65c2100a4e28535d5cfbf3e85dabd1767f5fcd7f,425,2026-07-23T05:42:00+01:00,2026-07-23T05:42:00+01:00,56050,1347252,1291202,4.16,56050,0,"[ ☀️ 56 / 1,347 ]",measured,
7481a5477fb35c0e05026337b81de49d8d647d19,426,2026-07-23T06:18:40+01:00,2026-07-23T06:18:40+01:00,58232,1347252,1289020,4.32,58232,0,"[ ☀️ 58 / 1,347 ]",measured,
885717b8d90fb0de8ff0b97c4b12a3aa697c3819,427,2026-07-23T06:47:19+01:00,2026-07-23T06:47:19+01:00,59232,1347252,1288020,4.4,59232,0,"[ ☀️ 59 / 1,347 ]",measured,
8981bcfe8cbc6f16053ce1f5cef37dde32aa12c0,428,2026-07-23T07:34:32+01:00,2026-07-23T07:34:32+01:00,61352,1347252,1285900,4.55,61352,0,"[ ☀️ 61 / 1,347 ]",measured,
0af7bfaedb99e8888f61497111d3649e5dd920e9,429,2026-07-23T08:06:25+01:00,2026-07-23T08:06:25+01:00,61918,1347252,1285334,4.6,61918,0,"[ ☀️ 61 / 1,347 ]",measured,
1701127b2e9ce51b7247fb7eba726bf3a08b230f,430,2026-07-23T08:20:03+01:00,2026-07-23T08:20:03+01:00,62230,1347252,1285022,4.62,62230,0,"[ ☀️ 62 / 1,347 ]",measured,
d27766d7a97921d4dec63fa4ba86d9ca63b9e90c,431,2026-07-23T08:32:21+01:00,2026-07-23T08:32:21+01:00,62670,1347252,1284582,4.65,62670,0,"[ ☀️ 62 / 1,347 ]",measured,
957d767f47d5c0f63f30c8832bd5137f9ca4a1c5,432,2026-07-23T08:49:03+01:00,2026-07-23T08:49:03+01:00,62670,1347252,1284582,4.65,62670,0,"[ ☀️ 62 / 1,347 ]",measured,
4f1e7e17bd669d58c4b56bebfa2c631f3903a66a,433,2026-07-23T09:54:53+01:00,2026-07-23T09:54:53+01:00,64296,1347252,1282956,4.77,64296,0,"[ ☀️ 64 / 1,347 ]",measured,
939309c21a268bc18e821ece23b9201333b7a753,434,2026-07-23T10:30:16+01:00,2026-07-23T10:30:16+01:00,65160,1347252,1282092,4.84,65160,0,"[ ☀️ 65 / 1,347 ]",measured,
8069316a5997846fb0cb65f6fcc42f84f5732cea,435,2026-07-23T10:40:19+01:00,2026-07-23T10:40:19+01:00,65328,1347252,1281924,4.85,65328,0,"[ ☀️ 65 / 1,347 ]",measured,
316a8a2cea3494554223859f93afe7a8800b1743,436,2026-07-23T10:46:04+01:00,2026-07-23T10:46:04+01:00,65388,1347252,1281864,4.85,65388,0,"[ ☀️ 65 / 1,347 ]",measured,
7b366e4e4bcf87c23272638308038528ee289bdb,437,2026-07-23T11:00:35+01:00,2026-07-23T11:00:35+01:00,65536,1347252,1281716,4.86,65536,0,"[ ☀️ 65 / 1,347 ]",measured,
b064ebf7ab107681d18cac71e0f7b505cee49f37,438,2026-07-23T11:18:38+01:00,2026-07-23T11:18:38+01:00,65836,1347252,1281416,4.89,65836,0,"[ ☀️ 65 / 1,347 ]",measured,
251d9376680368ca1a52c38d8a3ca936b2a0bcfe,439,2026-07-23T11:47:02+01:00,2026-07-23T11:47:02+01:00,65992,1347252,1281260,4.9,65992,0,"[ ☀️ 65 / 1,347 ]",measured,
564b7cae483fdf3109108b0c6df3ac1008b83a7c,440,2026-07-23T12:27:54+01:00,2026-07-23T12:27:54+01:00,65992,1347252,1281260,4.9,65992,0,"[ ☀️ 65 / 1,347 ]",measured,
fc20abc2e4f04a3d53d3bc96fb68b2422e7a9092,441,2026-07-23T14:50:05+01:00,2026-07-23T16:55:52+01:00,65992,1347252,1281260,4.9,65992,0,"[ ☀️ 65 / 1,347 ]",measured,
046d946c00edd99fab8a32c76fd14a3485ca7e86,442,2026-07-23T15:07:59+01:00,2026-07-23T16:55:53+01:00,65992,1347252,1281260,4.9,65992,0,"[ ☀️ 65 / 1,347 ]",measured,
a168964ad214a43b8925316c4fcda4b53d5c7fbf,443,2026-07-23T15:08:14+01:00,2026-07-23T16:55:53+01:00,65992,1347252,1281260,4.9,65992,0,"[ ☀️ 65 / 1,347 ]",measured,
577f83a072fafd4d05b3195bc0a2c473a651623f,444,2026-07-23T15:19:31+01:00,2026-07-23T16:55:53+01:00,65992,1347252,1281260,4.9,65992,0,"[ ☀️ 65 / 1,347 ]",measured,
fde6186dc4bd1ca3042e3db8fadecb13ba837c57,445,2026-07-23T15:27:56+01:00,2026-07-23T16:55:53+01:00,65992,1347252,1281260,4.9,65992,0,"[ ☀️ 65 / 1,347 ]",measured,
f846186381c5e857e32a4cd84dd70f59d1633e75,446,2026-07-23T16:19:10+01:00,2026-07-23T16:55:55+01:00,70514,1347252,1276738,5.23,65992,4522,"[ ☀️ 70 / 1,347 ]",measured,
cf515238671b28ea8b9f2e4898c5654b90d9c768,447,2026-07-23T16:21:28+01:00,2026-07-23T16:55:55+01:00,70514,1347252,1276738,5.23,65992,4522,"[ ☀️ 70 / 1,347 ]",measured,
af87adc2f9d6bf00d2dd0b506fdd2b7120ee1094,448,2026-07-23T16:25:11+01:00,2026-07-23T16:55:56+01:00,70514,1347252,1276738,5.23,65992,4522,"[ ☀️ 70 / 1,347 ]",measured,
8cc44ef12dd86cce8f1d0b697fef34ccc5ef5917,449,2026-07-23T16:28:03+01:00,2026-07-23T16:55:56+01:00,70514,1347252,1276738,5.23,65992,4522,"[ ☀️ 70 / 1,347 ]",measured,
40d27cd982fc9a293fc83924c6120ebc889e0cd1,450,2026-07-23T16:30:05+01:00,2026-07-23T16:55:56+01:00,70514,1347252,1276738,5.23,65992,4522,"[ ☀️ 70 / 1,347 ]",measured,
c5633e7447838d10ba4e5f85a6c401a37038ca0c,451,2026-07-23T16:33:34+01:00,2026-07-23T16:55:56+01:00,70514,1347252,1276738,5.23,65992,4522,"[ ☀️ 70 / 1,347 ]",measured,
f872662de283de18ebeb71875d5a636576b258ce,452,2026-07-23T16:34:53+01:00,2026-07-23T16:55:56+01:00,70514,1347252,1276738,5.23,65992,4522,"[ ☀️ 70 / 1,347 ]",measured,
2b8cb37c939f21064acb5d1c8404e8d59abf7ad2,453,2026-07-23T16:36:18+01:00,2026-07-23T16:55:56+01:00,70514,1347252,1276738,5.23,65992,4522,"[ ☀️ 70 / 1,347 ]",measured,
bc52d33c5597aa84d00fd51419c16c1305654d9f,454,2026-07-23T16:40:25+01:00,2026-07-23T16:55:56+01:00,70514,1347252,1276738,5.23,65992,4522,"[ ☀️ 70 / 1,347 ]",measured,
6937cbb12577864efc6528ac9389c5207dd6785b,455,2026-07-23T16:41:42+01:00,2026-07-23T16:55:56+01:00,70514,1347252,1276738,5.23,65992,4522,"[ ☀️ 70 / 1,347 ]",measured,
1e21b452193c9c4362806375334f768f2c73c941,456,2026-07-23T16:43:09+01:00,2026-07-23T16:55:56+01:00,70514,1347252,1276738,5.23,65992,4522,"[ ☀️ 70 / 1,347 ]",measured,
8e2f80d6b14dae4ab937d2dd3c9010919f16304d,457,2026-07-23T17:00:52+01:00,2026-07-23T17:00:52+01:00,70514,1347252,1276738,5.23,65992,4522,"[ ☀️ 70 / 1,347 ]",measured,
a80085f6817ed65c2cf74c26dec9297e26a3b835,458,2026-07-23T17:32:14+01:00,2026-07-23T17:32:26+01:00,70538,1347252,1276714,5.24,66016,4522,"[ ☀️ 70 / 1,347 ]",measured,
57de441d316ce49b56c7e687ca7e568b3dc3d970,459,2026-07-23T18:31:18+01:00,2026-07-23T18:31:18+01:00,70538,1347252,1276714,5.24,66016,4522,"[ ☀️ 70 / 1,347 ]",measured,
a65fb0376aa6b455b3be50bdf1f68b388badbe7e,460,2026-07-23T22:58:59Z,2026-07-23T22:58:59Z,70538,1347252,1276714,5.24,66016,4522,"[ ☀️ 70 / 1,347 ]",measured,
09593218478be1bf9f041e82cf359844818129f7,461,2026-07-24T08:30:45Z,2026-07-24T08:30:45Z,70730,1347252,1276522,5.25,66208,4522,"[ ☀️ 70 / 1,347 ]",measured,
b150c73915f05bcd4b3e275c1f3b49e17402cf2a,462,2026-07-24T08:31:55Z,2026-07-24T08:31:55Z,70730,1347252,1276522,5.25,66208,4522,"[ ☀️ 70 / 1,347 ]",measured,
fc47eb9239301aea738f4096f374eb245bbe69a3,463,2026-07-24T09:19:51Z,2026-07-24T09:19:51Z,71074,1347252,1276178,5.28,66552,4522,"[ ☀️ 71 / 1,347 ]",measured,
307aa60b8d8cf3df05b791d4a8208ff42b687b9d,464,2026-07-24T09:21:06Z,2026-07-24T09:21:06Z,71074,1347252,1276178,5.28,66552,4522,"[ ☀️ 71 / 1,347 ]",measured,
33dc4c78a40b36a702ea262d8fc9d5c20ff959a2,465,2026-07-24T10:26:07Z,2026-07-24T10:26:07Z,71846,1347252,1275406,5.33,67324,4522,"[ ☀️ 71 / 1,347 ]",measured,
b6103b4f57f67f303c628263353d97deccda2a07,466,2026-07-24T10:27:03Z,2026-07-24T10:27:03Z,71846,1347252,1275406,5.33,67324,4522,"[ ☀️ 71 / 1,347 ]",measured,
3120e29b59b0d6f5008f58af25893d45034019d1,467,2026-07-24T11:42:57Z,2026-07-24T11:42:57Z,72880,1347252,1274372,5.41,68358,4522,"[ ☀️ 72 / 1,347 ]",measured,
adf074386fcaba9c6f20951df5a64e55485604e7,468,2026-07-24T11:43:08Z,2026-07-24T11:43:08Z,72880,1347252,1274372,5.41,68358,4522,"[ ☀️ 72 / 1,347 ]",measured,
3f4342035179e88102aa8cc1dac21cf0aaef5f39,469,2026-07-24T11:43:48Z,2026-07-24T11:43:48Z,72880,1347252,1274372,5.41,68358,4522,"[ ☀️ 72 / 1,347 ]",measured,
3a3f286d4b20ba7825f3a010eb7f6253328ca85c,470,2026-07-24T13:57:55Z,2026-07-24T13:57:55Z,73740,1347252,1273512,5.47,69218,4522,"[ ☀️ 73 / 1,347 ]",measured,
37a96fd0156de80dcc5810f8ca2c2651b835aafb,471,2026-07-24T13:58:42Z,2026-07-24T13:58:42Z,73740,1347252,1273512,5.47,69218,4522,"[ ☀️ 73 / 1,347 ]",measured,
efaa7698994f9d04c5d8b16a44c2e71ea2029c46,472,2026-07-24T15:44:44Z,2026-07-24T15:44:44Z,74322,1347252,1272930,5.52,69800,4522,"[ ☀️ 74 / 1,347 ]",measured,
038ae5f3e04193ba53da37db021b8fed4aaac03f,473,2026-07-24T15:45:39Z,2026-07-24T15:45:39Z,74322,1347252,1272930,5.52,69800,4522,"[ ☀️ 74 / 1,347 ]",measured,
764c45184309f1535ab8aa742fd8926f2bf164e3,474,2026-07-24T17:51:03Z,2026-07-24T17:51:03Z,74790,1347252,1272462,5.55,70268,4522,"[ ☀️ 74 / 1,347 ]",measured,
e691e2c1b2ffe281e20b69c201e7fee1b7ba11da,475,2026-07-24T18:20:27Z,2026-07-24T18:20:27Z,74722,1347252,1272530,5.55,70200,4522,"[ ☀️ 74 / 1,347 ]",measured,measured C ownership decreased by 68 bytes; removed/reclassified paths: src/080f9ef8.c
98f1381997f3474cb6c56a46386c82b1ac327876,476,2026-07-24T18:35:14Z,2026-07-24T18:35:14Z,74782,1347252,1272470,5.55,70260,4522,"[ ☀️ 74 / 1,347 ]",measured,
f49ef00cefdd1ffa1153f7bef2a3cf19ccd35052,477,2026-07-24T18:44:48Z,2026-07-24T18:44:48Z,74910,1347252,1272342,5.56,70388,4522,"[ ☀️ 74 / 1,347 ]",measured,
f318063431d59c281b898e3c890a7103db83a2c6,478,2026-07-24T18:50:29Z,2026-07-24T18:50:29Z,74974,1347252,1272278,5.56,70452,4522,"[ ☀️ 74 / 1,347 ]",measured,
a39f69eeac75cb7bfa742cf41e13a1ef0dc46fd0,479,2026-07-24T18:54:13Z,2026-07-24T18:54:13Z,74974,1347252,1272278,5.56,70452,4522,"[ ☀️ 74 / 1,347 ]",measured,
3de74d554da11cfd2f7420e2cc9daf51d2c21ff9,480,2026-07-24T19:03:25Z,2026-07-24T19:03:25Z,75120,1347252,1272132,5.58,70598,4522,"[ ☀️ 75 / 1,347 ]",measured,
90e8834b3663a16431641feb284d4deec9c05965,481,2026-07-24T19:17:29Z,2026-07-24T19:17:29Z,75272,1347252,1271980,5.59,70750,4522,"[ ☀️ 75 / 1,347 ]",measured,
50db513327817ba7a881649bb6a62bf9ddc6598b,482,2026-07-24T19:23:11Z,2026-07-24T19:23:11Z,75378,1347252,1271874,5.59,70856,4522,"[ ☀️ 75 / 1,347 ]",measured,
fa728d2a1d688a9a54cc7561cd8f360341f1bee6,483,2026-07-24T19:24:53Z,2026-07-24T19:24:53Z,75378,1347252,1271874,5.59,70856,4522,"[ ☀️ 75 / 1,347 ]",measured,
1503c813b15a311c422323c96b84f1d3641fcd8b,484,2026-07-24T19:33:01Z,2026-07-24T19:33:01Z,75378,1347252,1271874,5.59,70856,4522,"[ ☀️ 75 / 1,347 ]",measured,
8b6d32f296792f90c254f7017175ae3262d80f9e,485,2026-07-24T19:51:33Z,2026-07-24T19:51:33Z,75422,1347252,1271830,5.6,70900,4522,"[ ☀️ 75 / 1,347 ]",measured,
0156c768d76643e50715800c74269ba2da5d1765,486,2026-07-24T20:03:11Z,2026-07-24T20:03:11Z,75618,1347252,1271634,5.61,71096,4522,"[ ☀️ 75 / 1,347 ]",measured,
455e92937fc4b472a64afbfcfd68e7708423e91d,487,2026-07-24T20:09:22Z,2026-07-24T20:09:22Z,75880,1347252,1271372,5.63,71358,4522,"[ ☀️ 75 / 1,347 ]",measured,
f225410e876e92db3d3f0796030c64f41d89d707,488,2026-07-24T20:16:05Z,2026-07-24T20:16:05Z,75960,1347252,1271292,5.64,71438,4522,"[ ☀️ 75 / 1,347 ]",measured,
aded24c7a3fb8efcf5bb5f32214cd36f25eb7cba,489,2026-07-24T20:26:09Z,2026-07-24T20:26:09Z,76024,1347252,1271228,5.64,71502,4522,"[ ☀️ 76 / 1,347 ]",measured,
5bd7b180e84692335336f28cd9543f57fc4dd4a6,490,2026-07-24T20:30:17Z,2026-07-24T20:30:17Z,76024,1347252,1271228,5.64,71502,4522,"[ ☀️ 76 / 1,347 ]",measured,
365a28d3567a8e043d8473bd88008ce2f7796d35,491,2026-07-24T20:37:39Z,2026-07-24T20:37:39Z,76108,1347252,1271144,5.65,71586,4522,"[ ☀️ 76 / 1,347 ]",measured,
aec23da905ec9eda646ee9ff832e229905217473,492,2026-07-24T20:46:44Z,2026-07-24T20:46:44Z,76248,1347252,1271004,5.66,71726,4522,"[ ☀️ 76 / 1,347 ]",measured,
c9d180581cf872d65c906edcd396973e036de15c,493,2026-07-24T20:56:54Z,2026-07-24T20:56:54Z,76380,1347252,1270872,5.67,71858,4522,"[ ☀️ 76 / 1,347 ]",measured,
0a14184b1e4f763bd70b3d1a1df31ca8221d8681,494,2026-07-24T21:09:37Z,2026-07-24T21:09:37Z,76556,1347252,1270696,5.68,72034,4522,"[ ☀️ 76 / 1,347 ]",measured,
41debd8b3b321a0e54066ae9d8d5b938aa475e7e,495,2026-07-24T21:22:04Z,2026-07-24T21:22:04Z,76556,1347252,1270696,5.68,72034,4522,"[ ☀️ 76 / 1,347 ]",measured,
7aeaca326086729acf2c98d5908f920f93e16f3e,496,2026-07-24T21:33:18Z,2026-07-24T21:33:18Z,76650,1347252,1270602,5.69,72128,4522,"[ ☀️ 76 / 1,347 ]",measured,
be3fce982e713f7f63671c01e3bc58299efbce24,497,2026-07-24T21:56:27Z,2026-07-24T21:56:27Z,77010,1347252,1270242,5.72,72488,4522,"[ ☀️ 77 / 1,347 ]",measured,
7ce215abae50164080f01582325d3bdb6458a840,498,2026-07-24T22:25:18Z,2026-07-24T22:25:18Z,77010,1347252,1270242,5.72,72488,4522,"[ ☀️ 77 / 1,347 ]",measured,
4f3368265b1c0b6d66cfbed8ab288ae28f117cbb,499,2026-07-24T22:30:41Z,2026-07-24T22:30:41Z,77010,1347252,1270242,5.72,72488,4522,"[ ☀️ 77 / 1,347 ]",measured,
a0dd11f881dd2f1e6f2729db1589fee44fcc59a4,500,2026-07-24T22:45:24Z,2026-07-24T22:45:24Z,77170,1347252,1270082,5.73,72648,4522,"[ ☀️ 77 / 1,347 ]",measured,
8b4ef24d9bb8e5f8737e0b06cf3336396c031fba,501,2026-07-24T22:51:12Z,2026-07-24T22:51:12Z,77170,1347252,1270082,5.73,72648,4522,"[ ☀️ 77 / 1,347 ]",measured,
9820b4209059c5bc82677715ada712678f7a7208,502,2026-07-24T22:54:06Z,2026-07-24T22:54:06Z,77170,1347252,1270082,5.73,72648,4522,"[ ☀️ 77 / 1,347 ]",measured,
d2a3b267ea04396c3e784ff3c10b52193621cfe5,503,2026-07-24T22:58:44Z,2026-07-24T22:58:44Z,77170,1347252,1270082,5.73,72648,4522,"[ ☀️ 77 / 1,347 ]",measured,
a9ecbdd1f4c017f604d99560b7c35c33be2b30c2,504,2026-07-24T23:01:24Z,2026-07-24T23:01:24Z,77266,1347252,1269986,5.74,72744,4522,"[ ☀️ 77 / 1,347 ]",measured,
9c4fa8348413318671464dfb623a742e9f1ff003,505,2026-07-24T23:13:57Z,2026-07-24T23:13:57Z,77368,1347252,1269884,5.74,72846,4522,"[ ☀️ 77 / 1,347 ]",measured,
c5ec86654023e7be9c69b7aec7c01e89d963f799,506,2026-07-24T23:32:46Z,2026-07-24T23:32:46Z,77544,1347252,1269708,5.76,73022,4522,"[ ☀️ 77 / 1,347 ]",measured,
669933aa2fd09c53b8b0e6c2713b3a1d4e6c6cec,507,2026-07-24T23:39:56Z,2026-07-24T23:39:56Z,77544,1347252,1269708,5.76,73022,4522,"[ ☀️ 77 / 1,347 ]",measured,
9db80a6f012c34c0daad630ce5c7951c22c69901,508,2026-07-24T23:43:49Z,2026-07-24T23:43:49Z,77648,1347252,1269604,5.76,73126,4522,"[ ☀️ 77 / 1,347 ]",measured,
7677624e06f8d1f90f25b594c1ad782934dd2375,509,2026-07-24T23:47:57Z,2026-07-24T23:47:57Z,77648,1347252,1269604,5.76,73126,4522,"[ ☀️ 77 / 1,347 ]",measured,
7178e0b0319e9608a82fa53d263e821247763fcc,510,2026-07-24T23:50:19Z,2026-07-24T23:50:19Z,77712,1347252,1269540,5.77,73190,4522,"[ ☀️ 77 / 1,347 ]",measured,
7477517d7b64c6462a01cf3cc0d87a53784fba59,511,2026-07-25T00:09:57Z,2026-07-25T00:09:57Z,77836,1347252,1269416,5.78,73314,4522,"[ ☀️ 77 / 1,347 ]",measured,
04aaa248828bda8bd84c89fc5350aa36cedb2d03,512,2026-07-25T00:14:10Z,2026-07-25T00:14:10Z,77968,1347252,1269284,5.79,73446,4522,"[ ☀️ 77 / 1,347 ]",measured,
6ea02651ba9c037bcce8e328d6d31b11a69c9217,513,2026-07-25T00:19:48Z,2026-07-25T00:19:48Z,78088,1347252,1269164,5.8,73566,4522,"[ ☀️ 78 / 1,347 ]",measured,
7e6c2f5bf7509cbbc5dd185fd7e80404a148b7b3,514,2026-07-25T00:43:29Z,2026-07-25T00:43:29Z,79066,1347252,1268186,5.87,73566,5500,"[ ☀️ 79 / 1,347 ]",measured,
12833fdd96dfb419e927feb8a73b693a2be8f9a0,515,2026-07-25T01:01:17Z,2026-07-25T01:01:17Z,79294,1347252,1267958,5.89,73566,5728,"[ ☀️ 79 / 1,347 ]",measured,
4b7aee528e12781e346d4aadffb726a66a6fc8cb,516,2026-07-25T01:03:10Z,2026-07-25T01:03:10Z,79294,1347252,1267958,5.89,73566,5728,"[ ☀️ 79 / 1,347 ]",measured,
6aa255bf982422ee81e3111d4cbd9d21122d9c13,517,2026-07-25T01:08:11Z,2026-07-25T01:08:11Z,79294,1347252,1267958,5.89,73566,5728,"[ ☀️ 79 / 1,347 ]",measured,
8f54eaea38d00d567ecf46f854415e7969f52164,518,2026-07-25T01:20:54Z,2026-07-25T01:20:54Z,79294,1347252,1267958,5.89,73566,5728,"[ ☀️ 79 / 1,347 ]",measured,
83d9d087250d8660864e29bd2bcb9382996c95ed,519,2026-07-25T01:21:12Z,2026-07-25T01:21:12Z,79690,1347252,1267562,5.92,73566,6124,"[ ☀️ 79 / 1,347 ]",measured,
dbc5760937e83a5d43b156e4c53cc09dedcf062a,520,2026-07-25T01:31:37Z,2026-07-25T01:31:37Z,79690,1347252,1267562,5.92,73566,6124,"[ ☀️ 79 / 1,347 ]",measured,
c65af334d08efb4760e6003f22b650fb6d5f72c5,521,2026-07-25T01:31:37Z,2026-07-25T01:31:37Z,79690,1347252,1267562,5.92,73566,6124,"[ ☀️ 79 / 1,347 ]",measured,
93a7a8b8654d40f26ebc81a19bbf5184be17f082,522,2026-07-25T01:39:58Z,2026-07-25T01:39:58Z,80054,1347252,1267198,5.94,73566,6488,"[ ☀️ 80 / 1,347 ]",measured,
6943794d11eb618569f943448b2700b44937a75f,523,2026-07-25T01:43:04Z,2026-07-25T01:43:04Z,80054,1347252,1267198,5.94,73566,6488,"[ ☀️ 80 / 1,347 ]",measured,
bbbc4a45eabc911d305a03b0e83a12081cfb43b3,524,2026-07-25T01:44:51Z,2026-07-25T01:44:51Z,80054,1347252,1267198,5.94,73566,6488,"[ ☀️ 80 / 1,347 ]",measured,
8d6beee211eccf74b339eec048145ac2cce958b2,525,2026-07-25T02:02:31Z,2026-07-25T02:02:31Z,80054,1347252,1267198,5.94,73566,6488,"[ ☀️ 80 / 1,347 ]",measured,
048955d3f4cfb7089364af9fb9aef2191278e09a,526,2026-07-25T02:05:23Z,2026-07-25T02:05:23Z,80054,1347252,1267198,5.94,73566,6488,"[ ☀️ 80 / 1,347 ]",measured,
7dc5fa0b4014c8f007e84ec2074c6052928925a3,527,2026-07-25T02:42:20Z,2026-07-25T02:42:20Z,80108,1347252,1267144,5.95,73566,6542,"[ ☀️ 80 / 1,347 ]",measured,
5ce42637477321d44b858161b1798e6625099bd6,528,2026-07-25T02:56:43Z,2026-07-25T02:56:43Z,80108,1347252,1267144,5.95,73566,6542,"[ ☀️ 80 / 1,347 ]",measured,
6c24872a0e3de85405958db06f5de9adbf6b3789,529,2026-07-25T03:01:23Z,2026-07-25T03:01:23Z,80108,1347252,1267144,5.95,73566,6542,"[ ☀️ 80 / 1,347 ]",measured,
bd1896f966556e023cbba7f3e5e39def2e29e89c,530,2026-07-25T03:04:49Z,2026-07-25T03:04:49Z,80108,1347252,1267144,5.95,73566,6542,"[ ☀️ 80 / 1,347 ]",measured,
8f4b063a7ef7ebaf6adf0c88a99881a3a0104db7,531,2026-07-25T03:06:28Z,2026-07-25T03:06:28Z,80108,1347252,1267144,5.95,73566,6542,"[ ☀️ 80 / 1,347 ]",measured,
a8bf26ffe86af4f132e73636a8bc315665f444cd,532,2026-07-25T03:11:51Z,2026-07-25T03:11:51Z,80108,1347252,1267144,5.95,73566,6542,"[ ☀️ 80 / 1,347 ]",measured,
5356c66ec6640dc3fbc07531b0ad43b598ff1015,533,2026-07-25T03:17:13Z,2026-07-25T03:17:13Z,80108,1347252,1267144,5.95,73566,6542,"[ ☀️ 80 / 1,347 ]",measured,
1f7fff8ce8167d20cb9d3eb30894f920ea8baefb,534,2026-07-25T03:17:45Z,2026-07-25T03:17:45Z,80108,1347252,1267144,5.95,73566,6542,"[ ☀️ 80 / 1,347 ]",measured,
4a6bb39618315df69886a1f020c443528f90fc2c,535,2026-07-25T03:18:34Z,2026-07-25T03:18:34Z,80108,1347252,1267144,5.95,73566,6542,"[ ☀️ 80 / 1,347 ]",measured,
29cd22233741a6331d0a532b73db6393499734df,536,2026-07-25T09:55:59+01:00,2026-07-25T09:55:59+01:00,80108,1347252,1267144,5.95,73566,6542,"[ ☀️ 80 / 1,347 ]",measured,
3df2aa2cfd24c385c068fc65e92bdbc507cdfe31,537,2026-07-25T14:54:24+01:00,2026-07-25T14:54:24+01:00,80108,1347252,1267144,5.95,73566,6542,"[ ☀️ 80 / 1,347 ]",measured,
1506615a144aea1da9d85f0036f669ff802d2473,538,2026-07-25T15:00:55+01:00,2026-07-25T15:00:55+01:00,80156,1347252,1267096,5.95,73566,6590,"[ ☀️ 80 / 1,347 ]",measured,
95970af0666037832a521e3c255abe4878bd0734,539,2026-07-25T15:02:27+01:00,2026-07-25T15:02:27+01:00,80348,1347252,1266904,5.96,73566,6782,"[ ☀️ 80 / 1,347 ]",measured,
f21a614119db35ef96b4304c1dc0bb7df8c3e6da,540,2026-07-25T15:09:10+01:00,2026-07-25T15:09:10+01:00,81116,1347252,1266136,6.02,73566,7550,"[ ☀️ 81 / 1,347 ]",measured,
41e8e06e0646bfd30202780bf7601a677304fe37,541,2026-07-25T15:09:38+01:00,2026-07-25T15:09:38+01:00,81116,1347252,1266136,6.02,73566,7550,"[ ☀️ 81 / 1,347 ]",measured,
b394895d7ba2cd48b95a2ac88660049abef0ad2d,542,2026-07-25T15:14:35+01:00,2026-07-25T15:14:35+01:00,86252,1347252,1261000,6.4,73566,12686,"[ ☀️ 86 / 1,347 ]",measured,
7e46108e8c6e82ad6c471a08f4936b1de25c1cb9,543,2026-07-25T15:14:48+01:00,2026-07-25T15:14:48+01:00,86252,1347252,1261000,6.4,73566,12686,"[ ☀️ 86 / 1,347 ]",measured,
509e60c8f9d83e5fa0700a3c9c82c22466a62e53,544,2026-07-25T15:16:12+01:00,2026-07-25T15:16:12+01:00,86252,1347252,1261000,6.4,73566,12686,"[ ☀️ 86 / 1,347 ]",measured,
a1cbcee5dfa0b0ed738b623e256e154da0e99133,545,2026-07-25T15:56:57+01:00,2026-07-25T15:56:57+01:00,89548,1347252,1257704,6.65,73566,15982,"[ ☀️ 89 / 1,347 ]",measured,
1fed00ff5d3086a83413696ce7456a80658e47e9,546,2026-07-25T16:00:29+01:00,2026-07-25T16:00:29+01:00,90372,1347252,1256880,6.71,73566,16806,"[ ☀️ 90 / 1,347 ]",measured,
33056411bb4a4bfd1c18c13a058af7b5e696b29f,547,2026-07-25T16:02:37+01:00,2026-07-25T16:02:37+01:00,90504,1347252,1256748,6.72,73566,16938,"[ ☀️ 90 / 1,347 ]",measured,
b7b844799d71156896952399c6b7a4ce07c07127,548,2026-07-25T16:05:05+01:00,2026-07-25T16:05:05+01:00,90668,1347252,1256584,6.73,73566,17102,"[ ☀️ 90 / 1,347 ]",measured,
bcf5271b77dcffe7f522fe52a65b7c698c7e52f0,549,2026-07-25T16:08:37+01:00,2026-07-25T16:08:37+01:00,90668,1347252,1256584,6.73,73566,17102,"[ ☀️ 90 / 1,347 ]",measured,
ab0536387154245d2181d35ba7bc613182b289d0,550,2026-07-25T16:09:08+01:00,2026-07-25T16:09:08+01:00,90668,1347252,1256584,6.73,73566,17102,"[ ☀️ 90 / 1,347 ]",measured,
79a56b460840854361ae7edf6200836cba665568,551,2026-07-25T16:11:12+01:00,2026-07-25T16:11:12+01:00,90668,1347252,1256584,6.73,73566,17102,"[ ☀️ 90 / 1,347 ]",measured,
0dccd441dc9587b588b0b816a4ecb782ac45f0a7,552,2026-07-25T16:18:57+01:00,2026-07-25T16:18:57+01:00,90842,1347252,1256410,6.74,73566,17276,"[ ☀️ 90 / 1,347 ]",measured,
3fa36008375aca81fbdd5423773ef428f7a6800f,553,2026-07-25T16:24:28+01:00,2026-07-25T16:24:28+01:00,91090,1347252,1256162,6.76,73566,17524,"[ ☀️ 91 / 1,347 ]",measured,
560a95628b5b6910b43fa2a7ae3a5e7a0f4b0569,554,2026-07-25T16:24:46+01:00,2026-07-25T16:24:46+01:00,91090,1347252,1256162,6.76,73566,17524,"[ ☀️ 91 / 1,347 ]",measured,
8fb24975cd30ffc785f0d2ac4c26b4489dfc2c49,555,2026-07-25T16:29:57+01:00,2026-07-25T16:29:57+01:00,91270,1347252,1255982,6.77,73566,17704,"[ ☀️ 91 / 1,347 ]",measured,
1d71a036c34fe6f443ba03b35d8dd4ad21fd4e44,556,2026-07-25T16:30:45+01:00,2026-07-25T16:30:45+01:00,91370,1347252,1255882,6.78,73566,17804,"[ ☀️ 91 / 1,347 ]",measured,
3d43e8321d5a228240fd256691fdda19d3dc5d35,557,2026-07-25T16:33:12+01:00,2026-07-25T16:33:12+01:00,91412,1347252,1255840,6.79,73566,17846,"[ ☀️ 91 / 1,347 ]",measured,
0115c2f184a560beb358e9429b9b9929014b5e9b,558,2026-07-25T16:37:04+01:00,2026-07-25T16:37:04+01:00,91472,1347252,1255780,6.79,73566,17906,"[ ☀️ 91 / 1,347 ]",measured,
066009ec652eeab9f7799a7a31df20406e3a33b7,559,2026-07-25T16:39:42+01:00,2026-07-25T16:39:42+01:00,91544,1347252,1255708,6.79,73566,17978,"[ ☀️ 91 / 1,347 ]",measured,
c782bce6928fe2807e9115b90247be2b1715fa6e,560,2026-07-25T16:41:10+01:00,2026-07-25T16:41:10+01:00,91620,1347252,1255632,6.8,73566,18054,"[ ☀️ 91 / 1,347 ]",measured,
4f6b903ad61f0c38fe38c59ca78bcaa0472a50f8,561,2026-07-25T16:42:02+01:00,2026-07-25T16:42:02+01:00,91724,1347252,1255528,6.81,73566,18158,"[ ☀️ 91 / 1,347 ]",measured,
faddf4778aae18f0c4365ebb82e0c44006b4d118,562,2026-07-25T16:44:28+01:00,2026-07-25T16:44:28+01:00,91724,1347252,1255528,6.81,73566,18158,"[ ☀️ 91 / 1,347 ]",measured,
29952ddb59ab2e3d8b6900e5b83057c4c61dbd48,563,2026-07-25T16:47:44+01:00,2026-07-25T16:47:44+01:00,91804,1347252,1255448,6.81,73566,18238,"[ ☀️ 91 / 1,347 ]",measured,
aa58d40c7dcd18dea8fa1f8e2075e8d0c26852c5,564,2026-07-25T16:50:52+01:00,2026-07-25T16:50:52+01:00,91804,1347252,1255448,6.81,73566,18238,"[ ☀️ 91 / 1,347 ]",measured,
152ff8422b74a8f763ad2fe906b590a282564585,565,2026-07-25T16:54:46+01:00,2026-07-25T16:54:46+01:00,91804,1347252,1255448,6.81,73566,18238,"[ ☀️ 91 / 1,347 ]",measured,
360e2ca73a9991e992709ccf8687cc6942929616,566,2026-07-25T17:00:06+01:00,2026-07-25T17:00:06+01:00,91892,1347252,1255360,6.82,73566,18326,"[ ☀️ 91 / 1,347 ]",measured,
82ab5f4d432ae3ef9d83b4d09be903348c92c74d,567,2026-07-25T17:07:05+01:00,2026-07-25T17:07:05+01:00,91988,1347252,1255264,6.83,73566,18422,"[ ☀️ 91 / 1,347 ]",measured,
cae09aa951a1c83ebf2dd7d5afbe1f52c50b88da,568,2026-07-25T17:23:42+01:00,2026-07-25T17:23:42+01:00,91988,1347252,1255264,6.83,73566,18422,"[ ☀️ 91 / 1,347 ]",measured,
dc4bdd91684156e542eaeb3a6202bb191ceacbd5,569,2026-07-25T17:38:12+01:00,2026-07-25T17:38:12+01:00,91988,1347252,1255264,6.83,73566,18422,"[ ☀️ 91 / 1,347 ]",measured,
fc016e11ca2b09c4e581063832ff8adc9351ba9a,570,2026-07-25T18:39:56+01:00,2026-07-25T18:39:56+01:00,92042,1347252,1255210,6.83,73566,18476,"[ ☀️ 92 / 1,347 ]",measured,
ed8e43102c4b61fdb3b3bdcf70a21a12c2194dca,571,2026-07-25T18:41:40+01:00,2026-07-25T18:41:40+01:00,92042,1347252,1255210,6.83,73566,18476,"[ ☀️ 92 / 1,347 ]",measured,
8f5ac6c5fe010eb67346ac57f2e46886f5d677ce,572,2026-07-25T18:53:59+01:00,2026-07-25T18:53:59+01:00,92042,1347252,1255210,6.83,73566,18476,"[ ☀️ 92 / 1,347 ]",measured,
120ef02fc614cb1ebe0236377314d5c3bf200e38,573,2026-07-25T19:07:06+01:00,2026-07-25T19:07:06+01:00,92042,1347252,1255210,6.83,73566,18476,"[ ☀️ 92 / 1,347 ]",measured,
7836e404c28954a0ed614071338cbf3231870f28,574,2026-07-25T19:08:48+01:00,2026-07-25T19:08:48+01:00,92042,1347252,1255210,6.83,73566,18476,"[ ☀️ 92 / 1,347 ]",measured,
31c0537dad994dcded7c379f3ebda2ddf1ebf141,575,2026-07-25T19:17:31+01:00,2026-07-25T19:17:31+01:00,92042,1347252,1255210,6.83,73566,18476,"[ ☀️ 92 / 1,347 ]",measured,
9ab0e52e62af4c1403522c36fbd64c8ecc3c4761,576,2026-07-25T19:28:47+01:00,2026-07-25T19:28:47+01:00,92110,1347252,1255142,6.84,73566,18544,"[ ☀️ 92 / 1,347 ]",measured,
8cd37c861054008dd85876af2ece3db352df4318,577,2026-07-25T19:29:09+01:00,2026-07-25T19:29:09+01:00,92110,1347252,1255142,6.84,73566,18544,"[ ☀️ 92 / 1,347 ]",measured,
15d1b92fd4259c54afb1869e2ac766455815605b,578,2026-07-25T19:33:14+01:00,2026-07-25T19:33:14+01:00,92110,1347252,1255142,6.84,73566,18544,"[ ☀️ 92 / 1,347 ]",measured,
a5f3adf40ade872395d1c17728d0d8c6bc8ee749,579,2026-07-25T19:36:48+01:00,2026-07-25T19:36:48+01:00,92110,1347252,1255142,6.84,73566,18544,"[ ☀️ 92 / 1,347 ]",measured,
b635cb7d58cfaad66e69f258f421c24cad3131cb,580,2026-07-25T19:41:48+01:00,2026-07-25T19:41:48+01:00,92110,1347252,1255142,6.84,73566,18544,"[ ☀️ 92 / 1,347 ]",measured,
575063db77a1d787f7d55f707d41d71e130f788f,581,2026-07-25T22:17:37+01:00,2026-07-25T22:17:37+01:00,92110,1347252,1255142,6.84,73566,18544,"[ ☀️ 92 / 1,347 ]",measured,
93e13f3d778d231e03fd5840ce93362c4ed8f87f,582,2026-07-25T22:45:43+01:00,2026-07-25T22:45:43+01:00,92110,1347252,1255142,6.84,73566,18544,"[ ☀️ 92 / 1,347 ]",measured,
29b7c1dfd46b69a8cc5897ded81f4b2706aaf7c4,583,2026-07-25T23:30:10+01:00,2026-07-25T23:30:10+01:00,92178,1347252,1255074,6.84,73634,18544,"[ ☀️ 92 / 1,347 ]",measured,
95e8b05d80c875ebe5fda3e1c831809d3d588329,584,2026-07-25T23:39:05+01:00,2026-07-25T23:39:05+01:00,92346,1347252,1254906,6.85,73802,18544,"[ ☀️ 92 / 1,347 ]",measured,
70adef890ad113cf2768f546cff11a9adcfd2676,585,2026-07-26T01:06:07+01:00,2026-07-26T01:06:07+01:00,92346,1347252,1254906,6.85,73802,18544,"[ ☀️ 92 / 1,347 ]",measured,
40e1a1f839adc290a561ca271e313b0147290313,586,2026-07-26T10:25:52+01:00,2026-07-26T10:25:52+01:00,92538,1347252,1254714,6.87,73994,18544,"[ ☀️ 92 / 1,347 ]",measured,
440910527f8e96c7aa054dba3a2bfd6ba7361bba,587,2026-07-26T10:56:55+01:00,2026-07-26T10:56:55+01:00,92538,1347252,1254714,6.87,73994,18544,"[ ☀️ 92 / 1,347 ]",measured,
6c61b6fbbad85436c6e628506512e12c34fe16c7,588,2026-07-26T11:02:26+01:00,2026-07-26T11:02:26+01:00,92538,1347252,1254714,6.87,73994,18544,"[ ☀️ 92 / 1,347 ]",measured,
4b5a4e8c1b4fe9e90c9c6ab6b5c1f8730a623244,589,2026-07-26T11:05:08+01:00,2026-07-26T11:05:08+01:00,92610,1347252,1254642,6.87,74066,18544,"[ ☀️ 92 / 1,347 ]",measured,
7d8cbd111ddcd658e7055ce575b43238de738620,590,2026-07-26T11:28:19+01:00,2026-07-26T11:28:19+01:00,92674,1347252,1254578,6.88,74130,18544,"[ ☀️ 92 / 1,347 ]",measured,
8fe986e6da93c939c737dec9d92156416cdec15a,591,2026-07-26T11:32:39+01:00,2026-07-26T11:32:39+01:00,92766,1347252,1254486,6.89,74222,18544,"[ ☀️ 92 / 1,347 ]",measured,
3dc5eab3fdfe592a4549453ad9882cab95a4e54b,592,2026-07-26T11:36:18+01:00,2026-07-26T11:36:18+01:00,92766,1347252,1254486,6.89,74222,18544,"[ ☀️ 92 / 1,347 ]",measured,
2defaf54b1d9b891bc85dbdf6d0f718565eea737,593,2026-07-26T11:43:58+01:00,2026-07-26T11:43:58+01:00,92766,1347252,1254486,6.89,74222,18544,"[ ☀️ 92 / 1,347 ]",measured,
d188c4a8c754a977a3206215adc41d348db99cdf,594,2026-07-26T12:06:05+01:00,2026-07-26T12:06:05+01:00,92766,1347252,1254486,6.89,74222,18544,"[ ☀️ 92 / 1,347 ]",measured,
4a4a873c5508e70fb236bcf9d1151bd65faba249,595,2026-07-26T12:10:19+01:00,2026-07-26T12:10:19+01:00,92926,1347252,1254326,6.9,74382,18544,"[ ☀️ 92 / 1,347 ]",measured,
711e13616bf2d062ad1a22db2e54daba95fb7a6d,596,2026-07-26T12:13:54+01:00,2026-07-26T12:13:54+01:00,92926,1347252,1254326,6.9,74382,18544,"[ ☀️ 92 / 1,347 ]",measured,
c1b216129815358b8393944b6716616888466650,597,2026-07-26T12:14:58+01:00,2026-07-26T12:14:58+01:00,92926,1347252,1254326,6.9,74382,18544,"[ ☀️ 92 / 1,347 ]",measured,
1f26b1dac12b5f29e2e3cd7d2588725e4a5661ac,598,2026-07-26T12:30:44+01:00,2026-07-26T12:30:44+01:00,92926,1347252,1254326,6.9,74382,18544,"[ ☀️ 92 / 1,347 ]",measured,
dfbd8c6d9d30ca151b9585994774ede1a09df78b,599,2026-07-26T12:32:53+01:00,2026-07-26T12:32:53+01:00,92926,1347252,1254326,6.9,74382,18544,"[ ☀️ 92 / 1,347 ]",measured,
025acc359877f1f071f57938da8c8c29f52139fb,600,2026-07-26T12:37:57+01:00,2026-07-26T12:37:57+01:00,92926,1347252,1254326,6.9,74382,18544,"[ ☀️ 92 / 1,347 ]",measured,
4fe13588380d980847433d038cf6bbd49e1d0e69,601,2026-07-26T13:08:35+01:00,2026-07-26T13:08:35+01:00,92998,1347252,1254254,6.9,74454,18544,"[ ☀️ 92 / 1,347 ]",measured,
200efd313d2bb072d7a9432990e1b24253c7c166,602,2026-07-26T13:08:43+01:00,2026-07-26T13:08:43+01:00,92998,1347252,1254254,6.9,74454,18544,"[ ☀️ 92 / 1,347 ]",measured,
7753527755b78f51366afd3c3323b30384573776,603,2026-07-26T13:09:08+01:00,2026-07-26T13:09:08+01:00,92998,1347252,1254254,6.9,74454,18544,"[ ☀️ 92 / 1,347 ]",measured,
bbe4862efd5764077a389274ca4de7eff991ec95,604,2026-07-26T13:21:16+01:00,2026-07-26T13:21:16+01:00,92998,1347252,1254254,6.9,74454,18544,"[ ☀️ 92 / 1,347 ]",measured,
d0b319912a4f916c0aef715cc309bd7b61885837,605,2026-07-26T13:25:55+01:00,2026-07-26T13:25:55+01:00,92998,1347252,1254254,6.9,74454,18544,"[ ☀️ 92 / 1,347 ]",measured,
794b07e252f040e227f2f9b8fd3e2888abf45c04,606,2026-07-26T13:30:14+01:00,2026-07-26T13:30:14+01:00,92998,1347252,1254254,6.9,74454,18544,"[ ☀️ 92 / 1,347 ]",measured,
727905b90f831aa7bfeabd78be45e3f9de507ea8,607,2026-07-26T13:33:22+01:00,2026-07-26T13:33:22+01:00,92998,1347252,1254254,6.9,74454,18544,"[ ☀️ 92 / 1,347 ]",measured,
c8d346451e65ab875e18c30a2d0bfa99592cc354,608,2026-07-26T13:35:25+01:00,2026-07-26T13:35:25+01:00,92998,1347252,1254254,6.9,74454,18544,"[ ☀️ 92 / 1,347 ]",measured,
b52366ae5cacefb1753b6d9c2a4ad65b8d0be2c1,609,2026-07-26T13:37:44+01:00,2026-07-26T13:37:44+01:00,92998,1347252,1254254,6.9,74454,18544,"[ ☀️ 92 / 1,347 ]",measured,
970fd7002a6d5a3597dccbd6b9cb00d879b8d7f6,610,2026-07-26T17:46:52+01:00,2026-07-26T17:46:52+01:00,92998,1347252,1254254,6.9,74454,18544,"[ ☀️ 92 / 1,347 ]",measured,
67331b6f8ebb06000ffc3092eb5c67ef4d769414,611,2026-07-26T17:54:04+01:00,2026-07-26T17:54:04+01:00,92998,1347252,1254254,6.9,74454,18544,"[ ☀️ 92 / 1,347 ]",measured,
01db88679491f8c6a0950cf0baab28382df031c9,612,2026-07-26T17:56:15+01:00,2026-07-26T17:56:15+01:00,92998,1347252,1254254,6.9,74454,18544,"[ ☀️ 92 / 1,347 ]",measured,
473bc59ce74a4fa4c19015add7585de3c30447b8,613,2026-07-26T18:00:09+01:00,2026-07-26T18:00:09+01:00,92998,1347252,1254254,6.9,74454,18544,"[ ☀️ 92 / 1,347 ]",measured,
6565b6e6835903eb12eba2ce61c8feb9e7e17fe5,614,2026-07-26T18:04:19+01:00,2026-07-26T18:04:19+01:00,92998,1347252,1254254,6.9,74454,18544,"[ ☀️ 92 / 1,347 ]",measured,
ec59f1e48628b7f6ccc6619295e9eb03e6808be3,615,2026-07-26T18:08:20+01:00,2026-07-26T18:08:20+01:00,92998,1347252,1254254,6.9,74454,18544,"[ ☀️ 92 / 1,347 ]",measured,
d0ab6f0571480e2c8fc4acd0d1666840cf3c8724,616,2026-07-26T18:11:35+01:00,2026-07-26T18:11:35+01:00,92998,1347252,1254254,6.9,74454,18544,"[ ☀️ 92 / 1,347 ]",measured,
ca62898866c2e55c15351b4b7b10db76b9aaba93,617,2026-07-26T18:16:18+01:00,2026-07-26T18:16:18+01:00,93094,1347252,1254158,6.91,74550,18544,"[ ☀️ 93 / 1,347 ]",measured,
52b51d0467f4744a610c1fe37bb4325359d20507,618,2026-07-26T18:20:48+01:00,2026-07-26T18:20:48+01:00,93094,1347252,1254158,6.91,74550,18544,"[ ☀️ 93 / 1,347 ]",measured,
c2a662842c2191b93f33c9707f12a2af1dfe646a,619,2026-07-26T18:23:23+01:00,2026-07-26T18:23:23+01:00,93094,1347252,1254158,6.91,74550,18544,"[ ☀️ 93 / 1,347 ]",measured,
8ee8fc465b1e136b3f10d5334a740e3350dfc93f,620,2026-07-26T18:29:38+01:00,2026-07-26T18:29:38+01:00,93094,1347252,1254158,6.91,74550,18544,"[ ☀️ 93 / 1,347 ]",measured,
87d0071855dbb802eb0f99bbede38e1907ccd3d5,621,2026-07-26T18:34:01+01:00,2026-07-26T18:34:01+01:00,93094,1347252,1254158,6.91,74550,18544,"[ ☀️ 93 / 1,347 ]",measured,
318a851908c9859daa7561908005f9854a172ecb,622,2026-07-26T18:36:41+01:00,2026-07-26T18:36:41+01:00,93154,1347252,1254098,6.91,74610,18544,"[ ☀️ 93 / 1,347 ]",measured,
aa680b887d45a9807234251c81b3555c78d5b112,623,2026-07-26T18:43:41+01:00,2026-07-26T18:43:41+01:00,93234,1347252,1254018,6.92,74690,18544,"[ ☀️ 93 / 1,347 ]",measured,
735131daa4680cdc486247d342dd9cf6a2cdb1a6,624,2026-07-26T18:46:12+01:00,2026-07-26T18:46:12+01:00,93234,1347252,1254018,6.92,74690,18544,"[ ☀️ 93 / 1,347 ]",measured,
f141cfa65ce17162e6ee0e5cfbf65cf2adbe3ced,625,2026-07-26T18:48:06+01:00,2026-07-26T18:48:06+01:00,93234,1347252,1254018,6.92,74690,18544,"[ ☀️ 93 / 1,347 ]",measured,
65c9815ff2f021126d3fd4f7b5e902e2f8b58c1a,626,2026-07-26T18:56:21+01:00,2026-07-26T18:56:21+01:00,93336,1347252,1253916,6.93,74792,18544,"[ ☀️ 93 / 1,347 ]",measured,
e6f9d9a66d5fd10767a9b8804161d8dc9b91a15e,627,2026-07-26T18:58:45+01:00,2026-07-26T18:58:45+01:00,93336,1347252,1253916,6.93,74792,18544,"[ ☀️ 93 / 1,347 ]",measured,
dceb426f8619730b74ca69ba2ce22f40c8b3fd9f,628,2026-07-26T19:01:38+01:00,2026-07-26T19:01:38+01:00,93336,1347252,1253916,6.93,74792,18544,"[ ☀️ 93 / 1,347 ]",measured,
5c8b95022f1b019758fb01c99f52548ef2695ce7,629,2026-07-26T19:27:47+01:00,2026-07-26T19:27:47+01:00,93706,1347252,1253546,6.96,75162,18544,"[ ☀️ 93 / 1,347 ]",measured,
94273c155d048da8a60a573bf4847bbfad3b976b,630,2026-07-26T19:50:50+01:00,2026-07-26T19:50:50+01:00,94162,1347252,1253090,6.99,75618,18544,"[ ☀️ 94 / 1,347 ]",measured,
12963d77e6602cc85a02fdb4f8b1355581ac14e2,631,2026-07-26T20:05:19+01:00,2026-07-26T20:05:19+01:00,94426,1347252,1252826,7.01,75882,18544,"[ ☀️ 94 / 1,347 ]",measured,
4d2088c0736bf8e2a050649f290d70b9462824e3,632,2026-07-26T20:28:07+01:00,2026-07-26T20:28:07+01:00,94936,1347252,1252316,7.05,76392,18544,"[ ☀️ 94 / 1,347 ]",measured,
cc7756cdd6f08e823293c27a2c7ca5d9dac5202a,633,2026-07-26T20:51:20+01:00,2026-07-26T20:51:20+01:00,95900,1347252,1251352,7.12,77356,18544,"[ ☀️ 95 / 1,347 ]",measured,
fa930c71ef246586c11b847d611a4fbfe3be608f,634,2026-07-26T21:27:36+01:00,2026-07-26T21:27:36+01:00,97012,1347252,1250240,7.2,78468,18544,"[ ☀️ 97 / 1,347 ]",measured,
a544073f26dc748b72ae05bd0cd6240c9f67f084,635,2026-07-26T23:11:04+01:00,2026-07-26T23:11:04+01:00,98512,1347252,1248740,7.31,79968,18544,"[ ☀️ 98 / 1,347 ]",measured,
fe446fccd3f9c430988a234869180256a6f1777a,636,2026-07-26T23:41:13+01:00,2026-07-26T23:41:13+01:00,98814,1347252,1248438,7.33,80270,18544,"[ ☀️ 98 / 1,347 ]",measured,
1fa4d460b6e55efa9736dea56a2e661226f17687,637,2026-07-27T00:18:18+01:00,2026-07-27T00:18:18+01:00,98898,1347252,1248354,7.34,80354,18544,"[ ☀️ 98 / 1,347 ]",measured,
04062bb5720082a8d17175f7221705a03501ade3,638,2026-07-27T00:43:39+01:00,2026-07-27T00:43:39+01:00,99506,1347252,1247746,7.39,80962,18544,"[ ☀️ 99 / 1,347 ]",measured,
84215713f9f984c6a7eb9fe3e6b32eca4634446c,639,2026-07-27T01:33:49+01:00,2026-07-27T01:33:49+01:00,101758,1347252,1245494,7.55,83214,18544,"[ ☀️ 101 / 1,347 ]",measured,
cbce6e1db15f2411ae8a9d875b8a40dfb650a38f,640,2026-07-27T02:14:06+01:00,2026-07-27T02:14:06+01:00,102500,1347252,1244752,7.61,83956,18544,"[ ☀️ 102 / 1,347 ]",measured,
c8b830898f8dd153de7db12a3e494a221b4818fa,641,2026-07-27T10:13:02+01:00,2026-07-27T10:13:02+01:00,103164,1347252,1244088,7.66,84620,18544,"[ ☀️ 103 / 1,347 ]",measured,
9dc8cfd6cdd4c37e55662f75f36f6fe934429d01,642,2026-07-27T11:21:32+01:00,2026-07-27T11:21:32+01:00,104788,1347252,1242464,7.78,86244,18544,"[ ☀️ 104 / 1,347 ]",measured,
a5d6056c86e30c61f20d64910bb8dd68ccbc0e48,643,2026-07-27T12:02:06+01:00,2026-07-27T12:02:06+01:00,105632,1347252,1241620,7.84,87088,18544,"[ ☀️ 105 / 1,347 ]",measured,
4cd04e68cdcecc86c422285a6b68e8cd22c529b3,644,2026-07-27T13:20:37+01:00,2026-07-27T13:20:37+01:00,109096,1347252,1238156,8.1,90552,18544,"[ ☀️ 109 / 1,347 ]",measured,
a877b61dfb953d580bad95148a9664607c33dece,645,2026-07-27T13:43:45+01:00,2026-07-27T13:43:45+01:00,109096,1347252,1238156,8.1,90552,18544,"[ ☀️ 109 / 1,347 ]",measured,
6075592e5a7cbe4e86b4dd6380c2668d356dbd27,646,2026-07-27T19:03:51+01:00,2026-07-27T19:03:51+01:00,109096,1347252,1238156,8.1,90552,18544,"[ ☀️ 109 / 1,347 ]",measured,
fa874a3747ea43966b8aecbcc37cb4d055356da9,647,2026-07-28T09:07:40+01:00,2026-07-28T09:13:52+01:00,109484,1347252,1237768,8.13,90552,18932,"[ ☀️ 109 / 1,347 ]",measured,
a98714c934e640c8c5499124127764cd4af65edb,648,2026-07-28T09:29:06+01:00,2026-07-28T09:29:06+01:00,109536,1347252,1237716,8.13,90552,18984,"[ ☀️ 109 / 1,347 ]",measured,
adc13c4f78b82c79251305d052a58ed10ac8af16,649,2026-07-28T10:00:25+01:00,2026-07-28T10:00:25+01:00,109536,1347252,1237716,8.13,90552,18984,"[ ☀️ 109 / 1,347 ]",measured,
8637947227d155dd3d0d232368ab4ce5ec1617f9,650,2026-07-28T10:21:36+01:00,2026-07-28T10:21:36+01:00,109536,1347252,1237716,8.13,90552,18984,"[ ☀️ 109 / 1,347 ]",measured,
7ec6a480181be4b9f320d352c0299884c19999f0,651,2026-07-28T10:49:02+01:00,2026-07-28T10:49:02+01:00,109536,1347252,1237716,8.13,90552,18984,"[ ☀️ 109 / 1,347 ]",measured,
897441a03d91ea5151c593786a1e2c63502158b1,652,2026-07-28T10:51:45+01:00,2026-07-28T10:51:45+01:00,109536,1347252,1237716,8.13,90552,18984,"[ ☀️ 109 / 1,347 ]",measured,
fb271e04602ed98eaf4f3275c396be6bcd52ab6b,653,2026-07-28T11:06:05+01:00,2026-07-28T11:06:05+01:00,109536,1347252,1237716,8.13,90552,18984,"[ ☀️ 109 / 1,347 ]",measured,
10017995666f81c41972df2c20fc8f335397f038,654,2026-07-28T11:22:58+01:00,2026-07-28T11:22:58+01:00,109536,1347252,1237716,8.13,90552,18984,"[ ☀️ 109 / 1,347 ]",measured,
71a9a4f350bd2728abc4173b50dd655a179d025f,655,2026-07-28T11:49:42+01:00,2026-07-28T11:49:42+01:00,109536,1347252,1237716,8.13,90552,18984,"[ ☀️ 109 / 1,347 ]",measured,
61d5bdad5c0c1b442f61856e95cbaf8c573bff8e,656,2026-07-28T12:13:04+01:00,2026-07-28T12:13:04+01:00,109536,1347252,1237716,8.13,90552,18984,"[ ☀️ 109 / 1,347 ]",measured,
b5c78fd77d15967d2efce6b9e340568e87660d31,657,2026-07-28T12:35:40+01:00,2026-07-28T12:35:40+01:00,109536,1347252,1237716,8.13,90552,18984,"[ ☀️ 109 / 1,347 ]",measured,
0b81fb09f963c7310d7a2caf4a51cace203fe000,658,2026-07-28T12:59:07+01:00,2026-07-28T12:59:07+01:00,109536,1347252,1237716,8.13,90552,18984,"[ ☀️ 109 / 1,347 ]",measured,
6df7c60e1ebf3b9c773d66e38193a4bba5a08be7,659,2026-07-28T13:12:10+01:00,2026-07-28T13:12:10+01:00,109912,1347252,1237340,8.16,90928,18984,"[ ☀️ 109 / 1,347 ]",measured,
c1defa8b61ffc7da94d3d48134e8cb8b79cafa10,660,2026-07-28T13:21:52+01:00,2026-07-28T13:21:52+01:00,110348,1347252,1236904,8.19,91364,18984,"[ ☀️ 110 / 1,347 ]",measured,
6e7168defdef9c1a86cfdf9b8c93d73f8bc1af94,661,2026-07-28T13:36:38+01:00,2026-07-28T13:36:38+01:00,110552,1347252,1236700,8.21,91568,18984,"[ ☀️ 110 / 1,347 ]",measured,
b45d8cb03be98bbf1ed68c3f9bfc70d2b4f7ea15,662,2026-07-28T13:52:49+01:00,2026-07-28T13:52:49+01:00,110756,1347252,1236496,8.22,91772,18984,"[ ☀️ 110 / 1,347 ]",measured,
f3804d889ef103c23cfc12f066e74c40d0e21ace,663,2026-07-28T13:59:23+01:00,2026-07-28T13:59:23+01:00,111176,1347252,1236076,8.25,92192,18984,"[ ☀️ 111 / 1,347 ]",measured,
5cebafca37b5ecef6679e5f7a561cf86cd059f32,664,2026-07-28T14:08:47+01:00,2026-07-28T14:08:47+01:00,111388,1347252,1235864,8.27,92404,18984,"[ ☀️ 111 / 1,347 ]",measured,
1c66be06eb2258747f29bc2cec0ac9f35445586f,665,2026-07-28T14:13:38+01:00,2026-07-28T14:13:38+01:00,111604,1347252,1235648,8.28,92620,18984,"[ ☀️ 111 / 1,347 ]",measured,
dddc00b7e87054f81f9be62e246365161754b271,666,2026-07-28T14:17:41+01:00,2026-07-28T14:17:41+01:00,111820,1347252,1235432,8.3,92836,18984,"[ ☀️ 111 / 1,347 ]",measured,
90fe2129b0de99d20fb05ef191673ab4281157f8,667,2026-07-28T14:23:05+01:00,2026-07-28T14:23:05+01:00,112270,1347252,1234982,8.33,93286,18984,"[ ☀️ 112 / 1,347 ]",measured,
4ebf651f087a559c456646284ac97898181f98d4,668,2026-07-28T14:35:59+01:00,2026-07-28T14:35:59+01:00,112454,1347252,1234798,8.35,93470,18984,"[ ☀️ 112 / 1,347 ]",measured,
c933a1693b9d5e9d9902ebfbff20c4d186cf5e89,669,2026-07-28T15:01:29+01:00,2026-07-28T15:01:29+01:00,112718,1347252,1234534,8.37,93734,18984,"[ ☀️ 112 / 1,347 ]",measured,
2620d166f9587890bb6e7f54dfed2b3606788c6c,670,2026-07-28T15:07:00+01:00,2026-07-28T15:07:00+01:00,112998,1347252,1234254,8.39,94014,18984,"[ ☀️ 112 / 1,347 ]",measured,
bdf13a6d1049db28785d2d06de54ef07f18e3f2f,671,2026-07-28T15:19:00+01:00,2026-07-28T15:19:00+01:00,113198,1347252,1234054,8.4,94214,18984,"[ ☀️ 113 / 1,347 ]",measured,
9e3d2c6129e878987bf42c8e7ea87083858c3f1e,672,2026-07-28T15:28:26+01:00,2026-07-28T15:28:26+01:00,113198,1347252,1234054,8.4,94214,18984,"[ ☀️ 113 / 1,347 ]",measured,
1493925721134a1fe8e78618c64a701f67f7adf9,673,2026-07-28T15:38:50+01:00,2026-07-28T15:38:50+01:00,113394,1347252,1233858,8.42,94410,18984,"[ ☀️ 113 / 1,347 ]",measured,
73634e4fea2a63e3f40b6905e3572ec7d58c2fac,674,2026-07-28T16:03:07+01:00,2026-07-28T16:03:07+01:00,113574,1347252,1233678,8.43,94590,18984,"[ ☀️ 113 / 1,347 ]",measured,
d8aa7d444a125e14f421c34d6b7b54ef9a9feebb,675,2026-07-28T16:11:25+01:00,2026-07-28T16:11:25+01:00,113854,1347252,1233398,8.45,94870,18984,"[ ☀️ 113 / 1,347 ]",measured,
c7b7f3736b2082895183d466d1518c7c07f64d57,676,2026-07-28T16:19:55+01:00,2026-07-28T16:19:55+01:00,113854,1347252,1233398,8.45,94870,18984,"[ ☀️ 113 / 1,347 ]",measured,
a3cdf9176a5082cce06a4397600435b6382f51c1,677,2026-07-28T16:26:21+01:00,2026-07-28T16:26:21+01:00,113854,1347252,1233398,8.45,94870,18984,"[ ☀️ 113 / 1,347 ]",measured,
413a7311a48c75d2dd9fe929b51fdd1e23f42906,678,2026-07-28T16:27:35+01:00,2026-07-28T16:27:35+01:00,113854,1347252,1233398,8.45,94870,18984,"[ ☀️ 113 / 1,347 ]",measured,
8cc3107f1f40886d4c4f2035f085e16fae3f4a17,679,2026-07-28T16:32:44+01:00,2026-07-28T16:32:44+01:00,113854,1347252,1233398,8.45,94870,18984,"[ ☀️ 113 / 1,347 ]",measured,
aadc5f2333c4f98e89913144e20e4a7710f7d3e3,680,2026-07-28T16:34:07+01:00,2026-07-28T16:34:07+01:00,113854,1347252,1233398,8.45,94870,18984,"[ ☀️ 113 / 1,347 ]",measured,
de3ecb56b72fa7cc03da0d37ab10b79b900b47bd,681,2026-07-28T16:35:21+01:00,2026-07-28T16:35:21+01:00,113854,1347252,1233398,8.45,94870,18984,"[ ☀️ 113 / 1,347 ]",measured,
f8018601e467788c2741612ff649f24d14373523,682,2026-07-28T17:15:11+01:00,2026-07-28T17:15:11+01:00,113854,1347252,1233398,8.45,94870,18984,"[ ☀️ 113 / 1,347 ]",measured,
fd9c49576cac76855c759b93817ddb20ae5fa3a2,683,2026-07-28T17:24:05+01:00,2026-07-28T17:24:05+01:00,113854,1347252,1233398,8.45,94870,18984,"[ ☀️ 113 / 1,347 ]",measured,
b69a83e3ae67717546d9516cc6f8d0ca84aac3d1,684,2026-07-28T17:34:14+01:00,2026-07-28T17:34:14+01:00,113854,1347252,1233398,8.45,94870,18984,"[ ☀️ 113 / 1,347 ]",measured,
a6916269a7aae29f1e757d8cc5cdfefe3d083f94,685,2026-07-28T17:44:51+01:00,2026-07-28T17:44:51+01:00,113854,1347252,1233398,8.45,94870,18984,"[ ☀️ 113 / 1,347 ]",measured,
a381e424f888485d0cea32bdaa863ad4ed7261ac,686,2026-07-28T17:54:48+01:00,2026-07-28T17:54:48+01:00,113854,1347252,1233398,8.45,94870,18984,"[ ☀️ 113 / 1,347 ]",measured,
79c6e4ce9069532616514f30101fad4eaf4a685f,687,2026-07-28T18:40:35+01:00,2026-07-28T18:40:35+01:00,114030,1347252,1233222,8.46,95046,18984,"[ ☀️ 114 / 1,347 ]",measured,
b744014954f6c660a3c07e96ef1cf0841ba2ddc3,688,2026-07-28T18:44:14+01:00,2026-07-28T18:44:14+01:00,114030,1347252,1233222,8.46,95046,18984,"[ ☀️ 114 / 1,347 ]",measured,
8ca269d683c1ad99b7e27ae0d351e82af6012f53,689,2026-07-28T19:00:45+01:00,2026-07-28T19:00:45+01:00,114230,1347252,1233022,8.48,95246,18984,"[ ☀️ 114 / 1,347 ]",measured,
6d5aa8358120187a9f974a1a97489531c897cf47,690,2026-07-28T19:36:53+01:00,2026-07-28T19:36:53+01:00,114526,1347252,1232726,8.5,95542,18984,"[ ☀️ 114 / 1,347 ]",measured,
430b60efb68d8774feef9eed94d31d48fd7475f4,691,2026-07-28T20:03:57+01:00,2026-07-28T20:03:57+01:00,114550,1347252,1232702,8.5,95566,18984,"[ ☀️ 114 / 1,347 ]",measured,
7253e3289c67191f00a83f306b923174c2f10535,692,2026-07-28T20:11:21+01:00,2026-07-28T20:11:21+01:00,114636,1347252,1232616,8.51,95652,18984,"[ ☀️ 114 / 1,347 ]",measured,
a66309c69e32b2bc6026e421b65d9a9846db505b,693,2026-07-28T20:55:08+01:00,2026-07-28T20:55:08+01:00,114744,1347252,1232508,8.52,95652,19092,"[ ☀️ 114 / 1,347 ]",measured,
16891eab9d980b14aba664dc554cbab12342f5c5,694,2026-07-28T21:02:14+01:00,2026-07-28T21:02:14+01:00,114816,1347252,1232436,8.52,95652,19164,"[ ☀️ 114 / 1,347 ]",measured,
0e2d3fdbe761ac1260780ebeda577aba6e5e0035,695,2026-07-28T21:11:17+01:00,2026-07-28T21:11:17+01:00,114864,1347252,1232388,8.53,95652,19212,"[ ☀️ 114 / 1,347 ]",measured,
64b83468946eab9002cf67c811421c151dc43c78,696,2026-07-28T21:18:44+01:00,2026-07-28T21:18:44+01:00,114952,1347252,1232300,8.53,95652,19300,"[ ☀️ 114 / 1,347 ]",measured,
caad8f3958ae643f15a630ad822957063a669fc8,697,2026-07-28T21:34:48+01:00,2026-07-28T21:34:48+01:00,115346,1347252,1231906,8.56,95652,19694,"[ ☀️ 115 / 1,347 ]",measured,
7aa3108392d178e869d97b1281e9231f6844ee42,698,2026-07-28T21:47:45+01:00,2026-07-28T21:47:45+01:00,115724,1347252,1231528,8.59,95652,20072,"[ ☀️ 115 / 1,347 ]",measured,
4099b83c9b2f79213883342a00d5c42cef098574,699,2026-07-28T21:21:03Z,2026-07-28T21:21:03Z,116228,1347252,1231024,8.63,95652,20576,"[ ☀️ 116 / 1,347 ]",measured,
d25345244e36718cad2f3820583dde2b5d97fbc0,700,2026-07-28T22:25:42Z,2026-07-28T22:25:42Z,119380,1347252,1227872,8.86,95652,23728,"[ ☀️ 119 / 1,347 ]",measured,
5a1f4e197ccca2f3ebe6fd719fcda99da2362d04,701,2026-07-28T22:45:06Z,2026-07-28T22:45:06Z,120118,1347252,1227134,8.92,95652,24466,"[ ☀️ 120 / 1,347 ]",measured,
14f2afed3b4bb0ae8172df0cf281624c55e664aa,702,2026-07-29T00:02:53Z,2026-07-29T00:02:53Z,127500,1347252,1219752,9.46,95652,31848,"[ ☀️ 127 / 1,347 ]",measured,
2f55ae3c78eaca600426012de6c07315d97f044a,703,2026-07-29T00:57:23Z,2026-07-29T00:57:23Z,129518,1347252,1217734,9.61,95652,33866,"[ ☀️ 129 / 1,347 ]",measured,
1a5e7a4f31e11ea604ea913011410cf3c912b630,704,2026-07-29T01:56:08Z,2026-07-29T01:56:08Z,130942,1347252,1216310,9.72,95652,35290,"[ ☀️ 130 / 1,347 ]",measured,
ddc54e1290aab74b52a5500a0a06d569714da44d,705,2026-07-29T02:51:05Z,2026-07-29T02:51:05Z,132130,1347252,1215122,9.81,95652,36478,"[ ☀️ 132 / 1,347 ]",measured,
5d24619e771adc2cddef51d782a80b81041b7e5f,706,2026-07-29T03:58:11Z,2026-07-29T03:58:11Z,133746,1347252,1213506,9.93,95652,38094,"[ ☀️ 133 / 1,347 ]",measured,
a745c2fad153396d68e5a1cec31bc857ee4e77af,707,2026-07-29T04:59:14Z,2026-07-29T04:59:14Z,134556,1347252,1212696,9.99,95652,38904,"[ ☀️ 134 / 1,347 ]",measured,
ebfa0915b100a16afad016f7c5eb781aceca3242,708,2026-07-29T06:03:37Z,2026-07-29T06:03:37Z,136988,1347252,1210264,10.17,95652,41336,"[ ☀️ 136 / 1,347 ]",measured,
b6ea42b1845744296c7812960cbe0da6faf785b3,709,2026-07-29T10:51:11+01:00,2026-07-29T10:51:11+01:00,136988,1347252,1210264,10.17,95652,41336,"[ ☀️ 136 / 1,347 ]",measured,
038a3991decd77dd51a64995d46ae357cf08c259,710,2026-07-29T11:10:21+01:00,2026-07-29T11:10:21+01:00,136988,1347252,1210264,10.17,95652,41336,"[ ☀️ 136 / 1,347 ]",measured,
886813f7e40793c4bec810f42961759df78be7a5,711,2026-07-29T11:19:50+01:00,2026-07-29T11:19:50+01:00,136988,1347252,1210264,10.17,95652,41336,"[ ☀️ 136 / 1,347 ]",measured,
68ae523664472fb369ab281d8a10ae2cd7f72c0e,712,2026-07-29T11:29:53+01:00,2026-07-29T11:29:53+01:00,136988,1347252,1210264,10.17,95652,41336,"[ ☀️ 136 / 1,347 ]",measured,
50d453d05a1fd62ed3b0e51af5a9629c50114bae,713,2026-07-29T11:33:03+01:00,2026-07-29T11:33:03+01:00,136988,1347252,1210264,10.17,95652,41336,"[ ☀️ 136 / 1,347 ]",measured,
aa92bace7fc3c5765cff60f4131b1b11e98435cf,714,2026-07-29T11:45:26+01:00,2026-07-29T11:45:26+01:00,136988,1347252,1210264,10.17,95652,41336,"[ ☀️ 136 / 1,347 ]",measured,
415dd4fda796bf823c2344f1cebda522be27d874,715,2026-07-29T11:55:11+01:00,2026-07-29T11:55:11+01:00,136988,1347252,1210264,10.17,95652,41336,"[ ☀️ 136 / 1,347 ]",measured,
704902661c3914f033da562d44433bb5079e6870,716,2026-07-29T12:03:33+01:00,2026-07-29T12:03:33+01:00,136988,1347252,1210264,10.17,95652,41336,"[ ☀️ 136 / 1,347 ]",measured,
9e3b95dd8d23c0e3e8cb8f04a82134e5d25627a6,717,2026-07-29T12:14:35+01:00,2026-07-29T12:14:35+01:00,136988,1347252,1210264,10.17,95652,41336,"[ ☀️ 136 / 1,347 ]",measured,
2f335cfc11b0c85d8b38774558d35bc627bc3081,718,2026-07-29T12:17:08+01:00,2026-07-29T12:17:08+01:00,136988,1347252,1210264,10.17,95652,41336,"[ ☀️ 136 / 1,347 ]",measured,
c1887815521cfd91f6cc153030225347f1324148,719,2026-07-29T12:33:35+01:00,2026-07-29T12:33:35+01:00,136988,1347252,1210264,10.17,95652,41336,"[ ☀️ 136 / 1,347 ]",measured,
5357aa42e151533052a5f50acf501437f9a98dc7,720,2026-07-29T12:39:32+01:00,2026-07-29T12:39:32+01:00,136988,1347252,1210264,10.17,95652,41336,"[ ☀️ 136 / 1,347 ]",measured,
ee77d4e42d4fbd9986126eb8f52d3d65ce4ef2ce,721,2026-07-29T12:49:52+01:00,2026-07-29T12:49:52+01:00,136988,1347252,1210264,10.17,95652,41336,"[ ☀️ 136 / 1,347 ]",measured,
efc5681030f0e08230af33a2cb050bec92d3b1e5,722,2026-07-29T12:57:15+01:00,2026-07-29T12:57:15+01:00,136988,1347252,1210264,10.17,95652,41336,"[ ☀️ 136 / 1,347 ]",measured,
7c25e12f509dd06d9f9e966fbcfee59ec8889aac,723,2026-07-29T13:01:29+01:00,2026-07-29T13:01:29+01:00,136988,1347252,1210264,10.17,95652,41336,"[ ☀️ 136 / 1,347 ]",measured,
5d013621d75a5764137f4a1403afcad9afa51b4e,724,2026-07-29T13:04:25+01:00,2026-07-29T13:04:25+01:00,136988,1347252,1210264,10.17,95652,41336,"[ ☀️ 136 / 1,347 ]",measured,
29fde66ca144472420f29f61f126adf2f6b74f96,725,2026-07-29T13:07:54+01:00,2026-07-29T13:07:54+01:00,136988,1347252,1210264,10.17,95652,41336,"[ ☀️ 136 / 1,347 ]",measured,
8dbbdcec727a702af8c98f0523130a5a13dfa4ac,726,2026-07-29T13:12:05+01:00,2026-07-29T13:12:05+01:00,136988,1347252,1210264,10.17,95652,41336,"[ ☀️ 136 / 1,347 ]",measured,
8d9524963c6a518641f21f94baecbe1fbfe68bc7,727,2026-07-29T13:15:55+01:00,2026-07-29T13:15:55+01:00,136988,1347252,1210264,10.17,95652,41336,"[ ☀️ 136 / 1,347 ]",measured,
0f3d512284185035e65cdcca2a7ca71ba2e2cfef,728,2026-07-29T13:19:52+01:00,2026-07-29T13:19:52+01:00,136988,1347252,1210264,10.17,95652,41336,"[ ☀️ 136 / 1,347 ]",measured,
5536cfc4a2366f34b41680ecca44266f5b65938e,729,2026-07-29T13:30:27+01:00,2026-07-29T13:30:27+01:00,136988,1347252,1210264,10.17,95652,41336,"[ ☀️ 136 / 1,347 ]",measured,
c4f7eadcdb97e912e4363d48584af7c14c1f4f1e,730,2026-07-29T13:41:40+01:00,2026-07-29T13:41:40+01:00,137794,1347252,1209458,10.23,95652,42142,"[ ☀️ 137 / 1,347 ]",measured,
f0fc2ae4e66bbf9c2745377d5e19074eaa3062b7,731,2026-07-29T13:48:03+01:00,2026-07-29T13:48:03+01:00,137794,1347252,1209458,10.23,95652,42142,"[ ☀️ 137 / 1,347 ]",measured,
a528ec2902d9e109cbef9484e94386d42a067d0a,732,2026-07-29T13:51:28+01:00,2026-07-29T13:51:28+01:00,137794,1347252,1209458,10.23,95652,42142,"[ ☀️ 137 / 1,347 ]",measured,
bcd34c50684e22cef6d8dc6c69de20ce92f1dbfb,733,2026-07-29T13:54:51+01:00,2026-07-29T13:54:51+01:00,137794,1347252,1209458,10.23,95652,42142,"[ ☀️ 137 / 1,347 ]",measured,
67ee1090cd32ef59e0ac4913b4b61395488687a5,734,2026-07-29T13:58:01+01:00,2026-07-29T13:58:01+01:00,137794,1347252,1209458,10.23,95652,42142,"[ ☀️ 137 / 1,347 ]",measured,
3dca1023436876e554549acb75a27c53257ea889,735,2026-07-29T14:01:31+01:00,2026-07-29T14:01:31+01:00,137794,1347252,1209458,10.23,95652,42142,"[ ☀️ 137 / 1,347 ]",measured,
e12586a452972f0b70331bfbf7067b5e5bb3cd7e,736,2026-07-29T14:04:34+01:00,2026-07-29T14:04:34+01:00,137794,1347252,1209458,10.23,95652,42142,"[ ☀️ 137 / 1,347 ]",measured,
ebf348fe883cd165081f85ee57a64bc38e42eb27,737,2026-07-29T14:08:32+01:00,2026-07-29T14:08:32+01:00,137794,1347252,1209458,10.23,95652,42142,"[ ☀️ 137 / 1,347 ]",measured,
ab9ac6019621aab72d44440b4f5eb761776d50a6,738,2026-07-29T14:13:12+01:00,2026-07-29T14:13:12+01:00,137794,1347252,1209458,10.23,95652,42142,"[ ☀️ 137 / 1,347 ]",measured,
4496cb19dd46644a3bedb47212026101126c108d,739,2026-07-29T12:53:15Z,2026-07-29T14:14:40+01:00,137968,1347252,1209284,10.24,95652,42316,"[ ☀️ 137 / 1,347 ]",measured,
a98a0d126ef050de12ab2ed9bb77019d5b8cef1a,740,2026-07-29T14:16:23+01:00,2026-07-29T14:16:23+01:00,137968,1347252,1209284,10.24,95652,42316,"[ ☀️ 137 / 1,347 ]",measured,
2307546d9d241887507850a591a8caa761564ba2,741,2026-07-29T14:22:55+01:00,2026-07-29T14:22:55+01:00,137968,1347252,1209284,10.24,95652,42316,"[ ☀️ 137 / 1,347 ]",measured,
b46baca9775955666b77933f2bca00a7be0da8e2,742,2026-07-29T14:27:03+01:00,2026-07-29T14:27:03+01:00,137968,1347252,1209284,10.24,95652,42316,"[ ☀️ 137 / 1,347 ]",measured,
1c52a6ac95f6847192f993e2dbabfca4f426c9d9,743,2026-07-29T14:30:38+01:00,2026-07-29T14:30:38+01:00,137968,1347252,1209284,10.24,95652,42316,"[ ☀️ 137 / 1,347 ]",measured,
6aa5bd1a07c2f411ffad7a675eb0c3336974e1ca,744,2026-07-29T14:33:51+01:00,2026-07-29T14:33:51+01:00,137968,1347252,1209284,10.24,95652,42316,"[ ☀️ 137 / 1,347 ]",measured,
3e8859e83886907e2c51b9fceeb23985cd095cb5,745,2026-07-29T14:37:18+01:00,2026-07-29T14:37:18+01:00,137968,1347252,1209284,10.24,95652,42316,"[ ☀️ 137 / 1,347 ]",measured,
c05787f3b020c65caefb867272732237afc63f9d,746,2026-07-29T14:41:52+01:00,2026-07-29T14:41:52+01:00,137968,1347252,1209284,10.24,95652,42316,"[ ☀️ 137 / 1,347 ]",measured,
28513a0e58b8cb8b7e5e634ba284634f5ac88f92,747,2026-07-29T14:44:38+01:00,2026-07-29T14:44:38+01:00,137968,1347252,1209284,10.24,95652,42316,"[ ☀️ 137 / 1,347 ]",measured,
f75f03abb06c2861a56ba49329296ab52f2d31b3,748,2026-07-29T14:49:06+01:00,2026-07-29T14:49:06+01:00,137968,1347252,1209284,10.24,95652,42316,"[ ☀️ 137 / 1,347 ]",measured,
c0a4f33830665c83240e9a775383746f7bf3f0de,749,2026-07-29T14:53:25+01:00,2026-07-29T14:53:25+01:00,137968,1347252,1209284,10.24,95652,42316,"[ ☀️ 137 / 1,347 ]",measured,
443d64c9ff20ffce5d3920a4c403be564c52080a,750,2026-07-29T15:01:48+01:00,2026-07-29T15:01:48+01:00,137968,1347252,1209284,10.24,95652,42316,"[ ☀️ 137 / 1,347 ]",measured,
3e154622dd01603f6c5c414eb29d0e8f3ebe9034,751,2026-07-29T15:06:06+01:00,2026-07-29T15:06:06+01:00,137968,1347252,1209284,10.24,95652,42316,"[ ☀️ 137 / 1,347 ]",measured,
5113eeeabf10af3608c3730aab6111aad930d63d,752,2026-07-29T15:08:51+01:00,2026-07-29T15:08:51+01:00,137968,1347252,1209284,10.24,95652,42316,"[ ☀️ 137 / 1,347 ]",measured,
fc539a00114e5982c24f9fc455c9e3d4af43f5fb,753,2026-07-29T15:12:19+01:00,2026-07-29T15:12:19+01:00,137968,1347252,1209284,10.24,95652,42316,"[ ☀️ 137 / 1,347 ]",measured,
ff38ec110db64cea711e483ada5a14c966edbb34,754,2026-07-29T15:14:55+01:00,2026-07-29T15:14:55+01:00,137968,1347252,1209284,10.24,95652,42316,"[ ☀️ 137 / 1,347 ]",measured,
b4d45c1e6f65f053d728b836359777d4f53ef788,755,2026-07-29T15:18:24+01:00,2026-07-29T15:18:24+01:00,137968,1347252,1209284,10.24,95652,42316,"[ ☀️ 137 / 1,347 ]",measured,
eb812a16f18f963ffa9b06d169d31d7f9e14852e,756,2026-07-29T15:20:39+01:00,2026-07-29T15:20:39+01:00,137968,1347252,1209284,10.24,95652,42316,"[ ☀️ 137 / 1,347 ]",measured,
b1bc0c9771c0cbda7cb05c29df9f3fe9c11b565c,757,2026-07-29T15:22:54+01:00,2026-07-29T15:22:54+01:00,137968,1347252,1209284,10.24,95652,42316,"[ ☀️ 137 / 1,347 ]",measured,
2360aa75e7d6f547af6831655f759eb7720ce366,758,2026-07-29T14:19:18Z,2026-07-29T15:23:32+01:00,141072,1347252,1206180,10.47,95652,45420,"[ ☀️ 141 / 1,347 ]",measured,
579da274f7ab2cc7fc452db5c4dbce2479f51b0e,759,2026-07-29T15:25:01+01:00,2026-07-29T15:25:01+01:00,141072,1347252,1206180,10.47,95652,45420,"[ ☀️ 141 / 1,347 ]",measured,
de57f5c08c2b0f30ae63906414c5ce5393b3dc59,760,2026-07-29T15:27:46+01:00,2026-07-29T15:27:46+01:00,141072,1347252,1206180,10.47,95652,45420,"[ ☀️ 141 / 1,347 ]",measured,
4e737741648c23fb60d71444647776a9685efabb,761,2026-07-29T15:31:05+01:00,2026-07-29T15:31:05+01:00,141072,1347252,1206180,10.47,95652,45420,"[ ☀️ 141 / 1,347 ]",measured,
bd1ea908852c397e5ea5d78cd5c31cc95c5f1a16,762,2026-07-29T15:33:51+01:00,2026-07-29T15:33:51+01:00,141072,1347252,1206180,10.47,95652,45420,"[ ☀️ 141 / 1,347 ]",measured,
e6f9d5425f6660f8efe965f6353e3f612e32c109,763,2026-07-29T15:35:53+01:00,2026-07-29T15:35:53+01:00,141072,1347252,1206180,10.47,95652,45420,"[ ☀️ 141 / 1,347 ]",measured,
b6d543b22b806e59f980a7cd02a5f58b9ca29b65,764,2026-07-29T15:40:05+01:00,2026-07-29T15:40:05+01:00,141072,1347252,1206180,10.47,95652,45420,"[ ☀️ 141 / 1,347 ]",measured,
c62592030e5910249675c637d029d0cd78d63497,765,2026-07-29T15:43:47+01:00,2026-07-29T15:43:47+01:00,141072,1347252,1206180,10.47,95652,45420,"[ ☀️ 141 / 1,347 ]",measured,
89e96d7d8e79be3ed528cff851bc3942f7b42740,766,2026-07-29T15:46:02+01:00,2026-07-29T15:46:02+01:00,141072,1347252,1206180,10.47,95652,45420,"[ ☀️ 141 / 1,347 ]",measured,
2c81fe66d8c52eb6175ba1f7c639c6a53b8a1858,767,2026-07-29T15:48:20+01:00,2026-07-29T15:48:20+01:00,141072,1347252,1206180,10.47,95652,45420,"[ ☀️ 141 / 1,347 ]",measured,
5ad6dce8b3e3065009ee279281779b26e3a85c8e,768,2026-07-29T14:43:35Z,2026-07-29T15:49:30+01:00,141600,1347252,1205652,10.51,95652,45948,"[ ☀️ 141 / 1,347 ]",measured,
9c086f6ea8706191f74da228a9a6267e93e0011f,769,2026-07-29T15:50:39+01:00,2026-07-29T15:50:39+01:00,141600,1347252,1205652,10.51,95652,45948,"[ ☀️ 141 / 1,347 ]",measured,
b2b4285ef280f9d72936fed59a78f7918b2312b1,770,2026-07-29T15:53:03+01:00,2026-07-29T15:53:03+01:00,141600,1347252,1205652,10.51,95652,45948,"[ ☀️ 141 / 1,347 ]",measured,
875bf043775a6ca4a5826fe1db0776cee8277542,771,2026-07-29T15:55:24+01:00,2026-07-29T15:55:24+01:00,141600,1347252,1205652,10.51,95652,45948,"[ ☀️ 141 / 1,347 ]",measured,
4983227998cde8d7cc808327924a95dc0812f684,772,2026-07-29T15:57:47+01:00,2026-07-29T15:57:47+01:00,141600,1347252,1205652,10.51,95652,45948,"[ ☀️ 141 / 1,347 ]",measured,
03f3b40f092204fea7754fc4b8fd9d4e50f4ed18,773,2026-07-29T16:00:17+01:00,2026-07-29T16:00:17+01:00,141600,1347252,1205652,10.51,95652,45948,"[ ☀️ 141 / 1,347 ]",measured,
5a17b4946bb1da50f491c84a40e7672e7eb1ede8,774,2026-07-29T16:02:56+01:00,2026-07-29T16:02:56+01:00,141600,1347252,1205652,10.51,95652,45948,"[ ☀️ 141 / 1,347 ]",measured,
c84d24476d0ff533889d5e361c44238e1d05618f,775,2026-07-29T16:07:01+01:00,2026-07-29T16:07:01+01:00,141600,1347252,1205652,10.51,95652,45948,"[ ☀️ 141 / 1,347 ]",measured,
04394219d9ead8864acd6172a744543ae95c6067,776,2026-07-29T16:09:10+01:00,2026-07-29T16:09:10+01:00,141600,1347252,1205652,10.51,95652,45948,"[ ☀️ 141 / 1,347 ]",measured,
acab40593b5f93de8d489797fc27c8122205ee14,777,2026-07-29T14:55:12Z,2026-07-29T16:10:07+01:00,143348,1347252,1203904,10.64,95652,47696,"[ ☀️ 143 / 1,347 ]",measured,
a0355a5216e2caa5cc924791f5a77c460f90ea31,778,2026-07-29T16:11:17+01:00,2026-07-29T16:11:17+01:00,143348,1347252,1203904,10.64,95652,47696,"[ ☀️ 143 / 1,347 ]",measured,
e6d67dc609ba7670c42fc19d1985d40cf882ad33,779,2026-07-29T16:13:19+01:00,2026-07-29T16:13:19+01:00,143348,1347252,1203904,10.64,95652,47696,"[ ☀️ 143 / 1,347 ]",measured,
658803a421c8a8e09ed08a66a6667a368288c3d4,780,2026-07-29T16:16:16+01:00,2026-07-29T16:16:16+01:00,143348,1347252,1203904,10.64,95652,47696,"[ ☀️ 143 / 1,347 ]",measured,
89e975c3958964b1bd3f6e276cb32c93b9022c54,781,2026-07-29T16:18:42+01:00,2026-07-29T16:18:42+01:00,143348,1347252,1203904,10.64,95652,47696,"[ ☀️ 143 / 1,347 ]",measured,
cf7d8791633f1b74626d072833d4ce99dd7d0df8,782,2026-07-29T16:21:00+01:00,2026-07-29T16:21:00+01:00,143348,1347252,1203904,10.64,95652,47696,"[ ☀️ 143 / 1,347 ]",measured,
c4ed37910e3ffd866a034d1b7a9c5cc3fbc03f35,783,2026-07-29T16:23:09+01:00,2026-07-29T16:23:09+01:00,143348,1347252,1203904,10.64,95652,47696,"[ ☀️ 143 / 1,347 ]",measured,
5a7c865b8f1d7670e32b50d0ba4e6707f053ac08,784,2026-07-29T16:26:26+01:00,2026-07-29T16:26:26+01:00,143348,1347252,1203904,10.64,95652,47696,"[ ☀️ 143 / 1,347 ]",measured,
41c94e33d7fde40539b5bf3c37e694f3d5f1df04,785,2026-07-29T15:23:01Z,2026-07-29T16:29:15+01:00,144122,1347252,1203130,10.7,95652,48470,"[ ☀️ 144 / 1,347 ]",measured,
db5fedc7fdd1df562bbab8dc308bdca3ba978958,786,2026-07-29T16:31:30+01:00,2026-07-29T16:31:30+01:00,144122,1347252,1203130,10.7,95652,48470,"[ ☀️ 144 / 1,347 ]",measured,
e6dcf3cc7ca3a690212975dfeb8aec3532d91aab,787,2026-07-29T16:35:29+01:00,2026-07-29T16:35:29+01:00,144122,1347252,1203130,10.7,95652,48470,"[ ☀️ 144 / 1,347 ]",measured,
743c2594f708acf308372e48e153a1bcc233283a,788,2026-07-29T16:39:30+01:00,2026-07-29T16:39:30+01:00,144122,1347252,1203130,10.7,95652,48470,"[ ☀️ 144 / 1,347 ]",measured,
a5f5dd21f91c51fd58c985eb8b6ea23d8f384b1a,789,2026-07-29T16:42:11+01:00,2026-07-29T16:42:11+01:00,144122,1347252,1203130,10.7,95652,48470,"[ ☀️ 144 / 1,347 ]",measured,
1f689f1dde720c6de5a72e32445562a6503daba9,790,2026-07-29T16:44:34+01:00,2026-07-29T16:44:34+01:00,144122,1347252,1203130,10.7,95652,48470,"[ ☀️ 144 / 1,347 ]",measured,
8f1c8f8f65d3b811e2cb55b23416483e35c51c8e,791,2026-07-29T16:47:05+01:00,2026-07-29T16:47:05+01:00,144122,1347252,1203130,10.7,95652,48470,"[ ☀️ 144 / 1,347 ]",measured,
696353e611c0b3a7500e3b227c38934dc6956e96,792,2026-07-29T16:50:03+01:00,2026-07-29T16:50:03+01:00,144122,1347252,1203130,10.7,95652,48470,"[ ☀️ 144 / 1,347 ]",measured,
f194d6b4ef80834d059c9c33187de64af39b320d,793,2026-07-29T16:52:08+01:00,2026-07-29T16:52:08+01:00,144122,1347252,1203130,10.7,95652,48470,"[ ☀️ 144 / 1,347 ]",measured,
2811c1248effca1a9651b822ee79f715cbebf833,794,2026-07-29T16:54:44+01:00,2026-07-29T16:54:44+01:00,144122,1347252,1203130,10.7,95652,48470,"[ ☀️ 144 / 1,347 ]",measured,
91ee71cadcc64496aaa0fdd44fae7cd0c6018019,795,2026-07-29T16:57:49+01:00,2026-07-29T16:57:49+01:00,144122,1347252,1203130,10.7,95652,48470,"[ ☀️ 144 / 1,347 ]",measured,
013db494e71514614a7ad52e65bc7d029a35bf76,796,2026-07-29T17:00:17+01:00,2026-07-29T17:00:17+01:00,144122,1347252,1203130,10.7,95652,48470,"[ ☀️ 144 / 1,347 ]",measured,
97c8f39f839ad33fbbacd43f861e869285eac780,797,2026-07-29T17:02:52+01:00,2026-07-29T17:02:52+01:00,144122,1347252,1203130,10.7,95652,48470,"[ ☀️ 144 / 1,347 ]",measured,
5f73112557f80718f2f985a4588c9ccdf7f2a0d7,798,2026-07-29T17:06:03+01:00,2026-07-29T17:06:03+01:00,144122,1347252,1203130,10.7,95652,48470,"[ ☀️ 144 / 1,347 ]",measured,
e691d2d90229da3ddbd697ed6ad4039583c73f5d,799,2026-07-29T17:08:18+01:00,2026-07-29T17:08:18+01:00,144122,1347252,1203130,10.7,95652,48470,"[ ☀️ 144 / 1,347 ]",measured,
7b170f8db57f4dee0fe4a767b12ef39fab809012,800,2026-07-29T17:10:45+01:00,2026-07-29T17:10:45+01:00,144122,1347252,1203130,10.7,95652,48470,"[ ☀️ 144 / 1,347 ]",measured,
91fb99c2ffaf38061ad867a590004ed947cb41b1,801,2026-07-29T17:17:39+01:00,2026-07-29T17:17:39+01:00,144122,1347252,1203130,10.7,95652,48470,"[ ☀️ 144 / 1,347 ]",measured,
546f6dee46e7495949bb4b99f8bdb30feef8ee2f,802,2026-07-29T17:20:00+01:00,2026-07-29T17:20:00+01:00,144122,1347252,1203130,10.7,95652,48470,"[ ☀️ 144 / 1,347 ]",measured,
538494d2b13bbc3a065bd4e9ebe6eb4bc23800fe,803,2026-07-29T17:27:25+01:00,2026-07-29T17:27:25+01:00,144122,1347252,1203130,10.7,95652,48470,"[ ☀️ 144 / 1,347 ]",measured,
a79542545b07704775c58ec149ea8de3c69fc8dc,804,2026-07-29T17:31:46+01:00,2026-07-29T17:31:46+01:00,144122,1347252,1203130,10.7,95652,48470,"[ ☀️ 144 / 1,347 ]",measured,
6625621e0297952d87cc57efc60bacfcd78ed004,805,2026-07-29T17:36:58+01:00,2026-07-29T17:36:58+01:00,145510,1347252,1201742,10.8,95652,49858,"[ ☀️ 145 / 1,347 ]",measured,
867e88ca28bf525b8844d6d5a33d2bbae01fa49f,806,2026-07-29T17:41:09+01:00,2026-07-29T17:41:09+01:00,145510,1347252,1201742,10.8,95652,49858,"[ ☀️ 145 / 1,347 ]",measured,
20453dfaff0d2ddf5fd89560582c535f2fc01d97,807,2026-07-29T17:45:51+01:00,2026-07-29T17:45:51+01:00,145510,1347252,1201742,10.8,95652,49858,"[ ☀️ 145 / 1,347 ]",measured,
516ac859d6495207a2967cc1561eb397da311143,808,2026-07-29T17:52:21+01:00,2026-07-29T17:52:21+01:00,145510,1347252,1201742,10.8,95652,49858,"[ ☀️ 145 / 1,347 ]",measured,
4eef69cb09f2c1d09278fbc27b3e17642ed8550c,809,2026-07-29T17:55:31+01:00,2026-07-29T17:55:31+01:00,145510,1347252,1201742,10.8,95652,49858,"[ ☀️ 145 / 1,347 ]",measured,
3d8bb6c7566ba3bf6c6fae7fe8be3f9b46c6fd86,810,2026-07-29T18:03:48+01:00,2026-07-29T18:03:48+01:00,145510,1347252,1201742,10.8,95652,49858,"[ ☀️ 145 / 1,347 ]",measured,
593d5af34a95855d903521c3c0178666e1b76d55,811,2026-07-29T18:10:33+01:00,2026-07-29T18:10:33+01:00,145510,1347252,1201742,10.8,95652,49858,"[ ☀️ 145 / 1,347 ]",measured,
93e21f03d3a2a1e5e9fa455a6e5dcfd7ad1fd23c,812,2026-07-29T18:14:28+01:00,2026-07-29T18:14:28+01:00,147614,1347252,1199638,10.96,95652,51962,"[ ☀️ 147 / 1,347 ]",measured,
5d8ace499f986f28a0b26f94ce993bb99a7fd137,813,2026-07-29T18:16:26+01:00,2026-07-29T18:16:26+01:00,147614,1347252,1199638,10.96,95652,51962,"[ ☀️ 147 / 1,347 ]",measured,
747f6dcc80263dabfbc58fb6b845f2b8cfb54f2a,814,2026-07-29T18:25:29+01:00,2026-07-29T18:25:29+01:00,147614,1347252,1199638,10.96,95652,51962,"[ ☀️ 147 / 1,347 ]",measured,
d702b591387244548ab6467df22eacda33238fbd,815,2026-07-29T18:28:25+01:00,2026-07-29T18:28:25+01:00,147614,1347252,1199638,10.96,95652,51962,"[ ☀️ 147 / 1,347 ]",measured,
aa5611a9aff59e8fd1ec76ac616947f52f6b140d,816,2026-07-29T18:30:51+01:00,2026-07-29T18:30:51+01:00,147614,1347252,1199638,10.96,95652,51962,"[ ☀️ 147 / 1,347 ]",measured,
9eea505d5485a71fb421c7f49f52883046a6f8ba,817,2026-07-29T18:33:11+01:00,2026-07-29T18:33:11+01:00,147614,1347252,1199638,10.96,95652,51962,"[ ☀️ 147 / 1,347 ]",measured,
e11aba1caadb2dbc9809c0d50ad7e264289bc60e,818,2026-07-29T18:37:52+01:00,2026-07-29T18:37:52+01:00,147614,1347252,1199638,10.96,95652,51962,"[ ☀️ 147 / 1,347 ]",measured,
b7635e32c2d01ed852c1a5130bf8deaffc513de2,819,2026-07-29T18:40:12+01:00,2026-07-29T18:40:12+01:00,147614,1347252,1199638,10.96,95652,51962,"[ ☀️ 147 / 1,347 ]",measured,
86d823f89b882d93a2a917f0efe40801ff75e7bb,820,2026-07-29T18:43:34+01:00,2026-07-29T18:43:34+01:00,147614,1347252,1199638,10.96,95652,51962,"[ ☀️ 147 / 1,347 ]",measured,
21d625328693f90b80c3a389006f5110046625d9,821,2026-07-29T18:45:28+01:00,2026-07-29T18:45:28+01:00,147614,1347252,1199638,10.96,95652,51962,"[ ☀️ 147 / 1,347 ]",measured,
78d39f85f49b4615a439bb075096df20e94801c5,822,2026-07-29T18:49:45+01:00,2026-07-29T18:49:45+01:00,147614,1347252,1199638,10.96,95652,51962,"[ ☀️ 147 / 1,347 ]",measured,
771a6af436d9d545ad1f6d1f3f0a115bb8d7d5f2,823,2026-07-29T18:56:10+01:00,2026-07-29T18:56:10+01:00,147614,1347252,1199638,10.96,95652,51962,"[ ☀️ 147 / 1,347 ]",measured,
73f274e0f7119829d595fa7277111f1fcd87c4c2,824,2026-07-29T19:00:09+01:00,2026-07-29T19:00:09+01:00,147614,1347252,1199638,10.96,95652,51962,"[ ☀️ 147 / 1,347 ]",measured,
41ed935045de5a86d37835093589a86294d6616f,825,2026-07-29T19:05:29+01:00,2026-07-29T19:05:29+01:00,147614,1347252,1199638,10.96,95652,51962,"[ ☀️ 147 / 1,347 ]",measured,
70821de3d87461ec5ed3787ae0953ccb04474d25,826,2026-07-29T19:08:11+01:00,2026-07-29T19:08:11+01:00,147614,1347252,1199638,10.96,95652,51962,"[ ☀️ 147 / 1,347 ]",measured,
680f73cbc0215586c0b3c9e835cc4ef23bc42343,827,2026-07-29T19:14:46+01:00,2026-07-29T19:14:46+01:00,147614,1347252,1199638,10.96,95652,51962,"[ ☀️ 147 / 1,347 ]",measured,
06412e8c8af1e52ff4c51903cb60ec40fe5cc712,828,2026-07-29T19:20:05+01:00,2026-07-29T19:20:05+01:00,147614,1347252,1199638,10.96,95652,51962,"[ ☀️ 147 / 1,347 ]",measured,
692eea072a451fdfca3699972a891edf58675a20,829,2026-07-29T19:24:52+01:00,2026-07-29T19:24:52+01:00,147614,1347252,1199638,10.96,95652,51962,"[ ☀️ 147 / 1,347 ]",measured,
05c33ee82da2867a562b00b8b8449900dbd5ecae,830,2026-07-29T19:27:59+01:00,2026-07-29T19:27:59+01:00,147614,1347252,1199638,10.96,95652,51962,"[ ☀️ 147 / 1,347 ]",measured,
a2c535ddabf3da1705a7851b896af500b2c15dc1,831,2026-07-29T19:32:14+01:00,2026-07-29T19:32:14+01:00,147614,1347252,1199638,10.96,95652,51962,"[ ☀️ 147 / 1,347 ]",measured,
482673116d3ca96ed1617cbbd8652e4800c15204,832,2026-07-29T19:36:16+01:00,2026-07-29T19:36:16+01:00,147614,1347252,1199638,10.96,95652,51962,"[ ☀️ 147 / 1,347 ]",measured,
e8eb328a8c7f87ad0c94a306d1837ee8f43007f5,833,2026-07-29T19:38:59+01:00,2026-07-29T19:38:59+01:00,147614,1347252,1199638,10.96,95652,51962,"[ ☀️ 147 / 1,347 ]",measured,
7fa6dc5165d22036a5689e8b9ce5ad9ed549dfa0,834,2026-07-29T19:43:03+01:00,2026-07-29T19:43:03+01:00,147614,1347252,1199638,10.96,95652,51962,"[ ☀️ 147 / 1,347 ]",measured,
49cbde670a3d0099de59555b0f9a746904788530,835,2026-07-29T19:45:09+01:00,2026-07-29T19:45:09+01:00,147614,1347252,1199638,10.96,95652,51962,"[ ☀️ 147 / 1,347 ]",measured,
9b3a29bc4f3121166b02f61ad311870d4ccdb8ee,836,2026-07-29T19:51:09+01:00,2026-07-29T19:51:09+01:00,147614,1347252,1199638,10.96,95652,51962,"[ ☀️ 147 / 1,347 ]",measured,
6aecdb6efa58b17a222475495039b575d6307e98,837,2026-07-29T19:56:14+01:00,2026-07-29T19:56:14+01:00,147614,1347252,1199638,10.96,95652,51962,"[ ☀️ 147 / 1,347 ]",measured,
57c9c271fea1bd81250f337feec56c5fde164c03,838,2026-07-29T20:02:53+01:00,2026-07-29T20:02:53+01:00,147614,1347252,1199638,10.96,95652,51962,"[ ☀️ 147 / 1,347 ]",measured,
e7695fb8c12c0c9a997e1b01206e5d002cc93309,839,2026-07-29T20:08:55+01:00,2026-07-29T20:08:55+01:00,147614,1347252,1199638,10.96,95652,51962,"[ ☀️ 147 / 1,347 ]",measured,
e37499a06ca1188769de986c58c66ae2eaf92f74,840,2026-07-29T20:12:57+01:00,2026-07-29T20:12:57+01:00,147614,1347252,1199638,10.96,95652,51962,"[ ☀️ 147 / 1,347 ]",measured,
a70802fdff649d2fcbe848a51a8be6a57d7f70ca,841,2026-07-29T20:16:49+01:00,2026-07-29T20:16:49+01:00,147614,1347252,1199638,10.96,95652,51962,"[ ☀️ 147 / 1,347 ]",measured,
d6fc00cf82bf7d405f3e6dc94cead701c165b616,842,2026-07-29T20:21:28+01:00,2026-07-29T20:21:28+01:00,147614,1347252,1199638,10.96,95652,51962,"[ ☀️ 147 / 1,347 ]",measured,
337d6baf102a2ab01ddbe1c1b9a6eeae01ab83a7,843,2026-07-29T20:25:41+01:00,2026-07-29T20:25:41+01:00,147614,1347252,1199638,10.96,95652,51962,"[ ☀️ 147 / 1,347 ]",measured,
e1b1294062940e036767d28fc6489a91049e650b,844,2026-07-29T20:29:26+01:00,2026-07-29T20:29:26+01:00,147614,1347252,1199638,10.96,95652,51962,"[ ☀️ 147 / 1,347 ]",measured,
6d96d3653debdafbf35948ba25ef472997b3e6e3,845,2026-07-29T20:33:34+01:00,2026-07-29T20:33:34+01:00,147614,1347252,1199638,10.96,95652,51962,"[ ☀️ 147 / 1,347 ]",measured,
adc6565eb20f8500f01f9284c6fda60b07999a06,846,2026-07-29T20:40:38+01:00,2026-07-29T20:40:38+01:00,147614,1347252,1199638,10.96,95652,51962,"[ ☀️ 147 / 1,347 ]",measured,
5b5732ede560a993386750d8f41e5d1dbb287bd9,847,2026-07-29T20:44:20+01:00,2026-07-29T20:44:20+01:00,147614,1347252,1199638,10.96,95652,51962,"[ ☀️ 147 / 1,347 ]",measured,
e68a800cde140eed294526da430e087b58187ea5,848,2026-07-29T20:50:43+01:00,2026-07-29T20:50:43+01:00,147614,1347252,1199638,10.96,95652,51962,"[ ☀️ 147 / 1,347 ]",measured,
3ad57fc7a016f98adc71c8c59590fc581ef96ee7,849,2026-07-29T20:54:30+01:00,2026-07-29T20:54:30+01:00,147614,1347252,1199638,10.96,95652,51962,"[ ☀️ 147 / 1,347 ]",measured,
7cbda71b43e103b83f72580e131bd5a46554bd0d,850,2026-07-29T20:58:26+01:00,2026-07-29T20:58:26+01:00,147614,1347252,1199638,10.96,95652,51962,"[ ☀️ 147 / 1,347 ]",measured,
9121b55f6dcfaf3d42777ddeb6201629bfbc3ef4,851,2026-07-29T21:03:02+01:00,2026-07-29T21:03:02+01:00,147614,1347252,1199638,10.96,95652,51962,"[ ☀️ 147 / 1,347 ]",measured,
5bbed2fc98429386f6bafc11daf49d1b5b7e1ed1,852,2026-07-29T21:06:47+01:00,2026-07-29T21:06:47+01:00,147614,1347252,1199638,10.96,95652,51962,"[ ☀️ 147 / 1,347 ]",measured,
e1ccae5fddec10a9ab2a564b18582d3f5084522f,853,2026-07-29T21:11:04+01:00,2026-07-29T21:11:04+01:00,147614,1347252,1199638,10.96,95652,51962,"[ ☀️ 147 / 1,347 ]",measured,
52ff288e28eb498018b1e84043412fcb2694d81b,854,2026-07-29T21:15:11+01:00,2026-07-29T21:15:11+01:00,147614,1347252,1199638,10.96,95652,51962,"[ ☀️ 147 / 1,347 ]",measured,
ddbeaee188acf546be8fd2b33ab3ac20392de1af,855,2026-07-29T21:18:35+01:00,2026-07-29T21:18:35+01:00,147614,1347252,1199638,10.96,95652,51962,"[ ☀️ 147 / 1,347 ]",measured,
d5e0f77193bc5a6963d936efc29ce3ac03035efe,856,2026-07-29T21:22:43+01:00,2026-07-29T21:22:43+01:00,147614,1347252,1199638,10.96,95652,51962,"[ ☀️ 147 / 1,347 ]",measured,
a1884b7e8428f2b053f13488a58d03f8058a16c5,857,2026-07-29T21:27:23+01:00,2026-07-29T21:27:23+01:00,147614,1347252,1199638,10.96,95652,51962,"[ ☀️ 147 / 1,347 ]",measured,
cf8f264f87bf6aaaa75f7cd9e8bcc8e620e5e8c4,858,2026-07-29T21:32:10+01:00,2026-07-29T21:32:10+01:00,147614,1347252,1199638,10.96,95652,51962,"[ ☀️ 147 / 1,347 ]",measured,
479dd30b7948b370b52849290716fe689e8cc16b,859,2026-07-29T21:36:21+01:00,2026-07-29T21:36:21+01:00,147614,1347252,1199638,10.96,95652,51962,"[ ☀️ 147 / 1,347 ]",measured,
163b3c330dd6d13129e5aa93065dc597dd6fa673,860,2026-07-29T21:40:53+01:00,2026-07-29T21:40:53+01:00,147614,1347252,1199638,10.96,95652,51962,"[ ☀️ 147 / 1,347 ]",measured,
376d61f348a9dab1b23e5fa2731b23dd5aa2c9de,861,2026-07-30T09:04:53+01:00,2026-07-30T09:04:53+01:00,173222,1347252,1174030,12.86,96914,76308,"[ ☀️ 173 / 1,347 ]",measured,
4f066e0bbfbf6e53997270aea343fd990273abab,862,2026-07-30T09:06:22+01:00,2026-07-30T09:06:22+01:00,173222,1347252,1174030,12.86,96914,76308,"[ ☀️ 173 / 1,347 ]",measured,
228bfe028ee981ab59972cd8beae2db43f1960a3,863,2026-07-30T09:35:16+01:00,2026-07-30T09:35:16+01:00,173222,1347252,1174030,12.86,96914,76308,"[ ☀️ 173 / 1,347 ]",measured,
9399cbfe6c86fe884dcc0f8a4cb826a455b11492,864,2026-07-30T09:43:47+01:00,2026-07-30T09:43:47+01:00,173222,1347252,1174030,12.86,96914,76308,"[ ☀️ 173 / 1,347 ]",measured,
d3eb693dd495cec3444914ec5395f8cda03318fb,865,2026-07-30T09:51:56+01:00,2026-07-30T09:51:56+01:00,173222,1347252,1174030,12.86,96914,76308,"[ ☀️ 173 / 1,347 ]",measured,
eb462ae149b309f5c5d246f6e0a1bdde97e65732,866,2026-07-30T10:01:42+01:00,2026-07-30T10:01:42+01:00,173222,1347252,1174030,12.86,96914,76308,"[ ☀️ 173 / 1,347 ]",measured,
e5872f6b4ce45bbd97cc07524bcbd96ab138f5e9,867,2026-07-30T10:05:17+01:00,2026-07-30T10:05:17+01:00,173222,1347252,1174030,12.86,96914,76308,"[ ☀️ 173 / 1,347 ]",measured,
1d729a03955bb62022e4b9ad2fff562580286b3d,868,2026-07-30T10:09:13+01:00,2026-07-30T10:09:13+01:00,173222,1347252,1174030,12.86,96914,76308,"[ ☀️ 173 / 1,347 ]",measured,
94e5fb3326437e8ffb6c8d2445887086e7930d73,869,2026-07-30T10:13:50+01:00,2026-07-30T10:13:50+01:00,173222,1347252,1174030,12.86,96914,76308,"[ ☀️ 173 / 1,347 ]",measured,
2d71c5a8353765c154057664365454bffc5e45ab,870,2026-07-30T10:15:46+01:00,2026-07-30T10:15:46+01:00,175694,1347252,1171558,13.04,96914,78780,"[ ☀️ 175 / 1,347 ]",measured,
a1b535b6faf2ebd3335b2d90f10e1957d0474ef4,871,2026-07-30T10:18:45+01:00,2026-07-30T10:18:45+01:00,175694,1347252,1171558,13.04,96914,78780,"[ ☀️ 175 / 1,347 ]",measured,
263a4481fc222dc077f89185842bb033be4c73dd,872,2026-07-30T10:23:17+01:00,2026-07-30T10:23:17+01:00,175694,1347252,1171558,13.04,96914,78780,"[ ☀️ 175 / 1,347 ]",measured,
c9c2b5fab6ef1b1529ab6029e6620e55f5bc6d29,873,2026-07-30T10:31:43+01:00,2026-07-30T10:31:43+01:00,175694,1347252,1171558,13.04,96914,78780,"[ ☀️ 175 / 1,347 ]",measured,
bcd3432a2e7ed4cf295909df9d908609e54ce46f,874,2026-07-30T10:34:46+01:00,2026-07-30T10:34:46+01:00,175694,1347252,1171558,13.04,96914,78780,"[ ☀️ 175 / 1,347 ]",measured,
bab2a9864df7aaee7c738408192cc5499f6e8a6f,875,2026-07-30T10:37:32+01:00,2026-07-30T10:37:32+01:00,175694,1347252,1171558,13.04,96914,78780,"[ ☀️ 175 / 1,347 ]",measured,
4ad78ba9b5ac60b6ed76b68a869b26380e255a8d,876,2026-07-30T10:42:04+01:00,2026-07-30T10:42:04+01:00,175694,1347252,1171558,13.04,96914,78780,"[ ☀️ 175 / 1,347 ]",measured,
f44d087711be2f937ded67d7ba751ba61a5f524d,877,2026-07-30T10:47:19+01:00,2026-07-30T10:47:19+01:00,175694,1347252,1171558,13.04,96914,78780,"[ ☀️ 175 / 1,347 ]",measured,
550430f79b6d1058fc22a443f6ec6a61d0918250,878,2026-07-30T10:48:13+01:00,2026-07-30T10:48:13+01:00,175694,1347252,1171558,13.04,96914,78780,"[ ☀️ 175 / 1,347 ]",measured,
cc12831fd8d28b3bfa1ecac4bb906b607fde6d8c,879,2026-07-30T10:51:49+01:00,2026-07-30T10:51:49+01:00,175694,1347252,1171558,13.04,96914,78780,"[ ☀️ 175 / 1,347 ]",measured,
d6d7df5311cba63623f2f792c9c799bb70c2918f,880,2026-07-30T10:56:17+01:00,2026-07-30T10:56:17+01:00,176574,1347252,1170678,13.11,96914,79660,"[ ☀️ 176 / 1,347 ]",measured,
05615f419523ae61f914cfa3b8344f49e54f3c9d,881,2026-07-30T10:57:47+01:00,2026-07-30T10:57:47+01:00,176574,1347252,1170678,13.11,96914,79660,"[ ☀️ 176 / 1,347 ]",measured,
31a4619ab58d0eb731bb1ac85b79d6484f637d37,882,2026-07-30T11:02:04+01:00,2026-07-30T11:02:04+01:00,176574,1347252,1170678,13.11,96914,79660,"[ ☀️ 176 / 1,347 ]",measured,
a54b1194cffa7a33493853ac0924e6c0bd05f3b7,883,2026-07-30T11:05:28+01:00,2026-07-30T11:05:28+01:00,176574,1347252,1170678,13.11,96914,79660,"[ ☀️ 176 / 1,347 ]",measured,
314d538337cc96b2802c2effac93a2938a43f1c8,884,2026-07-30T11:08:22+01:00,2026-07-30T11:08:22+01:00,176574,1347252,1170678,13.11,96914,79660,"[ ☀️ 176 / 1,347 ]",measured,
b5816065126a13394ec37ad723927aacb1f5fcf3,885,2026-07-30T11:11:37+01:00,2026-07-30T11:11:37+01:00,176574,1347252,1170678,13.11,96914,79660,"[ ☀️ 176 / 1,347 ]",measured,
1bbda69e1d2c748114e728c315de8ba32cd4e1d4,886,2026-07-30T11:14:34+01:00,2026-07-30T11:14:34+01:00,176574,1347252,1170678,13.11,96914,79660,"[ ☀️ 176 / 1,347 ]",measured,
ae277e4bfcfda8b783d6117c6d314bb32bd48af9,887,2026-07-30T11:18:14+01:00,2026-07-30T11:18:14+01:00,176574,1347252,1170678,13.11,96914,79660,"[ ☀️ 176 / 1,347 ]",measured,
989509a1c74f33cc06b3d986ff9fac2eaf37764c,888,2026-07-30T11:21:54+01:00,2026-07-30T11:21:54+01:00,176574,1347252,1170678,13.11,96914,79660,"[ ☀️ 176 / 1,347 ]",measured,
fdac977e1f49d85a9f4647160ecc1a86d5aa8fad,889,2026-07-30T11:24:52+01:00,2026-07-30T11:24:52+01:00,176574,1347252,1170678,13.11,96914,79660,"[ ☀️ 176 / 1,347 ]",measured,
a2ad6ff739e013d4735be09534375fba6368f5b6,890,2026-07-30T11:31:20+01:00,2026-07-30T11:31:20+01:00,176574,1347252,1170678,13.11,96914,79660,"[ ☀️ 176 / 1,347 ]",measured,
c856eb7769228d6ba384815e7dfe4e8a5ca8546d,891,2026-07-30T11:38:40+01:00,2026-07-30T11:38:40+01:00,176574,1347252,1170678,13.11,96914,79660,"[ ☀️ 176 / 1,347 ]",measured,
d3c67e1584065fa48855424ce856d91e761f24ea,892,2026-07-30T11:44:05+01:00,2026-07-30T11:44:05+01:00,176574,1347252,1170678,13.11,96914,79660,"[ ☀️ 176 / 1,347 ]",measured,
8a0049e5fa66f55d0dddcdcb647a90bc5f0073db,893,2026-07-30T11:49:02+01:00,2026-07-30T11:49:02+01:00,176574,1347252,1170678,13.11,96914,79660,"[ ☀️ 176 / 1,347 ]",measured,
c8358b2e224b801623c3d344f1193e881f2b8458,894,2026-07-30T11:53:41+01:00,2026-07-30T11:53:41+01:00,176574,1347252,1170678,13.11,96914,79660,"[ ☀️ 176 / 1,347 ]",measured,
08e45cf8e5bb3b0f60599344263386309e54a1a6,895,2026-07-30T11:59:16+01:00,2026-07-30T11:59:16+01:00,176574,1347252,1170678,13.11,96914,79660,"[ ☀️ 176 / 1,347 ]",measured,
2455a8f9e3a2cf04f2cb133f41ddf6fa73d7d91e,896,2026-07-30T12:04:34+01:00,2026-07-30T12:04:34+01:00,176574,1347252,1170678,13.11,96914,79660,"[ ☀️ 176 / 1,347 ]",measured,
e498a05066818f6efa9a6a60e269ce29fe248b80,897,2026-07-30T12:13:48+01:00,2026-07-30T12:13:48+01:00,176574,1347252,1170678,13.11,96914,79660,"[ ☀️ 176 / 1,347 ]",measured,
6441696f43fbb9b46c3393a49871c2e2aa5c9870,898,2026-07-30T12:19:36+01:00,2026-07-30T12:19:36+01:00,176574,1347252,1170678,13.11,96914,79660,"[ ☀️ 176 / 1,347 ]",measured,
590ebcad4b823c85913cdaeeae5e60ecc7759231,899,2026-07-30T12:24:52+01:00,2026-07-30T12:24:52+01:00,176574,1347252,1170678,13.11,96914,79660,"[ ☀️ 176 / 1,347 ]",measured,
654f8fc5b10af10da5cd5c8bb60e4ade40ce9821,900,2026-07-30T12:31:46+01:00,2026-07-30T12:31:46+01:00,176574,1347252,1170678,13.11,96914,79660,"[ ☀️ 176 / 1,347 ]",measured,
6a80b4cc528d9e636fde8b9cd2230b4edd53c1a0,901,2026-07-30T12:41:28+01:00,2026-07-30T12:41:28+01:00,176574,1347252,1170678,13.11,96914,79660,"[ ☀️ 176 / 1,347 ]",measured,
d5296b88ebedf2923eb30b0b2a5985548790e355,902,2026-07-30T12:50:19+01:00,2026-07-30T12:50:19+01:00,176574,1347252,1170678,13.11,96914,79660,"[ ☀️ 176 / 1,347 ]",measured,
a78141b44c550229d65264a2a2a77930c400e926,903,2026-07-30T12:54:48+01:00,2026-07-30T12:54:48+01:00,194390,1347252,1152862,14.43,96914,97476,"[ ☀️ 194 / 1,347 ]",measured,
65ae5c610103cdf003aa9e5d88f97c3b7ddb65d5,904,2026-07-30T13:03:32+01:00,2026-07-30T13:03:32+01:00,194390,1347252,1152862,14.43,96914,97476,"[ ☀️ 194 / 1,347 ]",measured,
fa25d55581a5ea6d41210cc4190606c299c63464,905,2026-07-30T13:11:09+01:00,2026-07-30T13:11:09+01:00,194390,1347252,1152862,14.43,96914,97476,"[ ☀️ 194 / 1,347 ]",measured,
ccf8dac7bc18f094feba1aba7be7595870042f55,906,2026-07-30T13:16:36+01:00,2026-07-30T13:16:36+01:00,194390,1347252,1152862,14.43,96914,97476,"[ ☀️ 194 / 1,347 ]",measured,
b29de8b343d8a17fec44e0ad9bf5472970d84ef3,907,2026-07-30T12:24:50Z,2026-07-30T12:24:50Z,194390,1347252,1152862,14.43,96914,97476,"[ ☀️ 194 / 1,347 ]",measured,
4ac5771a7fd3cc0e61a2a43ceab74c5caeb3f01c,908,2026-07-30T12:25:46Z,2026-07-30T12:25:46Z,194390,1347252,1152862,14.43,96914,97476,"[ ☀️ 194 / 1,347 ]",measured,
2a4818acb507fa7308427ecd26541af4b4263561,909,2026-07-30T14:34:12Z,2026-07-30T14:34:12Z,194390,1347252,1152862,14.43,96914,97476,"[ ☀️ 194 / 1,347 ]",measured,
50c3d6e81c07ded26ca3bcbc0daabe1dce2603db,910,2026-07-30T15:33:17Z,2026-07-30T15:33:17Z,194390,1347252,1152862,14.43,96914,97476,"[ ☀️ 194 / 1,347 ]",measured,
f15d8317d4515a829569104834107805477c8190,911,2026-07-30T15:57:27Z,2026-07-30T15:57:27Z,194390,1347252,1152862,14.43,96914,97476,"[ ☀️ 194 / 1,347 ]",measured,
7438eb92d38cf1b09610140e4c1cb5585b017f11,912,2026-07-30T16:07:47Z,2026-07-30T16:07:47Z,194950,1347252,1152302,14.47,97474,97476,"[ ☀️ 194 / 1,347 ]",measured,
37cd1e66edbf3c56e4896c85814965d69b1cd886,913,2026-07-30T16:11:49Z,2026-07-30T16:11:49Z,194950,1347252,1152302,14.47,97474,97476,"[ ☀️ 194 / 1,347 ]",measured,
bf28ee35db0edd0a112826bbd57cb75c49733212,914,2026-07-30T16:18:18Z,2026-07-30T16:18:18Z,194950,1347252,1152302,14.47,97474,97476,"[ ☀️ 194 / 1,347 ]",measured,
bcd35b4eda7521eafb828b0e5b82597294faad60,915,2026-07-30T16:28:01Z,2026-07-30T16:28:01Z,194950,1347252,1152302,14.47,97474,97476,"[ ☀️ 194 / 1,347 ]",measured,
8b52b576f4b44a84e2207852d21a370c6c12a4a1,916,2026-07-30T16:51:45Z,2026-07-30T16:51:45Z,194950,1347252,1152302,14.47,97474,97476,"[ ☀️ 194 / 1,347 ]",measured,
86a10a19681c04658e80a1a8b5dcc619484a0c8c,917,2026-07-30T16:53:49Z,2026-07-30T16:53:49Z,194950,1347252,1152302,14.47,97474,97476,"[ ☀️ 194 / 1,347 ]",measured,
1f5ff77881b14ac34b2518d054deac34d31d9239,918,2026-07-30T16:58:25Z,2026-07-30T16:58:25Z,194950,1347252,1152302,14.47,97474,97476,"[ ☀️ 194 / 1,347 ]",measured,
efc377d3736556329cf896d80debb5047c6f8eaa,919,2026-07-30T17:00:18Z,2026-07-30T17:00:18Z,194950,1347252,1152302,14.47,97474,97476,"[ ☀️ 194 / 1,347 ]",measured,
f8645aa21ac03e4efbe10c73504df2ec9399eb4d,920,2026-07-30T17:05:29Z,2026-07-30T17:05:29Z,194950,1347252,1152302,14.47,97474,97476,"[ ☀️ 194 / 1,347 ]",measured,
b39f98e3a9a616fe7eaa7aa7b19947892149b824,921,2026-07-30T17:09:58Z,2026-07-30T17:09:58Z,194950,1347252,1152302,14.47,97474,97476,"[ ☀️ 194 / 1,347 ]",measured,
86c73d383e57553359f0908b4426cb00156bf37a,922,2026-07-30T17:59:43Z,2026-07-30T17:59:43Z,203764,1347252,1143488,15.12,101344,102420,"[ ☀️ 203 / 1,347 ]",measured,
a0c47611ae943be39c81af2b413b932f89ae6c7f,923,2026-07-30T18:03:19Z,2026-07-30T18:03:19Z,203764,1347252,1143488,15.12,101344,102420,"[ ☀️ 203 / 1,347 ]",measured,
4566088e67066ad4111ac3c7201831392e0fec2e,924,2026-07-30T18:27:03Z,2026-07-30T18:27:03Z,203764,1347252,1143488,15.12,101344,102420,"[ ☀️ 203 / 1,347 ]",measured,
620445205171b085f8f4473394f404df639d8893,925,2026-07-30T21:49:59Z,2026-07-30T21:49:59Z,203764,1347252,1143488,15.12,101344,102420,"[ ☀️ 203 / 1,347 ]",measured,
be0595bf54969a49c7ed830297ec6ed77c7dc366,926,2026-07-30T21:53:08Z,2026-07-30T21:53:08Z,210394,1347252,1136858,15.62,101344,109050,"[ ☀️ 210 / 1,347 ]",measured,
c71e8406435028d9c602204290027462f40af7cf,927,2026-07-30T21:55:36Z,2026-07-30T21:55:36Z,210394,1347252,1136858,15.62,101344,109050,"[ ☀️ 210 / 1,347 ]",measured,
1ed763369532783277193ca5b3a136745bb2e56e,928,2026-07-30T22:12:32Z,2026-07-30T22:12:32Z,210394,1347252,1136858,15.62,101344,109050,"[ ☀️ 210 / 1,347 ]",measured,
10072b38725bbe7c693de8aa58702f77a5445e5b,929,2026-07-30T22:19:01Z,2026-07-30T22:19:01Z,210394,1347252,1136858,15.62,101344,109050,"[ ☀️ 210 / 1,347 ]",measured,
78a2d99b9b034fee38ec60af777eabb344636848,930,2026-07-30T22:21:46Z,2026-07-30T22:21:46Z,210394,1347252,1136858,15.62,101344,109050,"[ ☀️ 210 / 1,347 ]",measured,
2cfab3d2910a6ee70297ad3fcd2fd3154d4122f9,931,2026-07-30T22:22:45Z,2026-07-30T22:22:45Z,210394,1347252,1136858,15.62,101344,109050,"[ ☀️ 210 / 1,347 ]",measured,
261c3cd83e4d6c176d4aedd5e8fe424eae064250,932,2026-07-30T22:24:14Z,2026-07-30T22:24:14Z,210394,1347252,1136858,15.62,101344,109050,"[ ☀️ 210 / 1,347 ]",measured,
9c39ab929437001b31cdc2314a89842ea46e3481,933,2026-07-30T22:26:09Z,2026-07-30T22:26:09Z,210718,1347252,1136534,15.64,101344,109374,"[ ☀️ 210 / 1,347 ]",measured,
e9c942d20f93b985030a1a0c73b029e5b3b0ecd4,934,2026-07-30T22:27:29Z,2026-07-30T22:27:29Z,210718,1347252,1136534,15.64,101344,109374,"[ ☀️ 210 / 1,347 ]",measured,
81ff09c27932c12101a54a61ec71882e8ee42663,935,2026-07-30T22:28:21Z,2026-07-30T22:28:21Z,210718,1347252,1136534,15.64,101344,109374,"[ ☀️ 210 / 1,347 ]",measured,
27f8cb763e3765286c09cf353bd5b5bf7d729b9a,936,2026-07-30T22:37:15Z,2026-07-30T22:37:15Z,210718,1347252,1136534,15.64,101344,109374,"[ ☀️ 210 / 1,347 ]",measured,
349e3ec31a0a26970ad9ad0f2cf1fc34ba9f9984,937,2026-07-30T22:39:59Z,2026-07-30T22:39:59Z,210718,1347252,1136534,15.64,101344,109374,"[ ☀️ 210 / 1,347 ]",measured,
c8e4782f362d76ffbe0dee8fa7aaabc8526809c6,938,2026-07-30T22:42:21Z,2026-07-30T22:42:21Z,210718,1347252,1136534,15.64,101344,109374,"[ ☀️ 210 / 1,347 ]",measured,
885f94d1bc38fc955a0dfefd869ee91e9f870d8e,939,2026-07-30T22:52:21Z,2026-07-30T22:52:21Z,210854,1347252,1136398,15.65,101344,109510,"[ ☀️ 210 / 1,347 ]",measured,
064f10a6ef0e1a77d52727b5cd8a86a6e9976a99,940,2026-07-30T22:52:41Z,2026-07-30T22:52:41Z,210854,1347252,1136398,15.65,101344,109510,"[ ☀️ 210 / 1,347 ]",measured,
038a1e8bf87ab667bba07f0b1c56866e8df78b13,941,2026-07-30T22:56:59Z,2026-07-30T22:56:59Z,210854,1347252,1136398,15.65,101344,109510,"[ ☀️ 210 / 1,347 ]",measured,
7f23542404d86e6b935c40b1ee9bc934593ac3b5,942,2026-07-30T22:58:15Z,2026-07-30T22:58:15Z,210854,1347252,1136398,15.65,101344,109510,"[ ☀️ 210 / 1,347 ]",measured,
78dcbf74911a0740eac09b68614136535ac731fa,943,2026-07-30T23:05:22Z,2026-07-30T23:05:22Z,210854,1347252,1136398,15.65,101344,109510,"[ ☀️ 210 / 1,347 ]",measured,
b231b37680b8deff7304ae23547de47686ffccd9,944,2026-07-30T23:16:04Z,2026-07-30T23:16:04Z,211190,1347252,1136062,15.68,101344,109846,"[ ☀️ 211 / 1,347 ]",measured,
b9905718b3bd1e123924cbdae2f5675c220d6ccf,945,2026-07-30T23:20:24Z,2026-07-30T23:20:24Z,211190,1347252,1136062,15.68,101344,109846,"[ ☀️ 211 / 1,347 ]",measured,
e1a79cbdd53842e46761548ccd18bd199a392abf,946,2026-07-30T23:32:32Z,2026-07-30T23:32:32Z,211190,1347252,1136062,15.68,101344,109846,"[ ☀️ 211 / 1,347 ]",measured,
c5d562875046d290bc3f859713e413ffb118df33,947,2026-07-30T23:39:31Z,2026-07-30T23:39:31Z,211626,1347252,1135626,15.71,101344,110282,"[ ☀️ 211 / 1,347 ]",measured,
15644e2a6775973af10505266a227963925efd97,948,2026-07-30T23:40:58Z,2026-07-30T23:40:58Z,211626,1347252,1135626,15.71,101344,110282,"[ ☀️ 211 / 1,347 ]",measured,
0324575416ecf099370713f6d2370729e11d66bf,949,2026-07-30T23:51:03Z,2026-07-30T23:51:03Z,211626,1347252,1135626,15.71,101344,110282,"[ ☀️ 211 / 1,347 ]",measured,
eed7b67df0dfdba9f1fbfd56e2036fa4b2e1e21d,950,2026-07-30T23:52:08Z,2026-07-30T23:52:08Z,211626,1347252,1135626,15.71,101344,110282,"[ ☀️ 211 / 1,347 ]",measured,
e3d29cdb99ff6fc70d0f7f0ec0c760432345b6e0,951,2026-07-30T23:53:43Z,2026-07-30T23:53:43Z,211626,1347252,1135626,15.71,101344,110282,"[ ☀️ 211 / 1,347 ]",measured,
d2649a9af350b6babf87eaab5532f7ccadfa070a,952,2026-07-30T23:55:49Z,2026-07-30T23:55:49Z,211626,1347252,1135626,15.71,101344,110282,"[ ☀️ 211 / 1,347 ]",measured,
45e86ba7a72d214567beeeb204fc61eeaa546fc1,953,2026-07-30T23:58:28Z,2026-07-30T23:58:28Z,211626,1347252,1135626,15.71,101344,110282,"[ ☀️ 211 / 1,347 ]",measured,
63dc9dedf7a2850e913fb07f123fc6bdd4ccf0c2,954,2026-07-31T00:00:37Z,2026-07-31T00:00:37Z,212796,1347252,1134456,15.79,101344,111452,"[ ☀️ 212 / 1,347 ]",measured,
5e85ff776786c60339cef636240e781e8efb3b68,955,2026-07-31T00:04:11Z,2026-07-31T00:04:11Z,212796,1347252,1134456,15.79,101344,111452,"[ ☀️ 212 / 1,347 ]",measured,
b7b3b670ba3d88d5789cc7e95a980fbe76231332,956,2026-07-31T00:05:28Z,2026-07-31T00:05:28Z,212796,1347252,1134456,15.79,101344,111452,"[ ☀️ 212 / 1,347 ]",measured,
bdc6a580a1dd0e5ccdfc02668b260e2240903794,957,2026-07-31T00:07:28Z,2026-07-31T00:07:28Z,212796,1347252,1134456,15.79,101344,111452,"[ ☀️ 212 / 1,347 ]",measured,
1065b43aad5caf07e69bfc2e8cb106bcd05e1ff7,958,2026-07-31T00:16:48Z,2026-07-31T00:16:48Z,212796,1347252,1134456,15.79,101344,111452,"[ ☀️ 212 / 1,347 ]",measured,
41655fec0350e5379a61616f40eb1bfc634b9196,959,2026-07-31T00:20:08Z,2026-07-31T00:20:08Z,212796,1347252,1134456,15.79,101344,111452,"[ ☀️ 212 / 1,347 ]",measured,
b7a66a7c438ec655f53eb73439f24d5cdecac9ba,960,2026-07-31T00:22:18Z,2026-07-31T00:22:18Z,212796,1347252,1134456,15.79,101344,111452,"[ ☀️ 212 / 1,347 ]",measured,
f90d1f6f6c4b4e265601636bb073312e5e0757f4,961,2026-07-31T00:27:48Z,2026-07-31T00:27:48Z,213748,1347252,1133504,15.87,101344,112404,"[ ☀️ 213 / 1,347 ]",measured,
6c4d00fb0c13c51878e7f7709164ddb7e31b4607,962,2026-07-31T00:29:22Z,2026-07-31T00:29:22Z,213748,1347252,1133504,15.87,101344,112404,"[ ☀️ 213 / 1,347 ]",measured,
00c16ee5d3a8ddc98ffafc60d938d0cf3b4982f1,963,2026-07-31T00:32:27Z,2026-07-31T00:32:27Z,214128,1347252,1133124,15.89,101344,112784,"[ ☀️ 214 / 1,347 ]",measured,
e90aa056d59fafbeb930a0f832372711a1bf29f0,964,2026-07-31T00:37:05Z,2026-07-31T00:37:05Z,214128,1347252,1133124,15.89,101344,112784,"[ ☀️ 214 / 1,347 ]",measured,
fd5b204aa406d65d99ad5fbef2e4186a14c84d65,965,2026-07-31T00:43:14Z,2026-07-31T00:43:14Z,214128,1347252,1133124,15.89,101344,112784,"[ ☀️ 214 / 1,347 ]",measured,
3c45d67652b3e02563dd807e4d8f8e72eb87da14,966,2026-07-31T00:50:43Z,2026-07-31T00:50:43Z,214128,1347252,1133124,15.89,101344,112784,"[ ☀️ 214 / 1,347 ]",measured,
1d92e93249fc24a0367575fdb7ab8754a4a65320,967,2026-07-31T00:51:37Z,2026-07-31T00:51:37Z,214128,1347252,1133124,15.89,101344,112784,"[ ☀️ 214 / 1,347 ]",measured,
9e57cb52472c93d4f20e8cdb0a4762c8353e7602,968,2026-07-31T00:54:20Z,2026-07-31T00:54:20Z,214128,1347252,1133124,15.89,101344,112784,"[ ☀️ 214 / 1,347 ]",measured,
c898d8b101f0ec40fbb876e270fa23f725be0c2d,969,2026-07-31T00:55:34Z,2026-07-31T00:55:34Z,214128,1347252,1133124,15.89,101344,112784,"[ ☀️ 214 / 1,347 ]",measured,
7b83deacaaeecce3b35b8dbc41ae851fcbe668d6,970,2026-07-31T00:59:56Z,2026-07-31T00:59:56Z,214128,1347252,1133124,15.89,101344,112784,"[ ☀️ 214 / 1,347 ]",measured,
4cc552749cc644c009e08d8ca2b093955c3f7f4c,971,2026-07-31T01:01:02Z,2026-07-31T01:01:02Z,214128,1347252,1133124,15.89,101344,112784,"[ ☀️ 214 / 1,347 ]",measured,
2edd94baca525352cccde69002610205433e131b,972,2026-07-31T01:03:39Z,2026-07-31T01:03:39Z,214184,1347252,1133068,15.9,101344,112840,"[ ☀️ 214 / 1,347 ]",measured,
5d12c4128c6e33a03aecf545cf6e9e99246bf9e0,973,2026-07-31T01:13:26Z,2026-07-31T01:13:26Z,214184,1347252,1133068,15.9,101344,112840,"[ ☀️ 214 / 1,347 ]",measured,
39c1b9578e0ac272807c131330ab3acabab02126,974,2026-07-31T01:15:28Z,2026-07-31T01:15:28Z,214184,1347252,1133068,15.9,101344,112840,"[ ☀️ 214 / 1,347 ]",measured,
6d359910dadac892c966aeff45444a8ab4891d98,975,2026-07-31T01:17:20Z,2026-07-31T01:17:20Z,214184,1347252,1133068,15.9,101344,112840,"[ ☀️ 214 / 1,347 ]",measured,
e492b62250956bc4637c68c0bc0132e09e0dbdf2,976,2026-07-31T01:18:29Z,2026-07-31T01:18:29Z,214184,1347252,1133068,15.9,101344,112840,"[ ☀️ 214 / 1,347 ]",measured,
fd227d5ef113b087e2daf761707180826654e91a,977,2026-07-31T01:21:41Z,2026-07-31T01:21:41Z,214184,1347252,1133068,15.9,101344,112840,"[ ☀️ 214 / 1,347 ]",measured,
e122fe6eb062a81269802be6540c1b84249a0f59,978,2026-07-31T01:25:25Z,2026-07-31T01:25:25Z,214184,1347252,1133068,15.9,101344,112840,"[ ☀️ 214 / 1,347 ]",measured,
7e6e55006a18e2423342ad4059d0141f1ac00f66,979,2026-07-31T01:32:37Z,2026-07-31T01:32:37Z,215204,1347252,1132048,15.97,101344,113860,"[ ☀️ 215 / 1,347 ]",measured,
b11a59192c721779387d5cce05e0b373212c3a30,980,2026-07-31T01:33:10Z,2026-07-31T01:33:10Z,215204,1347252,1132048,15.97,101344,113860,"[ ☀️ 215 / 1,347 ]",measured,
da7d7dfc6f688db04bb23c008af392b25f87b0f3,981,2026-07-31T01:34:01Z,2026-07-31T01:34:01Z,215204,1347252,1132048,15.97,101344,113860,"[ ☀️ 215 / 1,347 ]",measured,
b6ff778b09631879cb30c2faf233f7d5eac9e963,982,2026-07-31T01:36:11Z,2026-07-31T01:36:11Z,215204,1347252,1132048,15.97,101344,113860,"[ ☀️ 215 / 1,347 ]",measured,
c0e76e2e8075eba4a9ae7fe8b228320008c9b411,983,2026-07-31T01:46:17Z,2026-07-31T01:46:17Z,215204,1347252,1132048,15.97,101344,113860,"[ ☀️ 215 / 1,347 ]",measured,
2f07bf4d1a263dd5e8f6a5fe5da6eacb492158de,984,2026-07-31T01:51:23Z,2026-07-31T01:51:23Z,216170,1347252,1131082,16.05,101344,114826,"[ ☀️ 216 / 1,347 ]",measured,
38502a7311c91b0b2b116e13cc44959ebcee42f8,985,2026-07-31T01:55:25Z,2026-07-31T01:55:25Z,216170,1347252,1131082,16.05,101344,114826,"[ ☀️ 216 / 1,347 ]",measured,
53b5bc9647b8b753be5f5f9ca899041659430fc7,986,2026-07-31T01:56:16Z,2026-07-31T01:56:16Z,216170,1347252,1131082,16.05,101344,114826,"[ ☀️ 216 / 1,347 ]",measured,
6ed6ad02064a1ed6e198d0509f9e6ecf33316d8e,987,2026-07-31T01:58:55Z,2026-07-31T01:58:55Z,216444,1347252,1130808,16.07,101344,115100,"[ ☀️ 216 / 1,347 ]",measured,
52677d1c7ee520854ba02f00a14c8a5fc56ee620,988,2026-07-31T01:59:55Z,2026-07-31T01:59:55Z,216444,1347252,1130808,16.07,101344,115100,"[ ☀️ 216 / 1,347 ]",measured,
5fab6c1d38054861fc455e11c9a9eb1e9bcae471,989,2026-07-31T02:13:38Z,2026-07-31T02:13:38Z,216444,1347252,1130808,16.07,101344,115100,"[ ☀️ 216 / 1,347 ]",measured,
501863a44b36410632ffbd65492d5321bcf8649c,990,2026-07-31T02:15:35Z,2026-07-31T02:15:35Z,216946,1347252,1130306,16.1,101344,115602,"[ ☀️ 216 / 1,347 ]",measured,
c08375482819c14890ced6d39abbb8d008fc9f0d,991,2026-07-31T02:16:34Z,2026-07-31T02:16:34Z,216946,1347252,1130306,16.1,101344,115602,"[ ☀️ 216 / 1,347 ]",measured,
dbbd76465b1ee20f4241e890322bc6f353ef9ad8,992,2026-07-31T02:20:58Z,2026-07-31T02:20:58Z,216946,1347252,1130306,16.1,101344,115602,"[ ☀️ 216 / 1,347 ]",measured,
77715a5e13b313a7bbb67db87e25c1068196a60c,993,2026-07-31T02:24:00Z,2026-07-31T02:24:00Z,216946,1347252,1130306,16.1,101344,115602,"[ ☀️ 216 / 1,347 ]",measured,
3e902522c000384c29cfb7740ecf39c4519b3974,994,2026-07-31T02:30:22Z,2026-07-31T02:30:22Z,216946,1347252,1130306,16.1,101344,115602,"[ ☀️ 216 / 1,347 ]",measured,
fa664d91c90cd09facdfdbf5c7b21596824890ab,995,2026-07-31T02:33:46Z,2026-07-31T02:33:46Z,216946,1347252,1130306,16.1,101344,115602,"[ ☀️ 216 / 1,347 ]",measured,
ee647a00e97198033e0092fb429ff73c51e60281,996,2026-07-31T02:37:14Z,2026-07-31T02:37:14Z,216946,1347252,1130306,16.1,101344,115602,"[ ☀️ 216 / 1,347 ]",measured,
6b32436bcfa839f2ea2599fd1acfbf7df628ef76,997,2026-07-31T02:41:27Z,2026-07-31T02:41:27Z,216946,1347252,1130306,16.1,101344,115602,"[ ☀️ 216 / 1,347 ]",measured,
eef49d2f19c49bc858c5dfda36583f4d09d5921e,998,2026-07-31T02:45:14Z,2026-07-31T02:45:14Z,216946,1347252,1130306,16.1,101344,115602,"[ ☀️ 216 / 1,347 ]",measured,
d49269da68bf5523efdee1ba5485f1bd08acaebc,999,2026-07-31T03:10:03Z,2026-07-31T03:10:03Z,217970,1347252,1129282,16.18,101344,116626,"[ ☀️ 217 / 1,347 ]",measured,
ef62a88ae4b5662ac344a215d223706cd67d97d5,1000,2026-07-31T03:15:14Z,2026-07-31T03:15:14Z,218200,1347252,1129052,16.2,101344,116856,"[ ☀️ 218 / 1,347 ]",measured,
adf1b46b2bfc1a959d531089c5492f9443bbea7d,1001,2026-07-31T03:18:54Z,2026-07-31T03:18:54Z,218284,1347252,1128968,16.2,101344,116940,"[ ☀️ 218 / 1,347 ]",measured,
7ffef43dbbe1d54a6fe9d5774fd5881388e895e5,1002,2026-07-31T03:20:33Z,2026-07-31T03:20:33Z,218284,1347252,1128968,16.2,101344,116940,"[ ☀️ 218 / 1,347 ]",measured,
14a4b60bd7f145bf48488522d89b15361c379bdf,1003,2026-07-31T03:31:21Z,2026-07-31T03:31:21Z,218284,1347252,1128968,16.2,101344,116940,"[ ☀️ 218 / 1,347 ]",measured,
25f5d51c5a32fa3dd0a2ed26c36ea44d2250a8cd,1004,2026-07-31T03:34:58Z,2026-07-31T03:34:58Z,218830,1347252,1128422,16.24,101344,117486,"[ ☀️ 218 / 1,347 ]",measured,
af522af446120a68c24bc419d5eab18a1134ee33,1005,2026-07-31T03:36:32Z,2026-07-31T03:36:32Z,218830,1347252,1128422,16.24,101344,117486,"[ ☀️ 218 / 1,347 ]",measured,
ecf591616091a2ab8d1d4942f56bc89ad59eabea,1006,2026-07-31T03:41:47Z,2026-07-31T03:41:47Z,218830,1347252,1128422,16.24,101344,117486,"[ ☀️ 218 / 1,347 ]",measured,
4c803592bb1380d07511442a8315ef8070f3d116,1007,2026-07-31T03:43:46Z,2026-07-31T03:43:46Z,219606,1347252,1127646,16.3,101344,118262,"[ ☀️ 219 / 1,347 ]",measured,
2298dd901701f1643317b62fe1ab6e0de9152316,1008,2026-07-31T03:45:21Z,2026-07-31T03:45:21Z,219606,1347252,1127646,16.3,101344,118262,"[ ☀️ 219 / 1,347 ]",measured,
f898baa855d167a71aec359552d2a5234e24c5bb,1009,2026-07-31T03:53:02Z,2026-07-31T03:53:02Z,219606,1347252,1127646,16.3,101344,118262,"[ ☀️ 219 / 1,347 ]",measured,
c5262feb128d55882480519540ce4bb0ab2b0094,1010,2026-07-31T03:55:49Z,2026-07-31T03:55:49Z,219606,1347252,1127646,16.3,101344,118262,"[ ☀️ 219 / 1,347 ]",measured,
5ed81c7059eaaf8259a228e85bcd0bf8d30a437e,1011,2026-07-31T03:58:12Z,2026-07-31T03:58:12Z,220426,1347252,1126826,16.36,101344,119082,"[ ☀️ 220 / 1,347 ]",measured,
8121083dfd9c5eb18e4ecd60212ecdd3e01bec32,1012,2026-07-31T04:06:46Z,2026-07-31T04:06:46Z,220426,1347252,1126826,16.36,101344,119082,"[ ☀️ 220 / 1,347 ]",measured,
1bc1e895adefccf7e260207404ceda3097b87a93,1013,2026-07-31T04:08:09Z,2026-07-31T04:08:09Z,220550,1347252,1126702,16.37,101344,119206,"[ ☀️ 220 / 1,347 ]",measured,
3b029aed5c2aa5768690b991c814d2cde9044447,1014,2026-07-31T04:10:11Z,2026-07-31T04:10:11Z,220550,1347252,1126702,16.37,101344,119206,"[ ☀️ 220 / 1,347 ]",measured,
024085fd532d99d00aa65fd761752853b1224b24,1015,2026-07-31T04:14:54Z,2026-07-31T04:14:54Z,220550,1347252,1126702,16.37,101344,119206,"[ ☀️ 220 / 1,347 ]",measured,
1e567ad4f7326a018580b37d35fc1223839fac29,1016,2026-07-31T04:21:06Z,2026-07-31T04:21:06Z,220550,1347252,1126702,16.37,101344,119206,"[ ☀️ 220 / 1,347 ]",measured,
df82bbb06d639ab227465612785f053edc475288,1017,2026-07-31T04:27:25Z,2026-07-31T04:27:25Z,221858,1347252,1125394,16.47,101344,120514,"[ ☀️ 221 / 1,347 ]",measured,
c14a02fb39500ebfe6ca105fdfd43df98c848757,1018,2026-07-31T04:30:28Z,2026-07-31T04:30:28Z,221858,1347252,1125394,16.47,101344,120514,"[ ☀️ 221 / 1,347 ]",measured,
592564d1d953a3067b44817286ddb0ae04847f2b,1019,2026-07-31T04:31:58Z,2026-07-31T04:31:58Z,221858,1347252,1125394,16.47,101344,120514,"[ ☀️ 221 / 1,347 ]",measured,
859ca1731d336ab29fc64ccd3572600a9db2b01a,1020,2026-07-31T04:34:39Z,2026-07-31T04:34:39Z,222138,1347252,1125114,16.49,101344,120794,"[ ☀️ 222 / 1,347 ]",measured,
b48ed1db63c5fa916e49cea4704de656d8421ef6,1021,2026-07-31T04:42:38Z,2026-07-31T04:42:38Z,222138,1347252,1125114,16.49,101344,120794,"[ ☀️ 222 / 1,347 ]",measured,
9f43fa3c2029ac99cfead565fcaae9918337b40a,1022,2026-07-31T04:55:47Z,2026-07-31T04:55:47Z,222138,1347252,1125114,16.49,101344,120794,"[ ☀️ 222 / 1,347 ]",measured,
516ade410020b4bb607069218521b03270d64f9a,1023,2026-07-31T04:58:10Z,2026-07-31T04:58:10Z,223992,1347252,1123260,16.63,101344,122648,"[ ☀️ 223 / 1,347 ]",measured,
efb0460c39c403236da911c2037f48579c8727f7,1024,2026-07-31T05:00:00Z,2026-07-31T05:00:00Z,223992,1347252,1123260,16.63,101344,122648,"[ ☀️ 223 / 1,347 ]",measured,
c08efc872c04f80ec96fe36a8a5149d7ecf86fc3,1025,2026-07-31T05:20:59Z,2026-07-31T05:20:59Z,223992,1347252,1123260,16.63,101344,122648,"[ ☀️ 223 / 1,347 ]",measured,
f891e88cd6bb9eee9e1f0a2b3548529cb11ff5a9,1026,2026-07-31T05:24:39Z,2026-07-31T05:24:39Z,224892,1347252,1122360,16.69,101344,123548,"[ ☀️ 224 / 1,347 ]",measured,
238f181f58a1f43a6fcfaa900ae3907154318462,1027,2026-07-31T05:28:09Z,2026-07-31T05:28:09Z,224892,1347252,1122360,16.69,101344,123548,"[ ☀️ 224 / 1,347 ]",measured,
013c192b64281deac05bee7706a3144cd50dc62e,1028,2026-07-31T05:30:54Z,2026-07-31T05:30:54Z,224892,1347252,1122360,16.69,101344,123548,"[ ☀️ 224 / 1,347 ]",measured,
052e54d172f24ff828931cb75b3baf6bf73832ce,1029,2026-07-31T05:33:05Z,2026-07-31T05:33:05Z,224892,1347252,1122360,16.69,101344,123548,"[ ☀️ 224 / 1,347 ]",measured,
8bb8b12d11a036a72f889a159b244b417be525e1,1030,2026-07-31T05:50:39Z,2026-07-31T05:50:39Z,224892,1347252,1122360,16.69,101344,123548,"[ ☀️ 224 / 1,347 ]",measured,
25cf53801c21dc4a8cbb607bc4cc083f26b2c3f8,1031,2026-07-31T05:51:15Z,2026-07-31T05:51:15Z,224892,1347252,1122360,16.69,101344,123548,"[ ☀️ 224 / 1,347 ]",measured,
1a77833cd50deac23f524b74c53d858029d01400,1032,2026-07-31T05:53:36Z,2026-07-31T05:53:36Z,224892,1347252,1122360,16.69,101344,123548,"[ ☀️ 224 / 1,347 ]",measured,
2d55d2523947b73bce77a278b95af4e2f5a1bafd,1033,2026-07-31T06:13:18Z,2026-07-31T06:13:18Z,225932,1347252,1121320,16.77,101344,124588,"[ ☀️ 225 / 1,347 ]",measured,
fcf30d088d36e9843927a8d13ae30f772e2e3c0e,1034,2026-07-31T06:13:46Z,2026-07-31T06:13:46Z,225932,1347252,1121320,16.77,101344,124588,"[ ☀️ 225 / 1,347 ]",measured,
650079bc9b75f70e4927611a31d463b75d42ae93,1035,2026-07-31T06:15:29Z,2026-07-31T06:15:29Z,225932,1347252,1121320,16.77,101344,124588,"[ ☀️ 225 / 1,347 ]",measured,
94dab461cccb2d287b71079e9f9bc1dc6774410a,1036,2026-07-31T06:31:02Z,2026-07-31T06:31:02Z,227172,1347252,1120080,16.86,101344,125828,"[ ☀️ 227 / 1,347 ]",measured,
1bfc6454a2048c7529a57dc3dc2462b36c3ca070,1037,2026-07-31T06:31:42Z,2026-07-31T06:31:42Z,227172,1347252,1120080,16.86,101344,125828,"[ ☀️ 227 / 1,347 ]",measured,
71d87969383f641ec3a9be869472ddb10f500ba9,1038,2026-07-31T06:33:27Z,2026-07-31T06:33:27Z,227172,1347252,1120080,16.86,101344,125828,"[ ☀️ 227 / 1,347 ]",measured,
96ca13970f3665a97f13030a161954b2136ec0c8,1039,2026-07-31T11:29:40+01:00,2026-07-31T11:29:40+01:00,227172,1347252,1120080,16.86,101344,125828,"[ ☀️ 227 / 1,347 ]",measured,
5d4d8a9fcd621488793979c8ce6fcf028b162fd2,1040,2026-07-31T11:32:52+01:00,2026-07-31T11:32:52+01:00,228682,1347252,1118570,16.97,101344,127338,"[ ☀️ 228 / 1,347 ]",measured,
f622fce86ba4d9e8b327c9e66ba43a6f50e3b459,1041,2026-07-31T11:35:24+01:00,2026-07-31T11:35:24+01:00,228682,1347252,1118570,16.97,101344,127338,"[ ☀️ 228 / 1,347 ]",measured,
877985988593e105abca860a106fc95922ba3e25,1042,2026-07-31T11:42:07+01:00,2026-07-31T11:42:07+01:00,228682,1347252,1118570,16.97,101344,127338,"[ ☀️ 228 / 1,347 ]",measured,
60ad8f65c00d8bb063351cf57f478c43564f0282,1043,2026-07-31T11:43:15+01:00,2026-07-31T11:43:15+01:00,228682,1347252,1118570,16.97,101344,127338,"[ ☀️ 228 / 1,347 ]",measured,
7e198718b9465d4ac417f59d6cbccb752dc7f6a9,1044,2026-07-31T12:12:03+01:00,2026-07-31T12:12:03+01:00,228682,1347252,1118570,16.97,101344,127338,"[ ☀️ 228 / 1,347 ]",measured,
65729c1779e4ce63889da28a74b1ba357fb7a411,1045,2026-07-31T12:19:24+01:00,2026-07-31T12:19:24+01:00,228682,1347252,1118570,16.97,101344,127338,"[ ☀️ 228 / 1,347 ]",measured,
b991999e883d6a30fbd7225771bc4b29f4c00377,1046,2026-07-31T12:22:21+01:00,2026-07-31T12:22:21+01:00,228682,1347252,1118570,16.97,101344,127338,"[ ☀️ 228 / 1,347 ]",measured,
c3262227f1bcb1384888511a238e2a9ab73bc058,1047,2026-07-31T12:36:35+01:00,2026-07-31T12:36:35+01:00,228682,1347252,1118570,16.97,101344,127338,"[ ☀️ 228 / 1,347 ]",measured,
3e95343f9f17fde667490509b7bad3c1204e2176,1048,2026-07-31T12:38:15+01:00,2026-07-31T12:38:15+01:00,228682,1347252,1118570,16.97,101344,127338,"[ ☀️ 228 / 1,347 ]",measured,
4c646f62fe2dfd60287a326cecb13ce3966b977f,1049,2026-07-31T12:40:21+01:00,2026-07-31T12:40:21+01:00,228682,1347252,1118570,16.97,101344,127338,"[ ☀️ 228 / 1,347 ]",measured,
6265cba551a0ef9396699d16a6f2debc881c5a2b,1050,2026-07-31T12:49:53+01:00,2026-07-31T12:49:53+01:00,228682,1347252,1118570,16.97,101344,127338,"[ ☀️ 228 / 1,347 ]",measured,
fcdde17d8b82d2c65701e9a55f0e1ddf19ae75eb,1051,2026-07-31T12:50:16+01:00,2026-07-31T12:50:16+01:00,228682,1347252,1118570,16.97,101344,127338,"[ ☀️ 228 / 1,347 ]",measured,
7ff5b734acea9588d7f4c47e8cdbc05897a6dec4,1052,2026-07-31T12:52:45+01:00,2026-07-31T12:52:45+01:00,228682,1347252,1118570,16.97,101344,127338,"[ ☀️ 228 / 1,347 ]",measured,
92a1e98fd146f6b93b8ba04b0399ca4878eb5a16,1053,2026-07-31T14:46:58+01:00,2026-07-31T14:46:58+01:00,228682,1347252,1118570,16.97,101344,127338,"[ ☀️ 228 / 1,347 ]",measured,
c8bd106a45231f0134148a077effa0733b65158b,1054,2026-07-31T14:57:39+01:00,2026-07-31T14:57:39+01:00,228682,1347252,1118570,16.97,101344,127338,"[ ☀️ 228 / 1,347 ]",measured,
40f573f8ebb61d350d2602c52ce92c0d9333d7ba,1055,2026-07-31T15:12:16+01:00,2026-07-31T15:12:16+01:00,228682,1347252,1118570,16.97,101344,127338,"[ ☀️ 228 / 1,347 ]",measured,
8b267af4bf714821e77006349ec325e3696bc47a,1056,2026-07-31T15:12:44+01:00,2026-07-31T15:12:44+01:00,228682,1347252,1118570,16.97,101344,127338,"[ ☀️ 228 / 1,347 ]",measured,
c2fed641c890e5b30d561aa9a7a751989a2d7a07,1057,2026-07-31T15:26:40+01:00,2026-07-31T15:26:40+01:00,228682,1347252,1118570,16.97,101344,127338,"[ ☀️ 228 / 1,347 ]",measured,
a5f0af2ff52d9c02e6d4599f28862d039d56153b,1058,2026-07-31T15:31:46+01:00,2026-07-31T15:31:46+01:00,228682,1347252,1118570,16.97,101344,127338,"[ ☀️ 228 / 1,347 ]",measured,
19db863a24d168f1a08fb5eccbbc3ca762955e48,1059,2026-07-31T15:32:39+01:00,2026-07-31T15:32:39+01:00,228744,1347252,1118508,16.98,101344,127400,"[ ☀️ 228 / 1,347 ]",measured,
a9cc37372eb3b6a46768cec447259596f00239fb,1060,2026-07-31T15:35:58+01:00,2026-07-31T15:35:58+01:00,228744,1347252,1118508,16.98,101344,127400,"[ ☀️ 228 / 1,347 ]",measured,
98d03c5b7054e66901f12586c438a185de07a0f0,1061,2026-07-31T15:38:53+01:00,2026-07-31T15:38:53+01:00,228744,1347252,1118508,16.98,101344,127400,"[ ☀️ 228 / 1,347 ]",measured,
060dad5b1ce235d4d4a54c7814305dbf73d4a63c,1062,2026-07-31T15:39:26+01:00,2026-07-31T15:39:26+01:00,228968,1347252,1118284,17,101344,127624,"[ ☀️ 228 / 1,347 ]",measured,
56ff34da108c0dcf823cbd45acf52a0fb74da1ca,1063,2026-07-31T16:25:45+01:00,2026-07-31T16:25:45+01:00,230788,1347252,1116464,17.13,101344,129444,"[ ☀️ 230 / 1,347 ]",measured,
58ab3e3cf14e4b123d3319f5320b6f8f6f7a375c,1064,2026-07-31T16:41:44+01:00,2026-07-31T16:41:44+01:00,230788,1347252,1116464,17.13,101344,129444,"[ ☀️ 230 / 1,347 ]",measured,
4f326c7bd46ad63adb9e79615ced9f248798b052,1065,2026-07-31T16:42:01+01:00,2026-07-31T16:42:01+01:00,230788,1347252,1116464,17.13,101344,129444,"[ ☀️ 230 / 1,347 ]",measured,
686a8648d038ce01f8bcb7768956cb62412b44c0,1066,2026-07-31T17:00:10+01:00,2026-07-31T17:00:10+01:00,230788,1347252,1116464,17.13,101344,129444,"[ ☀️ 230 / 1,347 ]",measured,
15fafc844555fa056544fb9a00bef8abec78b95c,1067,2026-07-31T17:00:38+01:00,2026-07-31T17:00:38+01:00,230788,1347252,1116464,17.13,101344,129444,"[ ☀️ 230 / 1,347 ]",measured,
4f0f354466907c2a60916244507c3439886c965b,1068,2026-07-31T17:14:01+01:00,2026-07-31T17:14:01+01:00,230788,1347252,1116464,17.13,101344,129444,"[ ☀️ 230 / 1,347 ]",measured,
beb9b275f3e0b64d9b4b1c69e4f0d71490eece20,1069,2026-07-31T17:14:26+01:00,2026-07-31T17:14:26+01:00,230788,1347252,1116464,17.13,101344,129444,"[ ☀️ 230 / 1,347 ]",measured,
58c85df5b95f259d5e8106b24b1f2f407af6a832,1070,2026-07-31T17:18:38+01:00,2026-07-31T17:18:38+01:00,230788,1347252,1116464,17.13,101344,129444,"[ ☀️ 230 / 1,347 ]",measured,
34a9a4114a9c29d58192941cf1e7dd8cc82b6e07,1071,2026-07-31T17:18:53+01:00,2026-07-31T17:18:53+01:00,230788,1347252,1116464,17.13,101344,129444,"[ ☀️ 230 / 1,347 ]",measured,
d68c5d5c93bf96b984694202a2bbdbe435df82d0,1072,2026-07-31T17:39:39+01:00,2026-07-31T17:39:39+01:00,230788,1347252,1116464,17.13,101344,129444,"[ ☀️ 230 / 1,347 ]",measured,
7600b68e2686c719ab632f849e89e18fd7c68c95,1073,2026-07-31T17:56:56+01:00,2026-07-31T17:56:56+01:00,230804,1347252,1116448,17.13,101360,129444,"[ ☀️ 230 / 1,347 ]",measured,
16c7575c66ccbd2411cae0cb1753d84940409c21,1074,2026-07-31T18:01:49+01:00,2026-07-31T18:01:49+01:00,230804,1347252,1116448,17.13,101360,129444,"[ ☀️ 230 / 1,347 ]",measured,
1613777a99e78bebfe16c9da61a79fd613ff9e3d,1075,2026-07-31T18:06:11+01:00,2026-07-31T18:06:11+01:00,230804,1347252,1116448,17.13,101360,129444,"[ ☀️ 230 / 1,347 ]",measured,
dc46e2740a7e6285c9ec51dc925cd3ae5fd7bbb6,1076,2026-07-31T18:07:10+01:00,2026-07-31T18:07:10+01:00,230804,1347252,1116448,17.13,101360,129444,"[ ☀️ 230 / 1,347 ]",measured,
d8a19cc794fdc592becb3140c0d127a4375c91c9,1077,2026-07-31T18:09:42+01:00,2026-07-31T18:09:42+01:00,230804,1347252,1116448,17.13,101360,129444,"[ ☀️ 230 / 1,347 ]",measured,
467a6077498191db875ec1617f33a6d855c0be47,1078,2026-07-31T18:14:43+01:00,2026-07-31T18:14:43+01:00,230804,1347252,1116448,17.13,101360,129444,"[ ☀️ 230 / 1,347 ]",measured,
21cbfa1e93225e1ec284b2add231e90b23347f09,1079,2026-07-31T18:14:45+01:00,2026-07-31T18:14:45+01:00,230804,1347252,1116448,17.13,101360,129444,"[ ☀️ 230 / 1,347 ]",measured,
9507dd3ecbc386d26c889edcff87b21d79a25387,1080,2026-07-31T18:16:22+01:00,2026-07-31T18:16:22+01:00,231372,1347252,1115880,17.17,101360,130012,"[ ☀️ 231 / 1,347 ]",measured,
47b18fa91ce0f2ecb2434307ef17b4015fa6e8cd,1081,2026-07-31T18:16:50+01:00,2026-07-31T18:16:50+01:00,231372,1347252,1115880,17.17,101360,130012,"[ ☀️ 231 / 1,347 ]",measured,
7781f482498ab21a5f5ef139d7cae9de3ed9716b,1082,2026-07-31T18:17:54+01:00,2026-07-31T18:17:54+01:00,231372,1347252,1115880,17.17,101360,130012,"[ ☀️ 231 / 1,347 ]",measured,
d8fe7c9c0b15dfa90eef35484d1fa9aab39c9173,1083,2026-07-31T18:18:20+01:00,2026-07-31T18:18:20+01:00,231372,1347252,1115880,17.17,101360,130012,"[ ☀️ 231 / 1,347 ]",measured,
72c4871c3d762ff58183db37dd222989dea2ad2f,1084,2026-07-31T18:28:25+01:00,2026-07-31T18:28:25+01:00,231372,1347252,1115880,17.17,101360,130012,"[ ☀️ 231 / 1,347 ]",measured,
536921e8b26ee0b476805a06ac09280dd4478675,1085,2026-07-31T18:28:41+01:00,2026-07-31T18:28:41+01:00,231372,1347252,1115880,17.17,101360,130012,"[ ☀️ 231 / 1,347 ]",measured,
69ef230a8536292aa956304b8af7827124010789,1086,2026-07-31T18:30:38+01:00,2026-07-31T18:30:38+01:00,231372,1347252,1115880,17.17,101360,130012,"[ ☀️ 231 / 1,347 ]",measured,
6f0dfd859aad45a182ce369706673b538453f76c,1087,2026-07-31T18:32:33+01:00,2026-07-31T18:32:33+01:00,231372,1347252,1115880,17.17,101360,130012,"[ ☀️ 231 / 1,347 ]",measured,
711eda78eb3edc7ea5b47e9723818c5fcf2dacb6,1088,2026-07-31T18:32:59+01:00,2026-07-31T18:32:59+01:00,231372,1347252,1115880,17.17,101360,130012,"[ ☀️ 231 / 1,347 ]",measured,
f1d9750cde2836d6bc53892e29bd584a0a1af2a9,1089,2026-07-31T18:33:23+01:00,2026-07-31T18:33:23+01:00,231372,1347252,1115880,17.17,101360,130012,"[ ☀️ 231 / 1,347 ]",measured,
57cc8df59ad5ad6a17137dce5ac0815983c946b3,1090,2026-07-31T18:35:20+01:00,2026-07-31T18:35:20+01:00,231372,1347252,1115880,17.17,101360,130012,"[ ☀️ 231 / 1,347 ]",measured,
cd1b6a06a31311ece8f2b1f070f881eef71a73d7,1091,2026-07-31T18:36:35+01:00,2026-07-31T18:36:35+01:00,231372,1347252,1115880,17.17,101360,130012,"[ ☀️ 231 / 1,347 ]",measured,
bf0fce67eae0134dfe5bb0b3be4e979bf1040a93,1092,2026-07-31T18:37:30+01:00,2026-07-31T18:37:30+01:00,231372,1347252,1115880,17.17,101360,130012,"[ ☀️ 231 / 1,347 ]",measured,
d7ad66dae198621369c4473cebe021157ad6291c,1093,2026-07-31T18:40:20+01:00,2026-07-31T18:40:20+01:00,231372,1347252,1115880,17.17,101360,130012,"[ ☀️ 231 / 1,347 ]",measured,
0db4891fa2397b03fdae37e5811c08b2a1106e6b,1094,2026-07-31T18:42:35+01:00,2026-07-31T18:42:35+01:00,231372,1347252,1115880,17.17,101360,130012,"[ ☀️ 231 / 1,347 ]",measured,
068a6b6521831e9202b532f2b71ff1c9db2dc3fc,1095,2026-07-31T18:46:21+01:00,2026-07-31T18:46:21+01:00,231372,1347252,1115880,17.17,101360,130012,"[ ☀️ 231 / 1,347 ]",measured,
0af2046e6917f28bfa553e439879fbbea187e430,1096,2026-07-31T18:46:21+01:00,2026-07-31T18:46:21+01:00,231532,1347252,1115720,17.19,101360,130172,"[ ☀️ 231 / 1,347 ]",measured,
8b6a66e29f7508ae9e6e0fa4bd32ef148cd03055,1097,2026-07-31T18:47:07+01:00,2026-07-31T18:47:07+01:00,231532,1347252,1115720,17.19,101360,130172,"[ ☀️ 231 / 1,347 ]",measured,
3126f3f45384b12e7388ea5e79d827a7e1921868,1098,2026-07-31T18:47:32+01:00,2026-07-31T18:47:32+01:00,231532,1347252,1115720,17.19,101360,130172,"[ ☀️ 231 / 1,347 ]",measured,
e334d52ef2796bed8c16b5cce68530482857f6b9,1099,2026-07-31T18:51:37+01:00,2026-07-31T18:52:08+01:00,231532,1347252,1115720,17.19,101360,130172,"[ ☀️ 231 / 1,347 ]",measured,
c237db6490d54512ce0cfe39d3a9567825290dc4,1100,2026-07-31T18:53:05+01:00,2026-07-31T18:53:05+01:00,231532,1347252,1115720,17.19,101360,130172,"[ ☀️ 231 / 1,347 ]",measured,
44dd829d22da403ef5b536d7b31e17d31a5252d1,1101,2026-07-31T18:59:48+01:00,2026-07-31T18:59:48+01:00,231624,1347252,1115628,17.19,101452,130172,"[ ☀️ 231 / 1,347 ]",measured,
23fe3eb968778d605229bbe61a9b8fc91ecc623c,1102,2026-07-31T19:00:32+01:00,2026-07-31T19:00:32+01:00,231624,1347252,1115628,17.19,101452,130172,"[ ☀️ 231 / 1,347 ]",measured,
670082d80f418a9d52e0ccd35286155f92304129,1103,2026-07-31T19:04:58+01:00,2026-07-31T19:06:05+01:00,231624,1347252,1115628,17.19,101452,130172,"[ ☀️ 231 / 1,347 ]",measured,
8d030661f0e42930ea70d2784f6e059c3b5666b1,1104,2026-07-31T19:07:07+01:00,2026-07-31T19:07:07+01:00,231624,1347252,1115628,17.19,101452,130172,"[ ☀️ 231 / 1,347 ]",measured,
df0db59dcdea326f4d05ce76bed4bcb2972843c8,1105,2026-07-31T19:07:45+01:00,2026-07-31T19:07:45+01:00,231624,1347252,1115628,17.19,101452,130172,"[ ☀️ 231 / 1,347 ]",measured,
263a2808587337bba74961acbbf374facba53c7d,1106,2026-07-31T19:53:12+01:00,2026-07-31T19:53:12+01:00,231624,1347252,1115628,17.19,101452,130172,"[ ☀️ 231 / 1,347 ]",measured,
47f10d4e44d1f2a0df2e1a982add1f36a4c1304f,1107,2026-07-31T19:53:16+01:00,2026-07-31T19:53:16+01:00,231624,1347252,1115628,17.19,101452,130172,"[ ☀️ 231 / 1,347 ]",measured,
df7c1e7ff6ab719b6c23c25af6c686b7a3470ea4,1108,2026-07-31T19:53:59+01:00,2026-07-31T19:53:59+01:00,231624,1347252,1115628,17.19,101452,130172,"[ ☀️ 231 / 1,347 ]",measured,
4d6df7deb3ce847443859f7efe830e7a68c31b94,1109,2026-07-31T20:00:35+01:00,2026-07-31T20:00:35+01:00,231624,1347252,1115628,17.19,101452,130172,"[ ☀️ 231 / 1,347 ]",measured,
599222a831af7012e1096017a9d37f099ebb8995,1110,2026-07-31T20:01:40+01:00,2026-07-31T20:01:40+01:00,231624,1347252,1115628,17.19,101452,130172,"[ ☀️ 231 / 1,347 ]",measured,
7062cb358f4b8a6883ac56f4b072394361bdb828,1111,2026-07-31T20:06:54+01:00,2026-07-31T20:06:54+01:00,231624,1347252,1115628,17.19,101452,130172,"[ ☀️ 231 / 1,347 ]",measured,
a71abeeffa85cbd9764dcf66e147e6ba6ce889a0,1112,2026-07-31T20:07:24+01:00,2026-07-31T20:07:24+01:00,231624,1347252,1115628,17.19,101452,130172,"[ ☀️ 231 / 1,347 ]",measured,
0ece9cd5422ec8b1526395cd36d93e722ec44e1f,1113,2026-07-31T20:10:34+01:00,2026-07-31T20:10:34+01:00,231624,1347252,1115628,17.19,101452,130172,"[ ☀️ 231 / 1,347 ]",measured,
b247b7d969e0dc702458039a3e56ebf4bed9f2ee,1114,2026-07-31T20:10:59+01:00,2026-07-31T20:10:59+01:00,231624,1347252,1115628,17.19,101452,130172,"[ ☀️ 231 / 1,347 ]",measured,
bb5ccf172224401795fdd77bb904c2bda539e259,1115,2026-07-31T20:17:16+01:00,2026-07-31T20:17:16+01:00,231624,1347252,1115628,17.19,101452,130172,"[ ☀️ 231 / 1,347 ]",measured,
154627daeaa2c8cee01c5a10c8ef551d1e0f8d13,1116,2026-07-31T20:17:41+01:00,2026-07-31T20:17:41+01:00,231624,1347252,1115628,17.19,101452,130172,"[ ☀️ 231 / 1,347 ]",measured,
9b0d6281107d6971bff4bf32ce843397ebf1dcd0,1117,2026-07-31T20:27:37+01:00,2026-07-31T20:27:37+01:00,231624,1347252,1115628,17.19,101452,130172,"[ ☀️ 231 / 1,347 ]",measured,
af95c201917578f28ee9c5b10f583a75229dd557,1118,2026-07-31T20:28:02+01:00,2026-07-31T20:28:02+01:00,231624,1347252,1115628,17.19,101452,130172,"[ ☀️ 231 / 1,347 ]",measured,
4d90b5ac24b87a3959391f7d324baca2c29ea939,1119,2026-07-31T20:29:10+01:00,2026-07-31T20:29:10+01:00,231836,1347252,1115416,17.21,101452,130384,"[ ☀️ 231 / 1,347 ]",measured,
e7cdb657f3f17722aeb267ce2db311a0137e93ca,1120,2026-07-31T20:29:56+01:00,2026-07-31T20:29:56+01:00,231836,1347252,1115416,17.21,101452,130384,"[ ☀️ 231 / 1,347 ]",measured,
f28e486876cbea150488f23612ec1bbb97089fa6,1121,2026-07-31T20:30:20+01:00,2026-07-31T20:30:20+01:00,231836,1347252,1115416,17.21,101452,130384,"[ ☀️ 231 / 1,347 ]",measured,
12f19b72e9a148b6bfb229231c7f0fe4be2d5871,1122,2026-07-31T20:32:03+01:00,2026-07-31T20:32:03+01:00,231836,1347252,1115416,17.21,101452,130384,"[ ☀️ 231 / 1,347 ]",measured,
52c955eb34989a49c25db9ac8b6efd4d290a6fdd,1123,2026-07-31T20:32:28+01:00,2026-07-31T20:32:28+01:00,231836,1347252,1115416,17.21,101452,130384,"[ ☀️ 231 / 1,347 ]",measured,
555644b1b3e490fa763e213155bfc07a90fb84d1,1124,2026-07-31T20:37:09+01:00,2026-07-31T20:37:09+01:00,231836,1347252,1115416,17.21,101452,130384,"[ ☀️ 231 / 1,347 ]",measured,
3fcc387d6538c4bf7fc7feb9eb5d90bad9c16167,1125,2026-07-31T20:38:30+01:00,2026-07-31T20:38:30+01:00,231836,1347252,1115416,17.21,101452,130384,"[ ☀️ 231 / 1,347 ]",measured,
c78e95e6993fd1d1acd4c13f0b2287074046235c,1126,2026-07-31T20:43:22+01:00,2026-07-31T20:43:22+01:00,231836,1347252,1115416,17.21,101452,130384,"[ ☀️ 231 / 1,347 ]",measured,
b33b473ea18e641ab96f526da95257a6a5e0fd69,1127,2026-07-31T20:43:47+01:00,2026-07-31T20:43:47+01:00,231836,1347252,1115416,17.21,101452,130384,"[ ☀️ 231 / 1,347 ]",measured,
398a500db4ecefcb984ddeb0b14fcbbb151b7d94,1128,2026-07-31T20:47:17+01:00,2026-07-31T20:47:17+01:00,231836,1347252,1115416,17.21,101452,130384,"[ ☀️ 231 / 1,347 ]",measured,
6166ff6b53ff5aa40a2b33b9c675da1c27bce17f,1129,2026-07-31T20:52:34+01:00,2026-07-31T20:52:34+01:00,231836,1347252,1115416,17.21,101452,130384,"[ ☀️ 231 / 1,347 ]",measured,
53be208cf5b80a9428851e552e0e3ffe72db59f2,1130,2026-07-31T20:56:29+01:00,2026-07-31T20:56:29+01:00,231836,1347252,1115416,17.21,101452,130384,"[ ☀️ 231 / 1,347 ]",measured,
a397891b83509d0857045e11a8e25d5be0b3970a,1131,2026-07-31T20:57:00+01:00,2026-07-31T20:57:00+01:00,231836,1347252,1115416,17.21,101452,130384,"[ ☀️ 231 / 1,347 ]",measured,
84b72d9e9e7cc41f2f9367f1c814dbfafa8c5a0a,1132,2026-07-31T20:57:27+01:00,2026-07-31T20:57:27+01:00,231836,1347252,1115416,17.21,101452,130384,"[ ☀️ 231 / 1,347 ]",measured,
7ef3b8f58d3030edc37c29f793f8cceb680a035f,1133,2026-07-31T20:57:43+01:00,2026-07-31T20:57:43+01:00,231908,1347252,1115344,17.21,101452,130456,"[ ☀️ 231 / 1,347 ]",measured,
7798171933d2b75f7ce023ace39b48fe31db51b2,1134,2026-07-31T20:58:10+01:00,2026-07-31T20:58:10+01:00,231908,1347252,1115344,17.21,101452,130456,"[ ☀️ 231 / 1,347 ]",measured,
b591d2a8378c596f7a20b5a1fa8aaeb472c85c42,1135,2026-07-31T20:58:44+01:00,2026-07-31T20:58:44+01:00,231908,1347252,1115344,17.21,101452,130456,"[ ☀️ 231 / 1,347 ]",measured,
7d4918a55a6a770ba3faffd0114295267a726a3f,1136,2026-07-31T21:03:24+01:00,2026-07-31T21:03:24+01:00,231908,1347252,1115344,17.21,101452,130456,"[ ☀️ 231 / 1,347 ]",measured,
14408de99def7c6143541899184fc1f9f0e5cff6,1137,2026-07-31T21:04:34+01:00,2026-07-31T21:04:34+01:00,231908,1347252,1115344,17.21,101452,130456,"[ ☀️ 231 / 1,347 ]",measured,
479121d7646b522949799adb1db535b3576b1c61,1138,2026-07-31T21:07:43+01:00,2026-07-31T21:07:43+01:00,231988,1347252,1115264,17.22,101452,130536,"[ ☀️ 231 / 1,347 ]",measured,
a894c272a0326d21aa121e312fb02cf6da8ba3a1,1139,2026-07-31T21:08:10+01:00,2026-07-31T21:08:10+01:00,231988,1347252,1115264,17.22,101452,130536,"[ ☀️ 231 / 1,347 ]",measured,
687de065b0166fbd4a50df853f56bcbb5fc8c98d,1140,2026-07-31T21:08:32+01:00,2026-07-31T21:08:32+01:00,231988,1347252,1115264,17.22,101452,130536,"[ ☀️ 231 / 1,347 ]",measured,
e4745cb1c4f70c58493478cb89b116f6a9d1c168,1141,2026-07-31T21:08:58+01:00,2026-07-31T21:08:58+01:00,231988,1347252,1115264,17.22,101452,130536,"[ ☀️ 231 / 1,347 ]",measured,
80a1d7fe82470f539523602f89227deab36cf772,1142,2026-07-31T21:09:22+01:00,2026-07-31T21:09:22+01:00,231988,1347252,1115264,17.22,101452,130536,"[ ☀️ 231 / 1,347 ]",measured,
e9fe23e97516b6b8aea237d61297ccecc9e7321d,1143,2026-07-31T21:09:48+01:00,2026-07-31T21:09:48+01:00,231988,1347252,1115264,17.22,101452,130536,"[ ☀️ 231 / 1,347 ]",measured,
b52bec1c152c053754de8c20dbeeb6d9afd80050,1144,2026-07-31T21:10:09+01:00,2026-07-31T21:10:09+01:00,231988,1347252,1115264,17.22,101452,130536,"[ ☀️ 231 / 1,347 ]",measured,
800dc82f62e60d99de3e8d1608e23d37f6838104,1145,2026-07-31T21:10:35+01:00,2026-07-31T21:10:35+01:00,231988,1347252,1115264,17.22,101452,130536,"[ ☀️ 231 / 1,347 ]",measured,
9453cab8c2a1b799365b3d751efec7684a703ba6,1146,2026-07-31T21:13:21+01:00,2026-07-31T21:13:21+01:00,231988,1347252,1115264,17.22,101452,130536,"[ ☀️ 231 / 1,347 ]",measured,
2c1c1a125f762d53be4151a6551a3f228244e3fd,1147,2026-07-31T21:14:31+01:00,2026-07-31T21:14:31+01:00,231988,1347252,1115264,17.22,101452,130536,"[ ☀️ 231 / 1,347 ]",measured,
87d1ee176bc48efe6ec5f6a7bfc62b4a705dfa02,1148,2026-07-31T21:15:50+01:00,2026-07-31T21:15:50+01:00,231988,1347252,1115264,17.22,101452,130536,"[ ☀️ 231 / 1,347 ]",measured,
04260daee4d8c54ea0fd19225338f16120764938,1149,2026-07-31T21:17:16+01:00,2026-07-31T21:17:16+01:00,231988,1347252,1115264,17.22,101452,130536,"[ ☀️ 231 / 1,347 ]",measured,
a77602dd9b1996a826288f916879256f5f5ed896,1150,2026-07-31T21:19:36+01:00,2026-07-31T21:19:36+01:00,231988,1347252,1115264,17.22,101452,130536,"[ ☀️ 231 / 1,347 ]",measured,
f54fa9b058f473e941dc7cdf3256e7f2b8d0ecf5,1151,2026-07-31T21:26:30+01:00,2026-07-31T21:26:30+01:00,231988,1347252,1115264,17.22,101452,130536,"[ ☀️ 231 / 1,347 ]",measured,
fcf031775382ff75c22271a5fc209cc9d471f8b7,1152,2026-07-31T21:28:56+01:00,2026-07-31T21:28:56+01:00,231988,1347252,1115264,17.22,101452,130536,"[ ☀️ 231 / 1,347 ]",measured,
9b05a56fb6ba1d6cbda3d41102718b4b50acc9d3,1153,2026-07-31T21:32:36+01:00,2026-07-31T21:32:36+01:00,231988,1347252,1115264,17.22,101452,130536,"[ ☀️ 231 / 1,347 ]",measured,
9e2823e9052d3ff7e30af4aff82e692535705da4,1154,2026-07-31T21:35:27+01:00,2026-07-31T21:35:27+01:00,231988,1347252,1115264,17.22,101452,130536,"[ ☀️ 231 / 1,347 ]",measured,
7ad9cfb0f8ef2589db78631085e4fbd579086a56,1155,2026-07-31T21:38:48+01:00,2026-07-31T21:38:48+01:00,231988,1347252,1115264,17.22,101452,130536,"[ ☀️ 231 / 1,347 ]",measured,
694cf7caf88aba71c08c58ab65e8f5aad8c928d4,1156,2026-07-31T21:40:23+01:00,2026-07-31T21:40:23+01:00,231988,1347252,1115264,17.22,101452,130536,"[ ☀️ 231 / 1,347 ]",measured,
ec68387fe2f2bae5ce4446dea9b859bf41b13488,1157,2026-07-31T21:43:24+01:00,2026-07-31T21:43:24+01:00,231988,1347252,1115264,17.22,101452,130536,"[ ☀️ 231 / 1,347 ]",measured,
122b1edf70638b1aef4eeafc1752a2525fc15680,1158,2026-07-31T21:44:42+01:00,2026-07-31T21:44:42+01:00,231988,1347252,1115264,17.22,101452,130536,"[ ☀️ 231 / 1,347 ]",measured,
e992281f0a0cd7f7ca700dd65c6f2928429f350d,1159,2026-07-31T21:48:07+01:00,2026-07-31T21:48:07+01:00,231988,1347252,1115264,17.22,101452,130536,"[ ☀️ 231 / 1,347 ]",measured,
8e8c0fc5cc545249f15ccbbfefa5ccd89115682e,1160,2026-07-31T21:50:39+01:00,2026-07-31T21:50:39+01:00,231988,1347252,1115264,17.22,101452,130536,"[ ☀️ 231 / 1,347 ]",measured,
a406b091377d373b87bcfe23aab65b7136452b9c,1161,2026-07-31T21:53:13+01:00,2026-07-31T21:53:13+01:00,231988,1347252,1115264,17.22,101452,130536,"[ ☀️ 231 / 1,347 ]",measured,
8419d7b745499fa3487a5f52578330fd7deb2a05,1162,2026-07-31T21:53:44+01:00,2026-07-31T21:53:44+01:00,231988,1347252,1115264,17.22,101452,130536,"[ ☀️ 231 / 1,347 ]",measured,
88a8cb21b00c84934877862aeffd3b18b4016563,1163,2026-07-31T21:58:31+01:00,2026-07-31T21:58:31+01:00,231988,1347252,1115264,17.22,101452,130536,"[ ☀️ 231 / 1,347 ]",measured,
dd6b09fc5bb0a290eae88441c8558fd9eca4d9d1,1164,2026-07-31T21:59:30+01:00,2026-07-31T21:59:30+01:00,231988,1347252,1115264,17.22,101452,130536,"[ ☀️ 231 / 1,347 ]",measured,
063b7cfacb1eef5cd99b35a4310bd65aeae515a9,1165,2026-07-31T22:03:49+01:00,2026-07-31T22:03:49+01:00,231988,1347252,1115264,17.22,101452,130536,"[ ☀️ 231 / 1,347 ]",measured,
d601e3d41f6bac66b86e0c78736cc00539fe928e,1166,2026-07-31T22:04:52+01:00,2026-07-31T22:04:52+01:00,231988,1347252,1115264,17.22,101452,130536,"[ ☀️ 231 / 1,347 ]",measured,
2b121a0dfdc1886d8ff07994cea0902c5f742353,1167,2026-07-31T22:06:05+01:00,2026-07-31T22:06:05+01:00,231988,1347252,1115264,17.22,101452,130536,"[ ☀️ 231 / 1,347 ]",measured,
3bdb3fab23f4bf14b8f9c3deab83f12b10328012,1168,2026-07-31T22:07:04+01:00,2026-07-31T22:07:04+01:00,231988,1347252,1115264,17.22,101452,130536,"[ ☀️ 231 / 1,347 ]",measured,
8277ba9a55d95a4ada22cc250eb7d88b66f0b254,1169,2026-07-31T22:08:49+01:00,2026-07-31T22:08:49+01:00,232108,1347252,1115144,17.23,101452,130656,"[ ☀️ 232 / 1,347 ]",measured,
a089bd4fd380040deb2e3bbc9dad1c53544c3952,1170,2026-07-31T22:09:45+01:00,2026-07-31T22:09:45+01:00,232108,1347252,1115144,17.23,101452,130656,"[ ☀️ 232 / 1,347 ]",measured,
d6d7f8485fbb2584742519d895661e32d5f73e8e,1171,2026-07-31T22:29:59+01:00,2026-07-31T22:29:59+01:00,232188,1347252,1115064,17.23,101452,130736,"[ ☀️ 232 / 1,347 ]",measured,
0418a6ff0d1f2857b1e17091ec2817201ca9f030,1172,2026-07-31T22:29:59+01:00,2026-07-31T22:29:59+01:00,232188,1347252,1115064,17.23,101452,130736,"[ ☀️ 232 / 1,347 ]",measured,
25ac42d27127ae47314c47ba77928f28a616836e,1173,2026-07-31T22:30:00+01:00,2026-07-31T22:30:00+01:00,232188,1347252,1115064,17.23,101452,130736,"[ ☀️ 232 / 1,347 ]",measured,
dcedbc54153ead7e5e3a8f85873e56d8266abcd7,1174,2026-07-31T22:31:15+01:00,2026-07-31T22:31:15+01:00,232188,1347252,1115064,17.23,101452,130736,"[ ☀️ 232 / 1,347 ]",measured,
63f223293f20fc0a126fb7c40e8c32b53c142800,1175,2026-07-31T22:45:36+01:00,2026-07-31T22:45:36+01:00,232188,1347252,1115064,17.23,101452,130736,"[ ☀️ 232 / 1,347 ]",measured,
220196d36c94c9fd931a906391923a70b6b9900e,1176,2026-07-31T22:50:57+01:00,2026-07-31T22:50:57+01:00,232188,1347252,1115064,17.23,101452,130736,"[ ☀️ 232 / 1,347 ]",measured,
2321dc6909a6f73fa616c7089c6e8c4487bceea1,1177,2026-07-31T22:54:42+01:00,2026-07-31T22:54:42+01:00,232188,1347252,1115064,17.23,101452,130736,"[ ☀️ 232 / 1,347 ]",measured,
c8e2fbf0031d7875001992dbdc1cc10fe90babdc,1178,2026-07-31T22:57:42+01:00,2026-07-31T22:57:42+01:00,232188,1347252,1115064,17.23,101452,130736,"[ ☀️ 232 / 1,347 ]",measured,
2cec2cc1356ffbd32e43af5262d737fbe5fa9adf,1179,2026-07-31T22:58:42+01:00,2026-07-31T22:58:42+01:00,232188,1347252,1115064,17.23,101452,130736,"[ ☀️ 232 / 1,347 ]",measured,
0c2b8a7143ca06856b81313e4995badb2124ce1a,1180,2026-07-31T23:15:31+01:00,2026-07-31T23:15:31+01:00,232188,1347252,1115064,17.23,101452,130736,"[ ☀️ 232 / 1,347 ]",measured,
09c03f81ae7c3ce651b4bbe06d0d675f7697bd49,1181,2026-07-31T23:52:31+01:00,2026-07-31T23:52:31+01:00,232944,1347252,1114308,17.29,102208,130736,"[ ☀️ 232 / 1,347 ]",measured,
b4f23f4998a4edb01c73d74b2e1e74213b4fc810,1182,2026-08-01T00:34:10+01:00,2026-08-01T00:34:10+01:00,232944,1347252,1114308,17.29,102208,130736,"[ ☀️ 232 / 1,347 ]",measured,
cbe6e4348a3ba24ede670c7097faf80a3543f4d5,1183,2026-08-01T00:54:11+01:00,2026-08-01T00:54:11+01:00,232944,1347252,1114308,17.29,102208,130736,"[ ☀️ 232 / 1,347 ]",measured,
a1c36b8aaa5b8da08baf3325349c8f9561f02016,1184,2026-08-01T00:59:35+01:00,2026-08-01T00:59:35+01:00,232944,1347252,1114308,17.29,102208,130736,"[ ☀️ 232 / 1,347 ]",measured,
b1a691afc629386568c0801806e461564e3b22e3,1185,2026-08-01T01:00:37+01:00,2026-08-01T01:00:37+01:00,232944,1347252,1114308,17.29,102208,130736,"[ ☀️ 232 / 1,347 ]",measured,
a17b5c26bac252e8a1b802479b50dfe35672d0a1,1186,2026-08-01T01:00:50+01:00,2026-08-01T01:00:50+01:00,232944,1347252,1114308,17.29,102208,130736,"[ ☀️ 232 / 1,347 ]",measured,
db590680e43af29073af85623e4bb39506a238f6,1187,2026-08-01T01:01:16+01:00,2026-08-01T01:01:16+01:00,232944,1347252,1114308,17.29,102208,130736,"[ ☀️ 232 / 1,347 ]",measured,
ef932016e58392553bdad20d45174a07b8081afd,1188,2026-08-01T01:01:29+01:00,2026-08-01T01:01:29+01:00,233104,1347252,1114148,17.3,102208,130896,"[ ☀️ 233 / 1,347 ]",measured,
c3db3c6c3cdd2d4781dabd3265303543c6685fab,1189,2026-08-01T01:01:54+01:00,2026-08-01T01:01:54+01:00,233104,1347252,1114148,17.3,102208,130896,"[ ☀️ 233 / 1,347 ]",measured,
e52e8ed78cb40d5201bed26003f58538f5b9c80a,1190,2026-08-01T01:05:27+01:00,2026-08-01T01:05:27+01:00,233104,1347252,1114148,17.3,102208,130896,"[ ☀️ 233 / 1,347 ]",measured,
4d59f73c3b8c31a8ab598da6d2d6dbe61ff792a0,1191,2026-08-01T01:11:31+01:00,2026-08-01T01:11:31+01:00,233104,1347252,1114148,17.3,102208,130896,"[ ☀️ 233 / 1,347 ]",measured,
73b65a6cb736a4f95f827babb25ad2ea1080a4a3,1192,2026-08-01T01:16:15+01:00,2026-08-01T01:16:15+01:00,233104,1347252,1114148,17.3,102208,130896,"[ ☀️ 233 / 1,347 ]",measured,
d6942f1a69fdcf34701205ed25d882250a9bcb4b,1193,2026-08-01T01:20:20+01:00,2026-08-01T01:20:20+01:00,233104,1347252,1114148,17.3,102208,130896,"[ ☀️ 233 / 1,347 ]",measured,
e07ddfdf01eba946d9094e59eb1cab53351f2113,1194,2026-08-01T01:20:46+01:00,2026-08-01T01:20:46+01:00,233104,1347252,1114148,17.3,102208,130896,"[ ☀️ 233 / 1,347 ]",measured,
0d589e7f34318dabf601a8bab5674dcf9ba24b44,1195,2026-08-01T01:29:29+01:00,2026-08-01T01:29:29+01:00,233104,1347252,1114148,17.3,102208,130896,"[ ☀️ 233 / 1,347 ]",measured,
4ac1198919cc5655c09cf9bcebf379c6d9ea88d0,1196,2026-08-01T01:30:09+01:00,2026-08-01T01:30:09+01:00,233104,1347252,1114148,17.3,102208,130896,"[ ☀️ 233 / 1,347 ]",measured,
a217da4da913b40649e70e256e1d6671aa73b423,1197,2026-08-01T01:39:35+01:00,2026-08-01T01:39:35+01:00,233104,1347252,1114148,17.3,102208,130896,"[ ☀️ 233 / 1,347 ]",measured,
3151c1016f274c5d984301a0787a293e65622a5a,1198,2026-08-01T01:42:06+01:00,2026-08-01T01:42:06+01:00,233104,1347252,1114148,17.3,102208,130896,"[ ☀️ 233 / 1,347 ]",measured,
89219f030e48585a332357413a941d54eb81dc78,1199,2026-08-01T01:42:31+01:00,2026-08-01T01:42:31+01:00,233104,1347252,1114148,17.3,102208,130896,"[ ☀️ 233 / 1,347 ]",measured,
3b83a499bc3e61ddfe7a4ac25aee68a5d54ae00a,1200,2026-08-01T01:44:22+01:00,2026-08-01T01:44:22+01:00,233104,1347252,1114148,17.3,102208,130896,"[ ☀️ 233 / 1,347 ]",measured,
fc656f42552c067dde22a9b8bfad592739530264,1201,2026-08-01T01:49:50+01:00,2026-08-01T01:49:50+01:00,233104,1347252,1114148,17.3,102208,130896,"[ ☀️ 233 / 1,347 ]",measured,
4a9412081a8acb2d4387ad508b4c9200950ae68e,1202,2026-08-01T01:50:16+01:00,2026-08-01T01:50:16+01:00,233104,1347252,1114148,17.3,102208,130896,"[ ☀️ 233 / 1,347 ]",measured,
777dfffff4adce45819aa4fb4f3d4243a84d8b41,1203,2026-08-01T01:51:27+01:00,2026-08-01T01:51:27+01:00,233104,1347252,1114148,17.3,102208,130896,"[ ☀️ 233 / 1,347 ]",measured,
81acd187c7f07aff2c309dd5bd72e3766475c0c4,1204,2026-08-01T01:51:54+01:00,2026-08-01T01:51:54+01:00,233104,1347252,1114148,17.3,102208,130896,"[ ☀️ 233 / 1,347 ]",measured,
4d5b0ea271bd63de25de304179d6772e8ef7aae3,1205,2026-08-01T01:52:15+01:00,2026-08-01T01:52:15+01:00,233104,1347252,1114148,17.3,102208,130896,"[ ☀️ 233 / 1,347 ]",measured,
80e7c283b5188a0d59998fe6da2de8d31b0ab6e5,1206,2026-08-01T01:57:35+01:00,2026-08-01T01:57:35+01:00,233104,1347252,1114148,17.3,102208,130896,"[ ☀️ 233 / 1,347 ]",measured,
2942c08388d17f0e05fbc1326508543252bd64b0,1207,2026-08-01T01:58:00+01:00,2026-08-01T01:58:00+01:00,233104,1347252,1114148,17.3,102208,130896,"[ ☀️ 233 / 1,347 ]",measured,
58994b24de80f00871b98f918405ad3bf56e6916,1208,2026-08-01T01:58:48+01:00,2026-08-01T01:58:48+01:00,233104,1347252,1114148,17.3,102208,130896,"[ ☀️ 233 / 1,347 ]",measured,
88df95d30434af5ee21d375d8f175c09e97a73d9,1209,2026-08-01T02:02:03+01:00,2026-08-01T02:02:03+01:00,233104,1347252,1114148,17.3,102208,130896,"[ ☀️ 233 / 1,347 ]",measured,
60083bc65d6f04718fd89249008e938a983f9b1f,1210,2026-08-01T02:03:17+01:00,2026-08-01T02:03:17+01:00,233104,1347252,1114148,17.3,102208,130896,"[ ☀️ 233 / 1,347 ]",measured,
3cb9ab3f2570d79f2a63f53e850c7150ef765d07,1211,2026-08-01T02:04:06+01:00,2026-08-01T02:04:06+01:00,233104,1347252,1114148,17.3,102208,130896,"[ ☀️ 233 / 1,347 ]",measured,
4affd14e893926e590ca2a87423afd67c7740e70,1212,2026-08-01T02:04:44+01:00,2026-08-01T02:04:44+01:00,233104,1347252,1114148,17.3,102208,130896,"[ ☀️ 233 / 1,347 ]",measured,
12144aefab9618b4706fae5b0d1d2f43b4896aa2,1213,2026-08-01T02:05:48+01:00,2026-08-01T02:05:48+01:00,233104,1347252,1114148,17.3,102208,130896,"[ ☀️ 233 / 1,347 ]",measured,
b99e77acb07e271b237f314d6f2f4065b43905d5,1214,2026-08-01T02:09:06+01:00,2026-08-01T02:09:06+01:00,233104,1347252,1114148,17.3,102208,130896,"[ ☀️ 233 / 1,347 ]",measured,
ac9abaa4ac109217ae7b67e17f160362c6c49779,1215,2026-08-01T02:09:31+01:00,2026-08-01T02:09:31+01:00,233104,1347252,1114148,17.3,102208,130896,"[ ☀️ 233 / 1,347 ]",measured,
a9bc2e56db71abe1a2ea018a1b80074844a2f347,1216,2026-08-01T02:19:25+01:00,2026-08-01T02:19:25+01:00,233104,1347252,1114148,17.3,102208,130896,"[ ☀️ 233 / 1,347 ]",measured,
51cde5c46ce2a83a8839bbb503b06e150b1d69f5,1217,2026-08-01T02:19:50+01:00,2026-08-01T02:19:50+01:00,233104,1347252,1114148,17.3,102208,130896,"[ ☀️ 233 / 1,347 ]",measured,
d20e4063722f2880bf9bd894a5ff064e626cd469,1218,2026-08-01T02:24:05+01:00,2026-08-01T02:24:05+01:00,233104,1347252,1114148,17.3,102208,130896,"[ ☀️ 233 / 1,347 ]",measured,
f2ad1a76c745a6d17486c67d0dbfe0223b242c66,1219,2026-08-01T02:29:44+01:00,2026-08-01T02:29:44+01:00,233104,1347252,1114148,17.3,102208,130896,"[ ☀️ 233 / 1,347 ]",measured,
8c0450a4333cd062d2ce844fc32b9d2fd7d63a3d,1220,2026-08-01T02:31:33+01:00,2026-08-01T02:31:33+01:00,233104,1347252,1114148,17.3,102208,130896,"[ ☀️ 233 / 1,347 ]",measured,
58d7a9547a515f5a5c3bd588d1b1320379d31b7f,1221,2026-08-01T02:33:01+01:00,2026-08-01T02:33:01+01:00,233104,1347252,1114148,17.3,102208,130896,"[ ☀️ 233 / 1,347 ]",measured,
1dcf363c4cf3cbcb4d477f80e3e2c292702a5838,1222,2026-08-01T02:38:12+01:00,2026-08-01T02:38:12+01:00,233104,1347252,1114148,17.3,102208,130896,"[ ☀️ 233 / 1,347 ]",measured,
a0315e7cfead1fb1a7df805f47076f9908efeeb0,1223,2026-08-01T02:40:24+01:00,2026-08-01T02:40:24+01:00,233104,1347252,1114148,17.3,102208,130896,"[ ☀️ 233 / 1,347 ]",measured,
0993e94b2b57101dee3ce4cfa81dcf50adf092c2,1224,2026-08-01T02:40:45+01:00,2026-08-01T02:40:45+01:00,233104,1347252,1114148,17.3,102208,130896,"[ ☀️ 233 / 1,347 ]",measured,
5243fa28daa2512f6f353e47b5603a0adb52c18e,1225,2026-08-01T02:41:10+01:00,2026-08-01T02:41:10+01:00,233104,1347252,1114148,17.3,102208,130896,"[ ☀️ 233 / 1,347 ]",measured,
974ef3728dc87697b4801727c414362adfb67dd1,1226,2026-08-01T02:53:02+01:00,2026-08-01T02:53:02+01:00,233104,1347252,1114148,17.3,102208,130896,"[ ☀️ 233 / 1,347 ]",measured,
06fdfbb3b9c08118100270752f93c92515e52bf9,1227,2026-08-01T02:55:10+01:00,2026-08-01T02:55:10+01:00,233104,1347252,1114148,17.3,102208,130896,"[ ☀️ 233 / 1,347 ]",measured,
fce5dc9e9847a1927fbd3185b099e41659f96e5f,1228,2026-08-01T02:55:35+01:00,2026-08-01T02:55:35+01:00,233104,1347252,1114148,17.3,102208,130896,"[ ☀️ 233 / 1,347 ]",measured,
648fd4c9480e266cfed3a4c114bae54d4299f114,1229,2026-08-01T02:57:53+01:00,2026-08-01T02:57:53+01:00,233104,1347252,1114148,17.3,102208,130896,"[ ☀️ 233 / 1,347 ]",measured,
ad31de3e013c43ea5a02cd34bdbfb7b414c5d1ee,1230,2026-08-01T03:02:27+01:00,2026-08-01T03:02:27+01:00,233344,1347252,1113908,17.32,102208,131136,"[ ☀️ 233 / 1,347 ]",measured,
fc612cd21a57281b778ca1a02b6bcd5bace83f9e,1231,2026-08-01T03:03:38+01:00,2026-08-01T03:03:38+01:00,233376,1347252,1113876,17.32,102208,131168,"[ ☀️ 233 / 1,347 ]",measured,
051574d9cc86ee417a6b758d6ca36c2320972897,1232,2026-08-01T03:04:48+01:00,2026-08-01T03:04:48+01:00,233376,1347252,1113876,17.32,102208,131168,"[ ☀️ 233 / 1,347 ]",measured,
85676d49425beca32d4435db64c03eee5aa7af45,1233,2026-08-01T03:05:59+01:00,2026-08-01T03:05:59+01:00,233376,1347252,1113876,17.32,102208,131168,"[ ☀️ 233 / 1,347 ]",measured,
2acaf2904d1c1f34cf86a3625ebc391b5c5646ab,1234,2026-08-01T03:06:24+01:00,2026-08-01T03:06:24+01:00,233376,1347252,1113876,17.32,102208,131168,"[ ☀️ 233 / 1,347 ]",measured,
b9c9ba0c3c1692f181d7fd6c733be181bb9804d1,1235,2026-08-01T03:08:44+01:00,2026-08-01T03:08:44+01:00,233424,1347252,1113828,17.33,102208,131216,"[ ☀️ 233 / 1,347 ]",measured,
251bf24c50a75479da424009ca6c85cbf85b513c,1236,2026-08-01T03:09:11+01:00,2026-08-01T03:09:11+01:00,233424,1347252,1113828,17.33,102208,131216,"[ ☀️ 233 / 1,347 ]",measured,
89f45bde68e2da67f24f153fce829c24c4a54c5b,1237,2026-08-01T03:10:57+01:00,2026-08-01T03:10:57+01:00,233424,1347252,1113828,17.33,102208,131216,"[ ☀️ 233 / 1,347 ]",measured,
481f594a04a1566732ae348a8c3630369179f14d,1238,2026-08-01T03:11:24+01:00,2026-08-01T03:11:24+01:00,233424,1347252,1113828,17.33,102208,131216,"[ ☀️ 233 / 1,347 ]",measured,
dec2cf9cdb6bffba1d2709b838d247e8a152920f,1239,2026-08-01T03:11:44+01:00,2026-08-01T03:11:44+01:00,233424,1347252,1113828,17.33,102208,131216,"[ ☀️ 233 / 1,347 ]",measured,
97300816d7eb8b46ebecb84a01e7bc4e4ca94497,1240,2026-08-01T03:12:17+01:00,2026-08-01T03:12:17+01:00,233424,1347252,1113828,17.33,102208,131216,"[ ☀️ 233 / 1,347 ]",measured,
cf295cc247e6eaa06ebdd7120bff4f6fa08cf574,1241,2026-08-01T03:12:43+01:00,2026-08-01T03:12:43+01:00,233424,1347252,1113828,17.33,102208,131216,"[ ☀️ 233 / 1,347 ]",measured,
ecb5ce858e9c66bee5a99000aeeb47836b4ae87b,1242,2026-08-01T03:14:42+01:00,2026-08-01T03:14:42+01:00,233532,1347252,1113720,17.33,102208,131324,"[ ☀️ 233 / 1,347 ]",measured,
49440e5becabc4ca00e35227788f0a930fbcfcb8,1243,2026-08-01T03:15:08+01:00,2026-08-01T03:15:08+01:00,233532,1347252,1113720,17.33,102208,131324,"[ ☀️ 233 / 1,347 ]",measured,
e38a253dac4cbb3cfc9a3543053b215f098e318c,1244,2026-08-01T03:15:24+01:00,2026-08-01T03:15:24+01:00,233532,1347252,1113720,17.33,102208,131324,"[ ☀️ 233 / 1,347 ]",measured,
9d602852af3ff3e9e991d5a2c74f0f00d39b4ed1,1245,2026-08-01T03:18:17+01:00,2026-08-01T03:18:17+01:00,233532,1347252,1113720,17.33,102208,131324,"[ ☀️ 233 / 1,347 ]",measured,
2b35e2c46db9bd89252ef7cad93cb5b310c2a40a,1246,2026-08-01T03:18:43+01:00,2026-08-01T03:18:43+01:00,233532,1347252,1113720,17.33,102208,131324,"[ ☀️ 233 / 1,347 ]",measured,
56f4c44f613e37f9da507e2a45bbdd93e579f0b2,1247,2026-08-01T03:19:17+01:00,2026-08-01T03:19:17+01:00,233604,1347252,1113648,17.34,102208,131396,"[ ☀️ 233 / 1,347 ]",measured,
81b8aeb83949b4cd89d904d7a0b462a12ca53b04,1248,2026-08-01T03:19:44+01:00,2026-08-01T03:19:44+01:00,233604,1347252,1113648,17.34,102208,131396,"[ ☀️ 233 / 1,347 ]",measured,
8d5babf7e4331e3c1b2383c1880f2441a3c4aebd,1249,2026-08-01T03:21:44+01:00,2026-08-01T03:21:44+01:00,233604,1347252,1113648,17.34,102208,131396,"[ ☀️ 233 / 1,347 ]",measured,
12d27179a9d1887ba6b0b573bf602fbc1707c80c,1250,2026-08-01T03:22:40+01:00,2026-08-01T03:22:40+01:00,233604,1347252,1113648,17.34,102208,131396,"[ ☀️ 233 / 1,347 ]",measured,
b92680e979607cbcaaf5c2db9349f67ccb33dce4,1251,2026-08-01T03:32:10+01:00,2026-08-01T03:32:10+01:00,233604,1347252,1113648,17.34,102208,131396,"[ ☀️ 233 / 1,347 ]",measured,
3171abb444acfe8cbffcbd0c996bde539e70c078,1252,2026-08-01T03:32:56+01:00,2026-08-01T03:32:56+01:00,233604,1347252,1113648,17.34,102208,131396,"[ ☀️ 233 / 1,347 ]",measured,
7f7bef8fdeef33fbc93fb2d91b5597673439095c,1253,2026-08-01T03:34:54+01:00,2026-08-01T03:34:54+01:00,233604,1347252,1113648,17.34,102208,131396,"[ ☀️ 233 / 1,347 ]",measured,
0e1c1701d62771ea48d8da0b9c3dc68ac82bd121,1254,2026-08-01T03:39:32+01:00,2026-08-01T03:39:32+01:00,233604,1347252,1113648,17.34,102208,131396,"[ ☀️ 233 / 1,347 ]",measured,
8c87966468f3007b311c48281af38bfe8529adb6,1255,2026-08-01T03:39:57+01:00,2026-08-01T03:39:57+01:00,233604,1347252,1113648,17.34,102208,131396,"[ ☀️ 233 / 1,347 ]",measured,
cb79ec48879961fb473361680c5721008faa9a37,1256,2026-08-01T03:40:15+01:00,2026-08-01T03:40:15+01:00,233604,1347252,1113648,17.34,102208,131396,"[ ☀️ 233 / 1,347 ]",measured,
3138679a24394077607f3432b474c9714750225d,1257,2026-08-01T03:42:19+01:00,2026-08-01T03:42:19+01:00,233604,1347252,1113648,17.34,102208,131396,"[ ☀️ 233 / 1,347 ]",measured,
21e3d515e281b3d0ad955617cf0437f10a902b21,1258,2026-08-01T03:46:01+01:00,2026-08-01T03:46:01+01:00,233604,1347252,1113648,17.34,102208,131396,"[ ☀️ 233 / 1,347 ]",measured,
e861f00cc4761614c7784d68d04664fe6de9266f,1259,2026-08-01T03:46:27+01:00,2026-08-01T03:46:27+01:00,233604,1347252,1113648,17.34,102208,131396,"[ ☀️ 233 / 1,347 ]",measured,
549fac671925965e4f3a1b5f4ef6c41e4957d50d,1260,2026-08-01T03:46:58+01:00,2026-08-01T03:46:58+01:00,233604,1347252,1113648,17.34,102208,131396,"[ ☀️ 233 / 1,347 ]",measured,
3127e98dc045688c09ac32c3b2f9bc55734e2a2a,1261,2026-08-01T03:56:40+01:00,2026-08-01T03:56:40+01:00,233604,1347252,1113648,17.34,102208,131396,"[ ☀️ 233 / 1,347 ]",measured,
c125274ae673be138136888e48e091ee6bc1a1a7,1262,2026-08-01T03:57:08+01:00,2026-08-01T03:57:08+01:00,233604,1347252,1113648,17.34,102208,131396,"[ ☀️ 233 / 1,347 ]",measured,
64f8d042cbcec21f25499c2f2635f3075e228beb,1263,2026-08-01T04:05:08+01:00,2026-08-01T04:05:08+01:00,233604,1347252,1113648,17.34,102208,131396,"[ ☀️ 233 / 1,347 ]",measured,
30d845d835e0b4a60668f2b923aacb78e595c48c,1264,2026-08-01T04:08:52+01:00,2026-08-01T04:08:52+01:00,233604,1347252,1113648,17.34,102208,131396,"[ ☀️ 233 / 1,347 ]",measured,
4240c6a26557d30fbee46e56461c0b12d161fd61,1265,2026-08-01T04:09:18+01:00,2026-08-01T04:09:18+01:00,233604,1347252,1113648,17.34,102208,131396,"[ ☀️ 233 / 1,347 ]",measured,
2a44ef5882a35ae1287dbbc777b1d9335127ddfb,1266,2026-08-01T04:09:34+01:00,2026-08-01T04:09:34+01:00,233604,1347252,1113648,17.34,102208,131396,"[ ☀️ 233 / 1,347 ]",measured,
0d3080cbeb2082fafd9e5a17835bc2bacdb4eb3e,1267,2026-08-01T04:12:36+01:00,2026-08-01T04:12:36+01:00,233604,1347252,1113648,17.34,102208,131396,"[ ☀️ 233 / 1,347 ]",measured,
0ee588071712c5ae608f7a40bad776e34b8eeb1f,1268,2026-08-01T04:13:59+01:00,2026-08-01T04:13:59+01:00,233604,1347252,1113648,17.34,102208,131396,"[ ☀️ 233 / 1,347 ]",measured,
f3bdd9f6c942b197f583c1f9c0219b22b0401e50,1269,2026-08-01T04:19:09+01:00,2026-08-01T04:19:09+01:00,233604,1347252,1113648,17.34,102208,131396,"[ ☀️ 233 / 1,347 ]",measured,
9457767c767ea2d35c438ab841e0241a62ec38ba,1270,2026-08-01T04:22:03+01:00,2026-08-01T04:22:03+01:00,233604,1347252,1113648,17.34,102208,131396,"[ ☀️ 233 / 1,347 ]",measured,
ec31561050575b78597861f38b239d179b774f5d,1271,2026-08-01T04:23:21+01:00,2026-08-01T04:23:21+01:00,233604,1347252,1113648,17.34,102208,131396,"[ ☀️ 233 / 1,347 ]",measured,
2437fe1d34d1e0fe450d55a0c770163654aa4257,1272,2026-08-01T04:23:50+01:00,2026-08-01T04:23:50+01:00,233604,1347252,1113648,17.34,102208,131396,"[ ☀️ 233 / 1,347 ]",measured,
bec1fa81caac5fb08d0a91b95109021e57fb0665,1273,2026-08-01T04:24:37+01:00,2026-08-01T04:24:37+01:00,233788,1347252,1113464,17.35,102208,131580,"[ ☀️ 233 / 1,347 ]",measured,
5724c3e17ccbfab47f6a327adbfc473baa7db84e,1274,2026-08-01T04:25:03+01:00,2026-08-01T04:25:03+01:00,233788,1347252,1113464,17.35,102208,131580,"[ ☀️ 233 / 1,347 ]",measured,
f5fbc51c1712e864abd526bdef0e4682ff792838,1275,2026-08-01T04:25:21+01:00,2026-08-01T04:25:21+01:00,233788,1347252,1113464,17.35,102208,131580,"[ ☀️ 233 / 1,347 ]",measured,
4fcbc43323583a881e262cd484e8b28d16d9e3a8,1276,2026-08-01T04:29:09+01:00,2026-08-01T04:29:09+01:00,233788,1347252,1113464,17.35,102208,131580,"[ ☀️ 233 / 1,347 ]",measured,
a4a03ca8a008ee944c13d93b4f6afe847a4aa550,1277,2026-08-01T04:31:06+01:00,2026-08-01T04:31:06+01:00,233788,1347252,1113464,17.35,102208,131580,"[ ☀️ 233 / 1,347 ]",measured,
2305e80b8fdd4eb1a1b88247ce4526927a839e17,1278,2026-08-01T04:35:30+01:00,2026-08-01T04:35:30+01:00,233788,1347252,1113464,17.35,102208,131580,"[ ☀️ 233 / 1,347 ]",measured,
01559afbdb6d5500e57b976d8184378df91a67f1,1279,2026-08-01T04:37:36+01:00,2026-08-01T04:37:36+01:00,233788,1347252,1113464,17.35,102208,131580,"[ ☀️ 233 / 1,347 ]",measured,
a9d15d1a317c5ce4964f635bc82999a81a054f12,1280,2026-08-01T04:38:59+01:00,2026-08-01T04:38:59+01:00,233788,1347252,1113464,17.35,102208,131580,"[ ☀️ 233 / 1,347 ]",measured,
73bd85b32ab74a3af3d561507c23c4df06152761,1281,2026-08-01T04:40:32+01:00,2026-08-01T04:40:32+01:00,233788,1347252,1113464,17.35,102208,131580,"[ ☀️ 233 / 1,347 ]",measured,
ac8fe6e3828712757ed2bfe5c03629e4811573f9,1282,2026-08-01T04:43:28+01:00,2026-08-01T04:43:28+01:00,233788,1347252,1113464,17.35,102208,131580,"[ ☀️ 233 / 1,347 ]",measured,
c8ef769388313cb16ded4075b67bc11a289015ae,1283,2026-08-01T04:45:00+01:00,2026-08-01T04:45:00+01:00,233788,1347252,1113464,17.35,102208,131580,"[ ☀️ 233 / 1,347 ]",measured,
785e3e0f2dafe5a9a1ba675a2fff81f7d77ab685,1284,2026-08-01T04:45:26+01:00,2026-08-01T04:45:26+01:00,233788,1347252,1113464,17.35,102208,131580,"[ ☀️ 233 / 1,347 ]",measured,
8db83470ec0481bbef3b0de265511899462d2761,1285,2026-08-01T04:49:31+01:00,2026-08-01T04:49:31+01:00,233904,1347252,1113348,17.36,102208,131696,"[ ☀️ 233 / 1,347 ]",measured,
0d2906a1d2db7514c6b5443c6c58e4422f3bb32e,1286,2026-08-01T04:50:50+01:00,2026-08-01T04:50:50+01:00,233904,1347252,1113348,17.36,102208,131696,"[ ☀️ 233 / 1,347 ]",measured,
8620df2333ba2b3047e3adcc31857cc5e00898d4,1287,2026-08-01T04:59:03+01:00,2026-08-01T04:59:03+01:00,233904,1347252,1113348,17.36,102208,131696,"[ ☀️ 233 / 1,347 ]",measured,
683a1d385fdd4cb8531676405590cf872a50f47e,1288,2026-08-01T05:01:02+01:00,2026-08-01T05:01:02+01:00,233904,1347252,1113348,17.36,102208,131696,"[ ☀️ 233 / 1,347 ]",measured,
0c8c6154452f7967b81513442339804565e4e482,1289,2026-08-01T05:05:35+01:00,2026-08-01T05:05:35+01:00,233904,1347252,1113348,17.36,102208,131696,"[ ☀️ 233 / 1,347 ]",measured,
4f668a603f7b6b657d358c7e47a323be1eb152e6,1290,2026-08-01T05:06:55+01:00,2026-08-01T05:06:55+01:00,233904,1347252,1113348,17.36,102208,131696,"[ ☀️ 233 / 1,347 ]",measured,
1c2d524e13f0a7bce12015f5fa5aa7035b7dffeb,1291,2026-08-01T05:08:53+01:00,2026-08-01T05:08:53+01:00,233904,1347252,1113348,17.36,102208,131696,"[ ☀️ 233 / 1,347 ]",measured,
5f1034751f6cf8b3e4f41da0e3cd794ef1be3d07,1292,2026-08-01T05:09:13+01:00,2026-08-01T05:09:13+01:00,233904,1347252,1113348,17.36,102208,131696,"[ ☀️ 233 / 1,347 ]",measured,
88c4d0687bb3c31f7abab3299cf1a231e7f32ce0,1293,2026-08-01T05:09:41+01:00,2026-08-01T05:09:41+01:00,233904,1347252,1113348,17.36,102208,131696,"[ ☀️ 233 / 1,347 ]",measured,
2413f9e7c1568cf5aca96b0f4fa880ca45c466f9,1294,2026-08-01T05:10:07+01:00,2026-08-01T05:10:07+01:00,233960,1347252,1113292,17.37,102208,131752,"[ ☀️ 233 / 1,347 ]",measured,
76e41445dc7999e26dff490a7d192aaabedcd842,1295,2026-08-01T05:10:34+01:00,2026-08-01T05:10:34+01:00,233960,1347252,1113292,17.37,102208,131752,"[ ☀️ 233 / 1,347 ]",measured,
8d35e61a1cc5ac6f6908e0f443bae2aa8de5cdc1,1296,2026-08-01T05:11:41+01:00,2026-08-01T05:11:41+01:00,233960,1347252,1113292,17.37,102208,131752,"[ ☀️ 233 / 1,347 ]",measured,
f46e14d8c999c81e94c16f332681b9282641c29c,1297,2026-08-01T05:15:02+01:00,2026-08-01T05:15:02+01:00,233960,1347252,1113292,17.37,102208,131752,"[ ☀️ 233 / 1,347 ]",measured,
5ceec8bba19cb67514545f088069ee994a78a13d,1298,2026-08-01T05:15:27+01:00,2026-08-01T05:15:27+01:00,233960,1347252,1113292,17.37,102208,131752,"[ ☀️ 233 / 1,347 ]",measured,
32cd00a486dbf25036d540b9e7aa66620648cbc2,1299,2026-08-01T05:18:50+01:00,2026-08-01T05:18:50+01:00,233960,1347252,1113292,17.37,102208,131752,"[ ☀️ 233 / 1,347 ]",measured,
ca26f8234a3f0f3a9c49f4787c25b2d17dfd2922,1300,2026-08-01T05:19:39+01:00,2026-08-01T05:19:39+01:00,233960,1347252,1113292,17.37,102208,131752,"[ ☀️ 233 / 1,347 ]",measured,
7b9e818d444cac63c0385ecdbbc0b864d0993533,1301,2026-08-01T05:20:04+01:00,2026-08-01T05:20:04+01:00,233960,1347252,1113292,17.37,102208,131752,"[ ☀️ 233 / 1,347 ]",measured,
3cba4e8ea2f474b62f01270fe7a13e4c99a75bb9,1302,2026-08-01T05:24:19+01:00,2026-08-01T05:24:19+01:00,233960,1347252,1113292,17.37,102208,131752,"[ ☀️ 233 / 1,347 ]",measured,
bb01a0858af248f2283ab817417b0e71e00061af,1303,2026-08-01T05:39:30+01:00,2026-08-01T05:39:30+01:00,233960,1347252,1113292,17.37,102208,131752,"[ ☀️ 233 / 1,347 ]",measured,
4d4928d7479d6d722fdeec9059011315a6f8de6e,1304,2026-08-01T05:41:14+01:00,2026-08-01T05:41:14+01:00,233960,1347252,1113292,17.37,102208,131752,"[ ☀️ 233 / 1,347 ]",measured,
8f70873b8786ca9e24add99f22641b6b309801b7,1305,2026-08-01T05:45:46+01:00,2026-08-01T05:45:46+01:00,233960,1347252,1113292,17.37,102208,131752,"[ ☀️ 233 / 1,347 ]",measured,
5e3e639b6c8f6545a57616bd11d055ea07dd0ff0,1306,2026-08-01T05:55:11+01:00,2026-08-01T05:55:11+01:00,233960,1347252,1113292,17.37,102208,131752,"[ ☀️ 233 / 1,347 ]",measured,
5a248213d7274a33d1d6e019a3e89a9e70f5ae17,1307,2026-08-01T06:03:28+01:00,2026-08-01T06:03:28+01:00,233960,1347252,1113292,17.37,102208,131752,"[ ☀️ 233 / 1,347 ]",measured,
2a867d0e67b992005091db54b520e196af854d27,1308,2026-08-01T06:03:54+01:00,2026-08-01T06:03:54+01:00,233960,1347252,1113292,17.37,102208,131752,"[ ☀️ 233 / 1,347 ]",measured,
e2c71df9d1f3d926001f040b68465c0f581c14d0,1309,2026-08-01T06:07:13+01:00,2026-08-01T06:07:13+01:00,233960,1347252,1113292,17.37,102208,131752,"[ ☀️ 233 / 1,347 ]",measured,
33f856f89232b93c90e1f04c9d8f1c65e69e0f59,1310,2026-08-01T06:09:56+01:00,2026-08-01T06:09:56+01:00,233960,1347252,1113292,17.37,102208,131752,"[ ☀️ 233 / 1,347 ]",measured,
0f060c3cf68c9ef3cc931c5db120a20104d430ad,1311,2026-08-01T06:11:00+01:00,2026-08-01T06:11:00+01:00,233960,1347252,1113292,17.37,102208,131752,"[ ☀️ 233 / 1,347 ]",measured,
2e19e55aba342d5c22c0ec0b0bee579bcc4734fa,1312,2026-08-01T06:12:34+01:00,2026-08-01T06:12:34+01:00,233960,1347252,1113292,17.37,102208,131752,"[ ☀️ 233 / 1,347 ]",measured,
c25b5ab80e43ed6e2469de9e819538ba995d6d92,1313,2026-08-01T06:17:02+01:00,2026-08-01T06:17:02+01:00,233960,1347252,1113292,17.37,102208,131752,"[ ☀️ 233 / 1,347 ]",measured,
c301a7f34692472d330fb6927172d1c0976bae82,1314,2026-08-01T06:21:17+01:00,2026-08-01T06:21:17+01:00,233960,1347252,1113292,17.37,102208,131752,"[ ☀️ 233 / 1,347 ]",measured,
fdca3b5190f695a77c5509b25581d59cd281d840,1315,2026-08-01T06:22:44+01:00,2026-08-01T06:22:44+01:00,233960,1347252,1113292,17.37,102208,131752,"[ ☀️ 233 / 1,347 ]",measured,
e29f784106ee3d4b626f10a1db1860bcdd7fd74f,1316,2026-08-01T06:24:52+01:00,2026-08-01T06:24:52+01:00,233960,1347252,1113292,17.37,102208,131752,"[ ☀️ 233 / 1,347 ]",measured,
8e9a48e61e1c5897fc54f4bea08cbdb35e9d4e97,1317,2026-08-01T06:27:09+01:00,2026-08-01T06:27:09+01:00,233960,1347252,1113292,17.37,102208,131752,"[ ☀️ 233 / 1,347 ]",measured,
143e06e36feb603d8add6c17f30e8f0a0a12054f,1318,2026-08-01T06:29:04+01:00,2026-08-01T06:29:04+01:00,233960,1347252,1113292,17.37,102208,131752,"[ ☀️ 233 / 1,347 ]",measured,
d21be9909c4204c30acc7886e4440439e53c4dbc,1319,2026-08-01T06:29:50+01:00,2026-08-01T06:29:50+01:00,233960,1347252,1113292,17.37,102208,131752,"[ ☀️ 233 / 1,347 ]",measured,
dfbae415e287b32bfe2eb8ac308bc644a5d19e80,1320,2026-08-01T06:35:13+01:00,2026-08-01T06:35:13+01:00,233960,1347252,1113292,17.37,102208,131752,"[ ☀️ 233 / 1,347 ]",measured,
b52b2ad6c99ca75e3b05b547903f4f76d16f8481,1321,2026-08-01T06:35:39+01:00,2026-08-01T06:35:39+01:00,233960,1347252,1113292,17.37,102208,131752,"[ ☀️ 233 / 1,347 ]",measured,
228571aad9788f942440b7f8b7fe5ccfc05a2398,1322,2026-08-01T06:41:27+01:00,2026-08-01T06:41:27+01:00,233960,1347252,1113292,17.37,102208,131752,"[ ☀️ 233 / 1,347 ]",measured,
38af13a4065734d35a06a7a74831958946be7c9a,1323,2026-08-01T06:43:31+01:00,2026-08-01T06:43:31+01:00,233960,1347252,1113292,17.37,102208,131752,"[ ☀️ 233 / 1,347 ]",measured,
1d187c7b7f53ad3b94e94503dc15c8513b05dfa6,1324,2026-08-01T06:48:26+01:00,2026-08-01T06:48:26+01:00,233960,1347252,1113292,17.37,102208,131752,"[ ☀️ 233 / 1,347 ]",measured,
7711345c6e478906b437cc87563eaca155dc50c5,1325,2026-08-01T06:51:03+01:00,2026-08-01T06:51:03+01:00,233960,1347252,1113292,17.37,102208,131752,"[ ☀️ 233 / 1,347 ]",measured,
5dd92595dc7c7368d4f5761d5d6df6d482c8a014,1326,2026-08-01T06:57:27+01:00,2026-08-01T06:57:27+01:00,234468,1347252,1112784,17.4,102208,132260,"[ ☀️ 234 / 1,347 ]",measured,
c73979e0305a7be27e8cd4a33ef3bd4e9a3340a7,1327,2026-08-01T06:59:54+01:00,2026-08-01T06:59:54+01:00,234468,1347252,1112784,17.4,102208,132260,"[ ☀️ 234 / 1,347 ]",measured,
2a0a1f0a7c6e12b9b98ced7cc3415c633050cada,1328,2026-08-01T07:01:17+01:00,2026-08-01T07:01:17+01:00,234468,1347252,1112784,17.4,102208,132260,"[ ☀️ 234 / 1,347 ]",measured,
ab9eaddc5c998d8101f6849446308a1fbc78fe1c,1329,2026-08-01T07:01:54+01:00,2026-08-01T07:01:54+01:00,234468,1347252,1112784,17.4,102208,132260,"[ ☀️ 234 / 1,347 ]",measured,
ace4f4a6aa069d1bd82fb051560ccd25fe9e5ec8,1330,2026-08-01T07:01:54+01:00,2026-08-01T07:01:54+01:00,234688,1347252,1112564,17.42,102208,132480,"[ ☀️ 234 / 1,347 ]",measured,
029fa653c949ebfd08159926ac01d9eccefd547d,1331,2026-08-01T07:02:27+01:00,2026-08-01T07:02:27+01:00,234688,1347252,1112564,17.42,102208,132480,"[ ☀️ 234 / 1,347 ]",measured,
5e7dd08862ad0748edce5cdd235d6edb75d4a12a,1332,2026-08-01T07:10:29+01:00,2026-08-01T07:10:29+01:00,234688,1347252,1112564,17.42,102208,132480,"[ ☀️ 234 / 1,347 ]",measured,
264a6e8d112b4d5fc713db45fdb0630a323a0a63,1333,2026-08-01T07:11:03+01:00,2026-08-01T07:11:03+01:00,234688,1347252,1112564,17.42,102208,132480,"[ ☀️ 234 / 1,347 ]",measured,
a3645be5aca9be3bba4c61e37fb402ece3c2d008,1334,2026-08-01T07:17:05+01:00,2026-08-01T07:17:05+01:00,234688,1347252,1112564,17.42,102208,132480,"[ ☀️ 234 / 1,347 ]",measured,
892e16c3e2b16cba4e25c24a0d5a8139f9e184e3,1335,2026-08-01T07:23:02+01:00,2026-08-01T07:23:02+01:00,234688,1347252,1112564,17.42,102208,132480,"[ ☀️ 234 / 1,347 ]",measured,
4d9b7cf2b4f4f4bb446e78ba70d1a1df78d2e8f3,1336,2026-08-01T07:25:36+01:00,2026-08-01T07:25:36+01:00,234880,1347252,1112372,17.43,102208,132672,"[ ☀️ 234 / 1,347 ]",measured,
03d4c59bf076606f9acf02d4e6eb85faff61e3c1,1337,2026-08-01T07:26:04+01:00,2026-08-01T07:26:04+01:00,234880,1347252,1112372,17.43,102208,132672,"[ ☀️ 234 / 1,347 ]",measured,
51a09f25caf603a1d3f33c8fef73380715eb51b3,1338,2026-08-01T07:27:49+01:00,2026-08-01T07:27:49+01:00,234880,1347252,1112372,17.43,102208,132672,"[ ☀️ 234 / 1,347 ]",measured,
8ddedfdd3d258b6768b546aac8023d1c477fcc33,1339,2026-08-01T07:30:35+01:00,2026-08-01T07:30:35+01:00,234880,1347252,1112372,17.43,102208,132672,"[ ☀️ 234 / 1,347 ]",measured,
99eb275c97efe8dc11ba49c5accbd9ab57170111,1340,2026-08-01T07:32:46+01:00,2026-08-01T07:32:46+01:00,234880,1347252,1112372,17.43,102208,132672,"[ ☀️ 234 / 1,347 ]",measured,
a22a56a21ab3ca56884418b672541deaef605b1f,1341,2026-08-01T07:38:52+01:00,2026-08-01T07:38:52+01:00,234880,1347252,1112372,17.43,102208,132672,"[ ☀️ 234 / 1,347 ]",measured,
1de7a5b3a320e9ab3a7e981b9cb471270e28a7a5,1342,2026-08-01T07:40:53+01:00,2026-08-01T07:40:53+01:00,234880,1347252,1112372,17.43,102208,132672,"[ ☀️ 234 / 1,347 ]",measured,
ee35bde37c62523a06cad4ffb1f31c9b3735f120,1343,2026-08-01T07:42:16+01:00,2026-08-01T07:42:16+01:00,235172,1347252,1112080,17.46,102208,132964,"[ ☀️ 235 / 1,347 ]",measured,
8d8fbf676288c8cbb318ef88b6f2bdb3bab693e1,1344,2026-08-01T07:42:51+01:00,2026-08-01T07:42:51+01:00,235172,1347252,1112080,17.46,102208,132964,"[ ☀️ 235 / 1,347 ]",measured,
1cab6c980dfdcff282824dfd56fa4022ed96a997,1345,2026-08-01T07:44:38+01:00,2026-08-01T07:44:38+01:00,235172,1347252,1112080,17.46,102208,132964,"[ ☀️ 235 / 1,347 ]",measured,
678d045b3a618f84f4788f1437448274070ad22d,1346,2026-08-01T07:47:24+01:00,2026-08-01T07:47:24+01:00,235172,1347252,1112080,17.46,102208,132964,"[ ☀️ 235 / 1,347 ]",measured,
c20acbc4c9936fafa59492dccabe57d142468a40,1347,2026-08-01T07:48:00+01:00,2026-08-01T07:48:00+01:00,235172,1347252,1112080,17.46,102208,132964,"[ ☀️ 235 / 1,347 ]",measured,
cfd25703bc05e2548d7540e77e7b6e812913c792,1348,2026-08-01T08:01:05+01:00,2026-08-01T08:01:05+01:00,235172,1347252,1112080,17.46,102208,132964,"[ ☀️ 235 / 1,347 ]",measured,
516a7bd08eca7a5a80533b085c2f5962e8a3663e,1349,2026-08-01T08:01:47+01:00,2026-08-01T08:01:47+01:00,235772,1347252,1111480,17.5,102208,133564,"[ ☀️ 235 / 1,347 ]",measured,
9a32e5c3f0e07a2ceeec5012b3ee57abe8b78a5b,1350,2026-08-01T08:02:27+01:00,2026-08-01T08:02:27+01:00,235772,1347252,1111480,17.5,102208,133564,"[ ☀️ 235 / 1,347 ]",measured,
395a78773c42f3a3a6b459ff6527ae13619fb0f4,1351,2026-08-01T08:08:44+01:00,2026-08-01T08:08:44+01:00,235772,1347252,1111480,17.5,102208,133564,"[ ☀️ 235 / 1,347 ]",measured,
17fe3c7084f7f3b596de2f333e65d0d4c654186c,1352,2026-08-01T08:09:28+01:00,2026-08-01T08:09:28+01:00,235772,1347252,1111480,17.5,102208,133564,"[ ☀️ 235 / 1,347 ]",measured,
c6fb507eac847aabc0aac976f5b2589d9c4cbdd9,1353,2026-08-01T08:10:17+01:00,2026-08-01T08:10:17+01:00,235772,1347252,1111480,17.5,102208,133564,"[ ☀️ 235 / 1,347 ]",measured,
168f492aeddd27e78be2ff055e8de4b79abf25b9,1354,2026-08-01T08:11:58+01:00,2026-08-01T08:11:58+01:00,235772,1347252,1111480,17.5,102208,133564,"[ ☀️ 235 / 1,347 ]",measured,
c623c2d378b01cdaa512de06cfb1996438476ee3,1355,2026-08-01T08:13:01+01:00,2026-08-01T08:13:01+01:00,236292,1347252,1110960,17.54,102208,134084,"[ ☀️ 236 / 1,347 ]",measured,
40d8e2e51a30238973eed007e71aee5a872543f9,1356,2026-08-01T08:13:46+01:00,2026-08-01T08:13:46+01:00,236292,1347252,1110960,17.54,102208,134084,"[ ☀️ 236 / 1,347 ]",measured,
5d68589b1aebf5ec354987695b40ac2fbb79b124,1357,2026-08-01T08:14:31+01:00,2026-08-01T08:14:31+01:00,236292,1347252,1110960,17.54,102208,134084,"[ ☀️ 236 / 1,347 ]",measured,
7f5e0c6dccefe67aadd20ff7dc31b6f92c4179a2,1358,2026-08-01T08:24:54+01:00,2026-08-01T08:24:54+01:00,236292,1347252,1110960,17.54,102208,134084,"[ ☀️ 236 / 1,347 ]",measured,
ad06e81aaa3e485ddf9a6fdce714cc100dc4868a,1359,2026-08-01T08:32:46+01:00,2026-08-01T08:32:46+01:00,236292,1347252,1110960,17.54,102208,134084,"[ ☀️ 236 / 1,347 ]",measured,
f7d1e3108c19bcafa269c1c318cdbc3c7bef0d47,1360,2026-08-01T08:41:23+01:00,2026-08-01T08:41:23+01:00,236292,1347252,1110960,17.54,102208,134084,"[ ☀️ 236 / 1,347 ]",measured,
ceb01de65ac8c6ebe521e7f233ff4f7a990be277,1361,2026-08-01T08:46:15+01:00,2026-08-01T08:46:15+01:00,236292,1347252,1110960,17.54,102208,134084,"[ ☀️ 236 / 1,347 ]",measured,
d47a2793b9ee6c04938b22ea902974192690bfed,1362,2026-08-01T08:53:35+01:00,2026-08-01T08:53:35+01:00,236292,1347252,1110960,17.54,102208,134084,"[ ☀️ 236 / 1,347 ]",measured,
71cc09c278abf16c5ae1dea5431f33c53d745f23,1363,2026-08-01T08:54:43+01:00,2026-08-01T08:54:43+01:00,236292,1347252,1110960,17.54,102208,134084,"[ ☀️ 236 / 1,347 ]",measured,
b2167c1c08b894f437cf3d1b1e8b849ca129e34b,1364,2026-08-01T08:56:20+01:00,2026-08-01T08:56:20+01:00,236292,1347252,1110960,17.54,102208,134084,"[ ☀️ 236 / 1,347 ]",measured,
af24259867b2bd8e5cea8c79a9364442d552d354,1365,2026-08-01T08:56:56+01:00,2026-08-01T08:56:56+01:00,236292,1347252,1110960,17.54,102208,134084,"[ ☀️ 236 / 1,347 ]",measured,
c70d40e5aa5e24a60dd8c2a6a56feb5d94c9e4e5,1366,2026-08-01T09:03:55+01:00,2026-08-01T09:03:55+01:00,236292,1347252,1110960,17.54,102208,134084,"[ ☀️ 236 / 1,347 ]",measured,
54fceea526ef8ca00cc05aa2d0c700bba5563e1a,1367,2026-08-01T09:06:40+01:00,2026-08-01T09:06:40+01:00,236292,1347252,1110960,17.54,102208,134084,"[ ☀️ 236 / 1,347 ]",measured,
15c66db36e89546b6aa83fd715ae9fd94f6de181,1368,2026-08-01T09:08:31+01:00,2026-08-01T09:08:31+01:00,236292,1347252,1110960,17.54,102208,134084,"[ ☀️ 236 / 1,347 ]",measured,
c0c1d6687c5550dfd00801d2c7943a3698d11e13,1369,2026-08-01T09:11:20+01:00,2026-08-01T09:11:20+01:00,236292,1347252,1110960,17.54,102208,134084,"[ ☀️ 236 / 1,347 ]",measured,
50c71fbb0490fdc79104de43d9fc27675c5d6820,1370,2026-08-01T09:14:05+01:00,2026-08-01T09:14:05+01:00,236292,1347252,1110960,17.54,102208,134084,"[ ☀️ 236 / 1,347 ]",measured,
beee93c744fdb354e0fc25752f421781ca8fa467,1371,2026-08-01T09:17:32+01:00,2026-08-01T09:17:32+01:00,236292,1347252,1110960,17.54,102208,134084,"[ ☀️ 236 / 1,347 ]",measured,
702bc3e703575389c30fdaabddab1dc0a87c3ea8,1372,2026-08-01T09:21:51+01:00,2026-08-01T09:21:51+01:00,236292,1347252,1110960,17.54,102208,134084,"[ ☀️ 236 / 1,347 ]",measured,
f9fd8d670820176da6b0ee1d8453d4ed9c023aec,1373,2026-08-01T09:23:09+01:00,2026-08-01T09:23:09+01:00,236292,1347252,1110960,17.54,102208,134084,"[ ☀️ 236 / 1,347 ]",measured,
35c4ad8f595092c8e4ae2579f1f362ee2fe4f805,1374,2026-08-01T09:24:06+01:00,2026-08-01T09:24:06+01:00,236292,1347252,1110960,17.54,102208,134084,"[ ☀️ 236 / 1,347 ]",measured,
7e344a11932bffd3ee143a45fe8355db54d4a3ad,1375,2026-08-01T09:25:22+01:00,2026-08-01T09:25:22+01:00,236292,1347252,1110960,17.54,102208,134084,"[ ☀️ 236 / 1,347 ]",measured,
21aded098ee1a68a5ac15c03c55be32ef106723d,1376,2026-08-01T10:32:51+01:00,2026-08-01T10:32:51+01:00,236292,1347252,1110960,17.54,102208,134084,"[ ☀️ 236 / 1,347 ]",measured,
599f0fad36540dce5707bd4d9c947ac1962a3021,1377,2026-08-01T10:35:15+01:00,2026-08-01T10:35:15+01:00,236292,1347252,1110960,17.54,102208,134084,"[ ☀️ 236 / 1,347 ]",measured,
d51f16cf2eec9d54453682b33ca7587830da2bf5,1378,2026-08-01T10:37:49+01:00,2026-08-01T10:37:49+01:00,236292,1347252,1110960,17.54,102208,134084,"[ ☀️ 236 / 1,347 ]",measured,
eb3bf73b639574137ce83b0396ca030056360918,1379,2026-08-01T10:38:38+01:00,2026-08-01T10:38:38+01:00,236292,1347252,1110960,17.54,102208,134084,"[ ☀️ 236 / 1,347 ]",measured,
d778dbfb36ddd4cc47ac799d3c71305dd08ee581,1380,2026-08-01T10:38:53+01:00,2026-08-01T10:38:53+01:00,236292,1347252,1110960,17.54,102208,134084,"[ ☀️ 236 / 1,347 ]",measured,
b83bfab39f7f25200e3e36a9daa03eb1dea519fe,1381,2026-08-01T10:41:13+01:00,2026-08-01T10:41:13+01:00,236292,1347252,1110960,17.54,102208,134084,"[ ☀️ 236 / 1,347 ]",measured,
7f78055a6bc117ff9329caadd864cefdfc4cb98e,1382,2026-08-01T10:46:40+01:00,2026-08-01T10:46:40+01:00,236292,1347252,1110960,17.54,102208,134084,"[ ☀️ 236 / 1,347 ]",measured,
170f4a5a24a3f581836f55a14a7ad0f0705408c6,1383,2026-08-01T10:51:58+01:00,2026-08-01T10:51:58+01:00,236292,1347252,1110960,17.54,102208,134084,"[ ☀️ 236 / 1,347 ]",measured,
37a922c32c1e43647764c328c26087c2feaf0bb8,1384,2026-08-01T10:59:02+01:00,2026-08-01T10:59:02+01:00,236292,1347252,1110960,17.54,102208,134084,"[ ☀️ 236 / 1,347 ]",measured,
10218c94b2f2deb614d83095cb2620a9f4ba0361,1385,2026-08-01T11:04:13+01:00,2026-08-01T11:04:13+01:00,236292,1347252,1110960,17.54,102208,134084,"[ ☀️ 236 / 1,347 ]",measured,
3e52deaedc4ba5fa94c882c8a6cf5a67eca83201,1386,2026-08-01T11:08:58+01:00,2026-08-01T11:08:58+01:00,236292,1347252,1110960,17.54,102208,134084,"[ ☀️ 236 / 1,347 ]",measured,
583130122d8565582c9ce39e2b7dec0b7113735f,1387,2026-08-01T11:16:50+01:00,2026-08-01T11:16:50+01:00,236292,1347252,1110960,17.54,102208,134084,"[ ☀️ 236 / 1,347 ]",measured,
20fe50f12e27075b8e4436ddab85f4965e260102,1388,2026-08-01T11:19:15+01:00,2026-08-01T11:19:15+01:00,236296,1347252,1110956,17.54,102208,134088,"[ ☀️ 236 / 1,347 ]",measured,
2a1d674c364564dfebe80669f735173072abd8be,1389,2026-08-01T11:26:57+01:00,2026-08-01T11:26:57+01:00,236296,1347252,1110956,17.54,102208,134088,"[ ☀️ 236 / 1,347 ]",measured,
a8fa9b1bc31d41f76fd11d1dc58c2b06ac44443a,1390,2026-08-01T11:31:02+01:00,2026-08-01T11:31:02+01:00,236296,1347252,1110956,17.54,102208,134088,"[ ☀️ 236 / 1,347 ]",measured,
be5d66ddff02045dfb728f370c00932f7907c76b,1391,2026-08-01T11:33:01+01:00,2026-08-01T11:33:01+01:00,236314,1347252,1110938,17.54,102208,134106,"[ ☀️ 236 / 1,347 ]",measured,
422fdb9b1e4fc74ce021ead7e66ae3cf89e59f74,1392,2026-08-01T11:34:58+01:00,2026-08-01T11:34:58+01:00,236314,1347252,1110938,17.54,102208,134106,"[ ☀️ 236 / 1,347 ]",measured,
efd4e1e4bc64ac2876cb8fa16a723c0c2af149c2,1393,2026-08-01T11:36:31+01:00,2026-08-01T11:36:31+01:00,236314,1347252,1110938,17.54,102208,134106,"[ ☀️ 236 / 1,347 ]",measured,
15d0724d60cba7edaee3a19a7882d1fab944b6d1,1394,2026-08-01T11:39:52+01:00,2026-08-01T11:39:52+01:00,236386,1347252,1110866,17.55,102208,134178,"[ ☀️ 236 / 1,347 ]",measured,
2976472dc3db0549fb74716c537ca20f85794566,1395,2026-08-01T11:40:23+01:00,2026-08-01T11:40:23+01:00,236386,1347252,1110866,17.55,102208,134178,"[ ☀️ 236 / 1,347 ]",measured,
83ec011beae37a5a762f275dd50b18562fdda879,1396,2026-08-01T11:49:19+01:00,2026-08-01T11:49:19+01:00,236386,1347252,1110866,17.55,102208,134178,"[ ☀️ 236 / 1,347 ]",measured,
d5f515480aa8810ec4f6efdb5b9e01dbd5159f37,1397,2026-08-01T12:51:41+01:00,2026-08-01T12:51:41+01:00,236386,1347252,1110866,17.55,102208,134178,"[ ☀️ 236 / 1,347 ]",measured,
bfc26aeabdad275b7dbb2978a06ed921e25f86e2,1398,2026-08-01T13:53:47+01:00,2026-08-01T13:53:47+01:00,244808,1347252,1102444,18.17,102208,142600,"[ ☀️ 244 / 1,347 ]",measured,
b965b8b5e813f29b8cf845975cc5c79c8bc48779,1399,2026-08-01T14:03:01+01:00,2026-08-01T14:03:01+01:00,244936,1347252,1102316,18.18,102208,142728,"[ ☀️ 244 / 1,347 ]",measured,
7bcf33f2280bbe15d002321e1865e239f85e7228,1400,2026-08-01T14:48:53+01:00,2026-08-01T14:48:53+01:00,245044,1347252,1102208,18.19,102208,142836,"[ ☀️ 245 / 1,347 ]",measured,
70cf2896b798cbf651984b0f478e04c01c9d46a0,1401,2026-08-01T14:50:57+01:00,2026-08-01T14:50:57+01:00,245044,1347252,1102208,18.19,102208,142836,"[ ☀️ 245 / 1,347 ]",measured,
49f5cd67dcf52bbb40e95bbc86f5736cf6ec12f6,1402,2026-08-01T15:38:31+01:00,2026-08-01T15:38:31+01:00,245044,1347252,1102208,18.19,102208,142836,"[ ☀️ 245 / 1,347 ]",measured,
6792e3734f217c14fc3fc73e5ac94010391be698,1403,2026-08-01T16:46:42+01:00,2026-08-01T16:46:42+01:00,249940,1347252,1097312,18.55,102208,147732,"[ ☀️ 249 / 1,347 ]",measured,
5a3a3e4f84050e1f056b8b159c9782b1b23c931f,1404,2026-08-01T16:51:20+01:00,2026-08-01T16:51:20+01:00,249940,1347252,1097312,18.55,102208,147732,"[ ☀️ 249 / 1,347 ]",measured,
06bc76cb9ab1996e9f5836646b3a6df7f3ed50b5,1405,2026-08-01T18:38:01+01:00,2026-08-01T18:38:01+01:00,259788,1347252,1087464,19.28,102412,157376,"[ ☀️ 259 / 1,347 ]",measured,
13d7c3b690f028c3351729491e65607786082d54,1406,2026-08-01T20:23:51+01:00,2026-08-01T20:23:51+01:00,259788,1347252,1087464,19.28,102412,157376,"[ ☀️ 259 / 1,347 ]",measured,
a9525ed86ac56c508f0d75818432ab4d42858585,1407,2026-08-01T20:52:56+01:00,2026-08-01T20:59:05+01:00,259788,1347252,1087464,19.28,102412,157376,"[ ☀️ 259 / 1,347 ]",measured,
65ff9b76a74d0454d9cea7a9bf1c1bbae12791fb,1408,2026-08-01T21:35:04+01:00,2026-08-01T21:35:04+01:00,261116,1347252,1086136,19.38,102412,158704,"[ ☀️ 261 / 1,347 ]",measured,
5a7360178753f8b0b38e550c559df61aafd002e0,1409,2026-08-01T21:55:41+01:00,2026-08-01T21:55:41+01:00,261116,1347252,1086136,19.38,102412,158704,"[ ☀️ 261 / 1,347 ]",measured,
834fa8cb1ad6846f7dfa65f1e6e5720a0a968500,1410,2026-08-01T22:16:04+01:00,2026-08-01T22:16:04+01:00,263284,1347252,1083968,19.54,102412,160872,"[ ☀️ 263 / 1,347 ]",measured,
22b76fba40bc8d1a151c8170a2c18db97a2b292e,1411,2026-08-01T22:37:37+01:00,2026-08-01T22:38:26+01:00,263660,1347252,1083592,19.57,102788,160872,"[ ☀️ 263 / 1,347 ]",measured,
20914d9c97bb4b002f7731b9e8603b1fd276e7aa,1412,2026-08-01T22:51:45+01:00,2026-08-01T22:51:45+01:00,263852,1347252,1083400,19.58,102980,160872,"[ ☀️ 263 / 1,347 ]",measured,
5ec90888940f2bedc726184e6369f31c1c22cfee,1413,2026-08-01T23:08:44+01:00,2026-08-01T23:08:44+01:00,264296,1347252,1082956,19.62,103424,160872,"[ ☀️ 264 / 1,347 ]",measured,
ee2ae3bf7de44ef5e564d53ca3e12541a9c9849d,1414,2026-08-01T23:11:50+01:00,2026-08-01T23:11:50+01:00,264324,1347252,1082928,19.62,103452,160872,"[ ☀️ 264 / 1,347 ]",measured,
312c573a2a6d327e30448d740a5b7490fc75876d,1415,2026-08-01T23:33:45+01:00,2026-08-01T23:33:45+01:00,264436,1347252,1082816,19.63,103564,160872,"[ ☀️ 264 / 1,347 ]",measured,
092f76478f8f245b422396fa3acb2f59a6640778,1416,2026-08-01T23:39:42+01:00,2026-08-01T23:39:42+01:00,264644,1347252,1082608,19.64,103772,160872,"[ ☀️ 264 / 1,347 ]",measured,
2c26e5f6fc6fbe41670cf130d329d720a2f871fa,1417,2026-08-01T23:45:06+01:00,2026-08-01T23:45:06+01:00,264748,1347252,1082504,19.65,103876,160872,"[ ☀️ 264 / 1,347 ]",measured,
dc59ac9cb7acd71a3a5d9da16be259c4cca9ce13,1418,2026-08-02T00:32:20+01:00,2026-08-02T00:32:20+01:00,264780,1347252,1082472,19.65,103908,160872,"[ ☀️ 264 / 1,347 ]",measured,
8510b469b7ed676734b2651c4f6b02300895695e,1419,2026-08-02T00:54:43+01:00,2026-08-02T00:54:43+01:00,265064,1347252,1082188,19.67,104192,160872,"[ ☀️ 265 / 1,347 ]",measured,
57a2dd74f7b6cb8c69854da0307d3c8c713fe2b7,1420,2026-08-02T00:58:51+01:00,2026-08-02T00:58:51+01:00,265064,1347252,1082188,19.67,104192,160872,"[ ☀️ 265 / 1,347 ]",measured,
021a9c907f912d9aeb4f9c8bfc353512d0f825db,1421,2026-08-02T01:21:21+01:00,2026-08-02T01:21:21+01:00,265312,1347252,1081940,19.69,104440,160872,"[ ☀️ 265 / 1,347 ]",measured,
4a8a9ec533ed01ee66c75d7cc18ac84d8735db80,1422,2026-08-02T01:30:48+01:00,2026-08-02T01:30:48+01:00,265312,1347252,1081940,19.69,104440,160872,"[ ☀️ 265 / 1,347 ]",measured,
1f5d4a4eab67f48b3483f115b89a172b2b35fb9b,1423,2026-08-02T01:58:54+01:00,2026-08-02T01:58:54+01:00,265312,1347252,1081940,19.69,104440,160872,"[ ☀️ 265 / 1,347 ]",measured,
79506b5d995f2000659910f049fb9ed334843d3f,1424,2026-08-02T02:06:25+01:00,2026-08-02T02:06:25+01:00,265312,1347252,1081940,19.69,104440,160872,"[ ☀️ 265 / 1,347 ]",measured,
a68088d9753def86fefdb3130226ff0331bc56ec,1425,2026-08-02T02:14:20+01:00,2026-08-02T02:14:20+01:00,265312,1347252,1081940,19.69,104440,160872,"[ ☀️ 265 / 1,347 ]",measured,
e0f775ba9d3884805be21daceb9d479073aed99f,1426,2026-08-02T02:24:44+01:00,2026-08-02T02:24:44+01:00,265312,1347252,1081940,19.69,104440,160872,"[ ☀️ 265 / 1,347 ]",measured,
48318b617d9410703666f4f468a9cda67595bd2c,1427,2026-08-02T03:08:33+01:00,2026-08-02T03:08:33+01:00,265428,1347252,1081824,19.7,104556,160872,"[ ☀️ 265 / 1,347 ]",measured,
c0dddcf24b2a1e74dec92a0be60bd093e587eab7,1428,2026-08-02T03:10:32+01:00,2026-08-02T03:10:32+01:00,265428,1347252,1081824,19.7,104556,160872,"[ ☀️ 265 / 1,347 ]",measured,
a649f766f50edce00bc5dc1a3f3582d7526456ef,1429,2026-08-02T04:54:15+01:00,2026-08-02T04:54:15+01:00,265608,1347252,1081644,19.71,104736,160872,"[ ☀️ 265 / 1,347 ]",measured,
9ddef3617cd38431a53366c82224450da086159d,1430,2026-08-02T04:57:42+01:00,2026-08-02T04:57:42+01:00,265608,1347252,1081644,19.71,104736,160872,"[ ☀️ 265 / 1,347 ]",measured,
5649c88d604aad717c52d8ede7be73aeb845f195,1431,2026-08-02T05:07:09+01:00,2026-08-02T05:07:09+01:00,265608,1347252,1081644,19.71,104736,160872,"[ ☀️ 265 / 1,347 ]",measured,
f8192f6a34400405fb47e0861277335f3786914f,1432,2026-08-02T05:07:43+01:00,2026-08-02T05:07:43+01:00,265608,1347252,1081644,19.71,104736,160872,"[ ☀️ 265 / 1,347 ]",measured,
dbc27e67987b3cc7f530884519ac91d0c827e8b8,1433,2026-08-02T05:09:28+01:00,2026-08-02T05:09:28+01:00,265608,1347252,1081644,19.71,104736,160872,"[ ☀️ 265 / 1,347 ]",measured,
8f98ad6b639d59639f2453ec0d41f14b1996a7f8,1434,2026-08-02T06:08:48+01:00,2026-08-02T06:08:48+01:00,265924,1347252,1081328,19.74,105052,160872,"[ ☀️ 265 / 1,347 ]",measured,
96a67f6b95ad747016f8c2dc53fce5d6195c49b3,1435,2026-08-02T06:12:23+01:00,2026-08-02T06:12:23+01:00,265924,1347252,1081328,19.74,105052,160872,"[ ☀️ 265 / 1,347 ]",measured,
5cb6c1aa66847c5f61842f77aa36eb95a7e2e8dc,1436,2026-08-02T07:57:24+01:00,2026-08-02T07:57:24+01:00,266708,1347252,1080544,19.8,105052,161656,"[ ☀️ 266 / 1,347 ]",measured,
a52200779961ce8617dc0f1115cf60d9fdfb67f2,1437,2026-08-02T08:52:23+01:00,2026-08-02T08:52:23+01:00,266832,1347252,1080420,19.81,105052,161780,"[ ☀️ 266 / 1,347 ]",measured,
9024cdf4f87a734aae004a4758ebd7a009bb83b4,1438,2026-08-02T09:23:41+01:00,2026-08-02T09:23:41+01:00,266832,1347252,1080420,19.81,105052,161780,"[ ☀️ 266 / 1,347 ]",measured,
22c0b556ce3a4285c8bc779f94b9efd13a744c55,1439,2026-08-02T09:33:19+01:00,2026-08-02T09:33:19+01:00,266832,1347252,1080420,19.81,105052,161780,"[ ☀️ 266 / 1,347 ]",measured,
1a0e30400bc8904d945c3a9ee7d1a6bcd6cb868f,1440,2026-08-02T09:51:05+01:00,2026-08-02T09:51:05+01:00,266832,1347252,1080420,19.81,105052,161780,"[ ☀️ 266 / 1,347 ]",measured,
efeadac6752e8a434ebb8aa7203b9b1b341d7bd9,1441,2026-08-02T09:59:39+01:00,2026-08-02T09:59:39+01:00,266832,1347252,1080420,19.81,105052,161780,"[ ☀️ 266 / 1,347 ]",measured,
0a04b96c10d65aeabf8c98540d0e61651c80fd92,1442,2026-08-02T10:06:02+01:00,2026-08-02T10:06:02+01:00,266832,1347252,1080420,19.81,105052,161780,"[ ☀️ 266 / 1,347 ]",measured,
5d894a37590a8ce1ec8aa3a863cf8faa09b0d61c,1443,2026-08-02T10:37:41+01:00,2026-08-02T10:37:41+01:00,266832,1347252,1080420,19.81,105052,161780,"[ ☀️ 266 / 1,347 ]",measured,
bceec681be158d323c8575b9f1d94dfb59c7d741,1444,2026-08-02T10:41:47+01:00,2026-08-02T10:41:47+01:00,266832,1347252,1080420,19.81,105052,161780,"[ ☀️ 266 / 1,347 ]",measured,
cd908355cfc7be05503aa1c4af08311b908b6d2e,1445,2026-08-02T10:48:15+01:00,2026-08-02T10:48:15+01:00,266832,1347252,1080420,19.81,105052,161780,"[ ☀️ 266 / 1,347 ]",measured,
84414db7db3e8df8deaf662bf5d2fcc4558e90ea,1446,2026-08-02T11:07:45+01:00,2026-08-02T11:07:45+01:00,266832,1347252,1080420,19.81,105052,161780,"[ ☀️ 266 / 1,347 ]",measured,
a42367940985963a3ded7ce4d5334f5b15981e21,1447,2026-08-02T11:24:21+01:00,2026-08-02T11:24:21+01:00,266832,1347252,1080420,19.81,105052,161780,"[ ☀️ 266 / 1,347 ]",measured,
5b7fdecf509e6535fe0a9fe5892bfeaa64a7b74e,1448,2026-08-02T11:27:08+01:00,2026-08-02T11:27:08+01:00,266832,1347252,1080420,19.81,105052,161780,"[ ☀️ 266 / 1,347 ]",measured,
adb9f45d545e494702f3b71498b4a2f8d1d47d5f,1449,2026-08-02T11:31:26+01:00,2026-08-02T11:32:11+01:00,266832,1347252,1080420,19.81,105052,161780,"[ ☀️ 266 / 1,347 ]",measured,
fd8cea6d5d42cb6c6fe2506fbc9e0be59196f05c,1450,2026-08-02T11:32:40+01:00,2026-08-02T11:32:40+01:00,266832,1347252,1080420,19.81,105052,161780,"[ ☀️ 266 / 1,347 ]",measured,
474cd852ce3bc36797c6ff6f39e4fb8f1cf59678,1451,2026-08-02T11:49:06+01:00,2026-08-02T11:49:06+01:00,266832,1347252,1080420,19.81,105052,161780,"[ ☀️ 266 / 1,347 ]",measured,
20b24ddf9a17c0981b59b9387e4e32c5f69f0ea8,1452,2026-08-02T12:12:12+01:00,2026-08-02T12:12:12+01:00,266832,1347252,1080420,19.81,105052,161780,"[ ☀️ 266 / 1,347 ]",measured,
65a4c7cae12beee8c7f7c9ed4eba764712ed5879,1453,2026-08-02T12:28:31+01:00,2026-08-02T12:28:31+01:00,266832,1347252,1080420,19.81,105052,161780,"[ ☀️ 266 / 1,347 ]",measured,
a79262163b092a5b071fd5b6b06e02b33b12937f,1454,2026-08-02T12:28:46+01:00,2026-08-02T12:28:46+01:00,266832,1347252,1080420,19.81,105052,161780,"[ ☀️ 266 / 1,347 ]",measured,
583218f3ebda72b0ef5ca05befbc1161783a05a0,1455,2026-08-02T12:46:22+01:00,2026-08-02T12:46:22+01:00,266832,1347252,1080420,19.81,105052,161780,"[ ☀️ 266 / 1,347 ]",measured,
22d46410c2bf4c87643f7e39d59169ca1d962f85,1456,2026-08-02T13:04:50+01:00,2026-08-02T13:04:50+01:00,266832,1347252,1080420,19.81,105052,161780,"[ ☀️ 266 / 1,347 ]",measured,
159045a7e2c7bf26bee8394684280710d4fbdaf3,1457,2026-08-02T13:04:58+01:00,2026-08-02T13:04:58+01:00,266832,1347252,1080420,19.81,105052,161780,"[ ☀️ 266 / 1,347 ]",measured,
42a73960d985b60b3373b15e9ec73ecbe3f788c0,1458,2026-08-02T19:48:08+01:00,2026-08-02T19:48:08+01:00,266832,1347252,1080420,19.81,105052,161780,"[ ☀️ 266 / 1,347 ]",measured,
b86efbe881da4ff96701016c9a0ec1576c2366c7,1459,2026-08-02T19:50:31+01:00,2026-08-02T19:50:31+01:00,266832,1347252,1080420,19.81,105052,161780,"[ ☀️ 266 / 1,347 ]",measured,
325640f634056813963889a32dcfbbb70f0b6dff,1460,2026-08-02T19:55:39+01:00,2026-08-02T19:55:39+01:00,266832,1347252,1080420,19.81,105052,161780,"[ ☀️ 266 / 1,347 ]",measured,
1257bf007f525de0626465154a094f07dd83b2c1,1461,2026-08-02T19:55:58+01:00,2026-08-02T19:55:58+01:00,266832,1347252,1080420,19.81,105052,161780,"[ ☀️ 266 / 1,347 ]",measured,
1dc813a607e429a13e1fd2f1f96fa749577b917b,1462,2026-08-02T20:27:51+01:00,2026-08-02T20:27:51+01:00,266832,1347252,1080420,19.81,105052,161780,"[ ☀️ 266 / 1,347 ]",measured,
6fe78726902159792d88b9b5a9bbcd497dc72f2d,1463,2026-08-02T20:36:38+01:00,2026-08-02T20:36:38+01:00,266832,1347252,1080420,19.81,105052,161780,"[ ☀️ 266 / 1,347 ]",measured,
082ca924a33e028217749477d1a73e4f0765980a,1464,2026-08-02T22:10:34+01:00,2026-08-02T22:10:34+01:00,266832,1347252,1080420,19.81,105052,161780,"[ ☀️ 266 / 1,347 ]",measured,
eaa27f3afde108ce26042ec13c894794cdc9f26d,1465,2026-08-02T22:30:27+01:00,2026-08-02T22:30:27+01:00,266832,1347252,1080420,19.81,105052,161780,"[ ☀️ 266 / 1,347 ]",measured,
4ccd8273cd3b79958e940a929e3356ba261649ac,1466,2026-08-02T23:05:45+01:00,2026-08-02T23:05:45+01:00,266832,1347252,1080420,19.81,105052,161780,"[ ☀️ 266 / 1,347 ]",measured,
ef97e05a7526f06c802411df9147a15a2925923c,1467,2026-08-03T00:25:42+01:00,2026-08-03T00:25:42+01:00,266944,1347252,1080308,19.81,105052,161892,"[ ☀️ 266 / 1,347 ]",measured,
57a8ad1d26e83baff29f7aa99b3f17399d209497,1468,2026-08-03T00:52:28+01:00,2026-08-03T00:52:28+01:00,267262,1347252,1079990,19.84,105052,162210,"[ ☀️ 267 / 1,347 ]",measured,
788947bb0d8226c1982d7bf51bf67f0c96976290,1469,2026-08-03T01:00:58+01:00,2026-08-03T01:29:35+01:00,267288,1347252,1079964,19.84,105052,162236,"[ ☀️ 267 / 1,347 ]",measured,
33674f780decabad10b614b351e5eded5a13f307,1470,2026-08-03T01:29:47+01:00,2026-08-03T01:29:47+01:00,267676,1347252,1079576,19.87,105052,162624,"[ ☀️ 267 / 1,347 ]",measured,
f9941fe8db3a2ad045ad725209772eb125d7f270,1471,2026-08-03T10:08:32+01:00,2026-08-03T10:08:32+01:00,269428,1347252,1077824,20,105052,164376,"[ ☀️ 269 / 1,347 ]",measured,
1629b265978c29dc9e378d6f106546456a7617eb,1472,2026-08-03T10:59:10+01:00,2026-08-03T10:59:10+01:00,269572,1347252,1077680,20.01,105052,164520,"[ ☀️ 269 / 1,347 ]",measured,
f9618bdf4b94ebefe9de4099708cc1d67672971d,1473,2026-08-03T11:24:50+01:00,2026-08-03T11:24:50+01:00,269572,1347252,1077680,20.01,105052,164520,"[ ☀️ 269 / 1,347 ]",measured,
381a00d0ce005fe85f12c36c4af8f2cd7b886bd8,1474,2026-08-03T11:26:02+01:00,2026-08-03T11:26:02+01:00,269572,1347252,1077680,20.01,105052,164520,"[ ☀️ 269 / 1,347 ]",measured,
04f3efaa9c2caa1bbe9b00f8d1354a1f729dce3c,1475,2026-08-03T12:14:24+01:00,2026-08-03T12:14:24+01:00,270296,1347252,1076956,20.06,105052,165244,"[ ☀️ 270 / 1,347 ]",measured,
747108942fba90dbfb92de7ee927909f5c2e87a0,1476,2026-08-03T12:25:14+01:00,2026-08-03T12:25:14+01:00,270296,1347252,1076956,20.06,105052,165244,"[ ☀️ 270 / 1,347 ]",measured,
ffd2cd1e566b4161a97734e5090e25deb9aa33ed,1477,2026-08-03T12:40:25+01:00,2026-08-03T12:40:25+01:00,270296,1347252,1076956,20.06,105052,165244,"[ ☀️ 270 / 1,347 ]",measured,
dd506dd3c30002fdf1aef895b6867dc77094f416,1478,2026-08-04T11:51:03+01:00,2026-08-04T11:57:51+01:00,270296,1347252,1076956,20.06,105052,165244,"[ ☀️ 270 / 1,347 ]",measured,
2a92e717361d67bc8314fa41c81f40bdb2abf949,1479,2026-08-04T14:56:44Z,2026-08-04T14:56:44Z,270496,1347252,1076756,20.08,105052,165444,"[ ☀️ 270 / 1,347 ]",measured,
bbb322003a2768e6e08c658be00a8523acdbdbd3,1480,2026-08-04T15:19:45Z,2026-08-04T15:19:45Z,270496,1347252,1076756,20.08,105052,165444,"[ ☀️ 270 / 1,347 ]",measured,
82751b262d848220bef17a5b2680fdf7659bf5e8,1481,2026-08-04T15:39:14Z,2026-08-04T15:39:14Z,270584,1347252,1076668,20.08,105052,165532,"[ ☀️ 270 / 1,347 ]",measured,
254119c6629bcff0357dc2a0ee66da585facc897,1482,2026-08-04T16:17:24Z,2026-08-04T16:17:24Z,272800,1347252,1074452,20.25,105052,167748,"[ ☀️ 272 / 1,347 ]",measured,
7bd6288a29cb63c96a0517b363c3c9e20bce39d3,1483,2026-08-04T16:37:29Z,2026-08-04T16:37:29Z,272902,1347252,1074350,20.26,105052,167850,"[ ☀️ 272 / 1,347 ]",measured,
a596d66011a029d9745f4005a8f8ed58b0025c2a,1484,2026-08-04T16:40:59Z,2026-08-04T16:40:59Z,272938,1347252,1074314,20.26,105052,167886,"[ ☀️ 272 / 1,347 ]",measured,
4d23bccfa0676daa2e99e394f41e27301037d637,1485,2026-08-04T16:43:26Z,2026-08-04T16:43:26Z,272950,1347252,1074302,20.26,105052,167898,"[ ☀️ 272 / 1,347 ]",measured,
82782c9a92a65f33941eebfbe9db9da0ab179897,1486,2026-08-04T16:46:56Z,2026-08-04T16:46:56Z,272986,1347252,1074266,20.26,105052,167934,"[ ☀️ 272 / 1,347 ]",measured,
72098fc5cc428435d5e5bf38c162428d3190c21c,1487,2026-08-04T16:50:53Z,2026-08-04T16:50:53Z,273014,1347252,1074238,20.26,105052,167962,"[ ☀️ 273 / 1,347 ]",measured,
1940563d538a5b2ba20c68e9f79cb8fa6b54b33c,1488,2026-08-04T17:04:29Z,2026-08-04T17:04:29Z,274138,1347252,1073114,20.35,105052,169086,"[ ☀️ 274 / 1,347 ]",measured,
aed098211fad664778aaaf178e849e2c86085cd1,1489,2026-08-04T17:08:19Z,2026-08-04T17:08:19Z,274258,1347252,1072994,20.36,105052,169206,"[ ☀️ 274 / 1,347 ]",measured,
87c180e7e94cf8fa281722b48a352c8348a65966,1490,2026-08-04T17:43:01Z,2026-08-04T17:43:01Z,276702,1347252,1070550,20.54,105052,171650,"[ ☀️ 276 / 1,347 ]",measured,
35b41f79b8098b03705e2212e46c7cc22f407f11,1491,2026-08-04T18:58:24Z,2026-08-04T18:58:24Z,276702,1347252,1070550,20.54,105052,171650,"[ ☀️ 276 / 1,347 ]",measured,
171b4398836b9ec586ac09c49ebc4bd61fc2f364,1492,2026-08-04T19:43:03Z,2026-08-04T19:43:03Z,278534,1347252,1068718,20.67,105052,173482,"[ ☀️ 278 / 1,347 ]",measured,
66cd274f6c70d4c75f323b7bdbc1dd46ed757789,1493,2026-08-04T19:52:42Z,2026-08-04T19:52:42Z,278534,1347252,1068718,20.67,105052,173482,"[ ☀️ 278 / 1,347 ]",measured,
68d7386a17920bff2ed75374913501b156edb44b,1494,2026-08-04T20:09:46Z,2026-08-04T20:09:46Z,278590,1347252,1068662,20.68,105052,173538,"[ ☀️ 278 / 1,347 ]",measured,
95fd22d3a436501ad44b8e36258f3d2ae8a536cc,1495,2026-08-04T20:18:21Z,2026-08-04T20:18:21Z,278590,1347252,1068662,20.68,105052,173538,"[ ☀️ 278 / 1,347 ]",measured,
5bab24108e8456b4c383d049b05a8312f7065f0c,1496,2026-08-04T20:35:08Z,2026-08-04T20:35:08Z,278590,1347252,1068662,20.68,105052,173538,"[ ☀️ 278 / 1,347 ]",measured,
d8bbe5f0ce24cf9a417d029516836386b10503b2,1497,2026-08-04T20:40:18Z,2026-08-04T20:40:18Z,278590,1347252,1068662,20.68,105052,173538,"[ ☀️ 278 / 1,347 ]",measured,
76c28b000b10d552506d4266fb60e0b0473cdf88,1498,2026-08-04T21:00:48Z,2026-08-04T21:00:48Z,278590,1347252,1068662,20.68,105052,173538,"[ ☀️ 278 / 1,347 ]",measured,
26a462cf0faf14eb4f2bd284971518f50b1b3b8d,1499,2026-08-04T21:04:40Z,2026-08-04T21:04:40Z,278684,1347252,1068568,20.69,105052,173632,"[ ☀️ 278 / 1,347 ]",measured,
ff7e42988bfd0eb9125768224f00b127bcbd0537,1500,2026-08-04T21:09:38Z,2026-08-04T21:09:38Z,278684,1347252,1068568,20.69,105052,173632,"[ ☀️ 278 / 1,347 ]",measured,
9dc44b160ae86e45c4826ec2426b0c7d64ddae84,1501,2026-08-04T21:27:17Z,2026-08-04T21:27:17Z,278684,1347252,1068568,20.69,105052,173632,"[ ☀️ 278 / 1,347 ]",measured,
dc937fb907a4ba69fa6ff9525a985cf4b5eaa673,1502,2026-08-04T21:58:21Z,2026-08-04T21:58:21Z,279096,1347252,1068156,20.72,105052,174044,"[ ☀️ 279 / 1,347 ]",measured,
7503211afaa377fcf5374e2490957ba822cb846f,1503,2026-08-04T22:08:08Z,2026-08-04T22:08:08Z,279124,1347252,1068128,20.72,105052,174072,"[ ☀️ 279 / 1,347 ]",measured,
dc16b05306a125020906e3848fd8750e325477f4,1504,2026-08-04T22:10:30Z,2026-08-04T22:10:30Z,279124,1347252,1068128,20.72,105052,174072,"[ ☀️ 279 / 1,347 ]",measured,
59112fcb81d61cf8347d4628dfbdc75e1a676c17,1505,2026-08-04T22:11:25Z,2026-08-04T22:11:25Z,279340,1347252,1067912,20.73,105052,174288,"[ ☀️ 279 / 1,347 ]",measured,
6e51e42484aec35792690e383b873b974c3f1f98,1506,2026-08-04T22:17:37Z,2026-08-04T22:17:37Z,279340,1347252,1067912,20.73,105052,174288,"[ ☀️ 279 / 1,347 ]",measured,
091e147235edef04cb45383772adad7370b17d8e,1507,2026-08-04T22:18:17Z,2026-08-04T22:18:17Z,279968,1347252,1067284,20.78,105052,174916,"[ ☀️ 279 / 1,347 ]",measured,
985a68132cf0878c0fe8505a2983455224f696ea,1508,2026-08-04T22:18:52Z,2026-08-04T22:18:52Z,279968,1347252,1067284,20.78,105052,174916,"[ ☀️ 279 / 1,347 ]",measured,
d1fe86f2d66617a2f0b0000e1980892cc32b2cf6,1509,2026-08-04T22:19:46Z,2026-08-04T22:19:46Z,280160,1347252,1067092,20.79,105052,175108,"[ ☀️ 280 / 1,347 ]",measured,
6bec6df5c7ec4f23ee71a19e075782179ea4d7ee,1510,2026-08-04T22:20:33Z,2026-08-04T22:20:33Z,280160,1347252,1067092,20.79,105052,175108,"[ ☀️ 280 / 1,347 ]",measured,
d2023b8ba7a5ed80e5b9a121598cfe355a24cd6f,1511,2026-08-04T22:21:19Z,2026-08-04T22:21:19Z,280196,1347252,1067056,20.8,105052,175144,"[ ☀️ 280 / 1,347 ]",measured,
ede7292393289800142431c0bf47528e568e4ceb,1512,2026-08-04T22:25:54Z,2026-08-04T22:25:54Z,280400,1347252,1066852,20.81,105052,175348,"[ ☀️ 280 / 1,347 ]",measured,
c4f5a4842fb9ae4aebeb0277ef5583b7af027870,1513,2026-08-04T22:34:05Z,2026-08-04T22:34:05Z,280888,1347252,1066364,20.85,105052,175836,"[ ☀️ 280 / 1,347 ]",measured,
c345790f3c2f7d123a9baf8f2b2f85c274840e83,1514,2026-08-04T22:45:22Z,2026-08-04T22:45:22Z,280888,1347252,1066364,20.85,105052,175836,"[ ☀️ 280 / 1,347 ]",measured,
fc3e2abdbeffd2fe343ead9cfccc0cb23f4dca6f,1515,2026-08-04T23:29:36Z,2026-08-04T23:29:36Z,280888,1347252,1066364,20.85,105052,175836,"[ ☀️ 280 / 1,347 ]",measured,
9807755026acc448e9154a0871c34b9219eda92b,1516,2026-08-04T23:40:38Z,2026-08-04T23:40:38Z,280888,1347252,1066364,20.85,105052,175836,"[ ☀️ 280 / 1,347 ]",measured,
677aca20004422a845484c905756f39050fe383b,1517,2026-08-04T23:53:04Z,2026-08-04T23:53:04Z,281052,1347252,1066200,20.86,105052,176000,"[ ☀️ 281 / 1,347 ]",measured,
ee376aaefae3e30b73ebe6d04cb97127f8b0744d,1518,2026-08-04T23:54:12Z,2026-08-04T23:54:12Z,281052,1347252,1066200,20.86,105052,176000,"[ ☀️ 281 / 1,347 ]",measured,
bf88c1f4950f174fb783256018709a078128a3f2,1519,2026-08-04T23:55:56Z,2026-08-04T23:55:56Z,281140,1347252,1066112,20.87,105052,176088,"[ ☀️ 281 / 1,347 ]",measured,
00a9bcb08f58f052dfa263f4d2fb3775db5b576b,1520,2026-08-04T23:57:08Z,2026-08-04T23:57:08Z,281140,1347252,1066112,20.87,105052,176088,"[ ☀️ 281 / 1,347 ]",measured,
a9a1326ea12d55a4e688ec6b4d6febf8e3e5fa1e,1521,2026-08-04T23:59:36Z,2026-08-04T23:59:36Z,281272,1347252,1065980,20.88,105052,176220,"[ ☀️ 281 / 1,347 ]",measured,
d8a8ba8579e455a87868c029a231c5f4acac7756,1522,2026-08-05T00:02:33Z,2026-08-05T00:02:33Z,281272,1347252,1065980,20.88,105052,176220,"[ ☀️ 281 / 1,347 ]",measured,
70e28bea6569bc3f957030c2740ba4ae2b079c79,1523,2026-08-05T00:03:17Z,2026-08-05T00:03:17Z,281272,1347252,1065980,20.88,105052,176220,"[ ☀️ 281 / 1,347 ]",measured,
adfac55e8db8be8bb33d29fc4ccd83d6a5660a35,1524,2026-08-05T00:03:38Z,2026-08-05T00:03:38Z,281272,1347252,1065980,20.88,105052,176220,"[ ☀️ 281 / 1,347 ]",measured,
97ce321a843552720fbb1235519cae248b815d13,1525,2026-08-05T00:09:30Z,2026-08-05T00:09:30Z,281540,1347252,1065712,20.9,105052,176488,"[ ☀️ 281 / 1,347 ]",measured,
dc5aa04a98a3f36255ac0bb0b0234247bcc16062,1526,2026-08-05T00:18:30Z,2026-08-05T00:18:30Z,281540,1347252,1065712,20.9,105052,176488,"[ ☀️ 281 / 1,347 ]",measured,
e48e85c0d6507c514ef9a4d88c67c90abac4ceda,1527,2026-08-05T00:46:16Z,2026-08-05T00:46:16Z,281540,1347252,1065712,20.9,105052,176488,"[ ☀️ 281 / 1,347 ]",measured,
f99991f45a0c351690112f0c77bbd2ddd4eebee7,1528,2026-08-05T00:49:38Z,2026-08-05T00:49:38Z,281540,1347252,1065712,20.9,105052,176488,"[ ☀️ 281 / 1,347 ]",measured,
cfe40e4a2286d9f59694365e8905301478cbfaec,1529,2026-08-05T00:50:50Z,2026-08-05T00:50:50Z,281540,1347252,1065712,20.9,105052,176488,"[ ☀️ 281 / 1,347 ]",measured,
25412afae69aae01cee345e9cb66075c00d10ae9,1530,2026-08-05T00:51:36Z,2026-08-05T00:51:36Z,281540,1347252,1065712,20.9,105052,176488,"[ ☀️ 281 / 1,347 ]",measured,
792c53e7f99a6a2481dc7375758a612787475211,1531,2026-08-05T00:55:50Z,2026-08-05T00:55:50Z,281540,1347252,1065712,20.9,105052,176488,"[ ☀️ 281 / 1,347 ]",measured,
2b9bcc5a5551afb2d02a3a7859b919f3ec05082b,1532,2026-08-05T00:57:26Z,2026-08-05T00:57:26Z,281540,1347252,1065712,20.9,105052,176488,"[ ☀️ 281 / 1,347 ]",measured,
170204ca1a43c0db09b05fcc75228387c7a792ec,1533,2026-08-05T00:58:11Z,2026-08-05T00:58:11Z,281540,1347252,1065712,20.9,105052,176488,"[ ☀️ 281 / 1,347 ]",measured,
dc0bdb88b8e2cc700585f55b7d482d30ecb22479,1534,2026-08-05T01:11:51Z,2026-08-05T01:11:51Z,281748,1347252,1065504,20.91,105052,176696,"[ ☀️ 281 / 1,347 ]",measured,
27b9be0a2187b645ec2edb59655a7bb48e9e9f3c,1535,2026-08-05T01:15:11Z,2026-08-05T01:15:11Z,281748,1347252,1065504,20.91,105052,176696,"[ ☀️ 281 / 1,347 ]",measured,
8c6ba2608af89b41c5257e8f8890e66f56486f50,1536,2026-08-05T01:44:16Z,2026-08-05T01:44:16Z,281748,1347252,1065504,20.91,105052,176696,"[ ☀️ 281 / 1,347 ]",measured,
1bdf7de67a3fe942f534beb45c424181b36a541b,1537,2026-08-05T01:44:56Z,2026-08-05T01:44:56Z,281748,1347252,1065504,20.91,105052,176696,"[ ☀️ 281 / 1,347 ]",measured,
1f17adaf706fa4ae920ab282c3fc0776229fbffc,1538,2026-08-05T01:49:07Z,2026-08-05T01:49:07Z,281748,1347252,1065504,20.91,105052,176696,"[ ☀️ 281 / 1,347 ]",measured,
297101768bb7d5aa657bee71cd3bcd898bcef566,1539,2026-08-05T01:51:18Z,2026-08-05T01:51:18Z,281748,1347252,1065504,20.91,105052,176696,"[ ☀️ 281 / 1,347 ]",measured,
aad019b0f6e9d9e9441674edc92abdd9639377a6,1540,2026-08-05T01:52:36Z,2026-08-05T01:52:36Z,281748,1347252,1065504,20.91,105052,176696,"[ ☀️ 281 / 1,347 ]",measured,
83f4ddfa17853e2b917fb30ea5deae4b4b7d48c3,1541,2026-08-05T01:54:48Z,2026-08-05T01:54:48Z,281748,1347252,1065504,20.91,105052,176696,"[ ☀️ 281 / 1,347 ]",measured,
d71facdc23bd18d4db88e415ee386fd1866a0ecb,1542,2026-08-05T01:59:07Z,2026-08-05T01:59:07Z,281748,1347252,1065504,20.91,105052,176696,"[ ☀️ 281 / 1,347 ]",measured,
768261e3bfe918a436ee7736de2ac57620465728,1543,2026-08-05T02:00:57Z,2026-08-05T02:00:57Z,281748,1347252,1065504,20.91,105052,176696,"[ ☀️ 281 / 1,347 ]",measured,
260b63d53db8f6c241a92c6967c29c6f966dfa6d,1544,2026-08-05T02:01:58Z,2026-08-05T02:01:58Z,281748,1347252,1065504,20.91,105052,176696,"[ ☀️ 281 / 1,347 ]",measured,
c892de8264256bae579993bbec259b75fce993de,1545,2026-08-05T02:02:51Z,2026-08-05T02:02:51Z,281748,1347252,1065504,20.91,105052,176696,"[ ☀️ 281 / 1,347 ]",measured,
fc065037f5f76740b1ccccd5fa4a9c59dcbebd81,1546,2026-08-05T02:03:28Z,2026-08-05T02:03:28Z,281748,1347252,1065504,20.91,105052,176696,"[ ☀️ 281 / 1,347 ]",measured,
443dcf3ed5680906348cd80f95cd3debb8cccf50,1547,2026-08-05T02:06:57Z,2026-08-05T02:06:57Z,281748,1347252,1065504,20.91,105052,176696,"[ ☀️ 281 / 1,347 ]",measured,
ea624a73d2999af280ccdfaeaf75d3f65dc8c2c3,1548,2026-08-05T02:10:15Z,2026-08-05T02:10:15Z,281748,1347252,1065504,20.91,105052,176696,"[ ☀️ 281 / 1,347 ]",measured,
fb4d255825f5cd76d00cb666c1a06801b3c64032,1549,2026-08-05T02:10:41Z,2026-08-05T02:10:41Z,281748,1347252,1065504,20.91,105052,176696,"[ ☀️ 281 / 1,347 ]",measured,
2df2c7052c27c8e7fee260af4fd72c75e2b16f9f,1550,2026-08-05T02:11:26Z,2026-08-05T02:11:26Z,281748,1347252,1065504,20.91,105052,176696,"[ ☀️ 281 / 1,347 ]",measured,
61f34a6b649c528000a7ea5c9e201db44daf8239,1551,2026-08-05T02:12:13Z,2026-08-05T02:12:13Z,281748,1347252,1065504,20.91,105052,176696,"[ ☀️ 281 / 1,347 ]",measured,
2642cf091c10ec1f9914930746a6efcb7daf4f52,1552,2026-08-05T02:12:46Z,2026-08-05T02:12:46Z,281748,1347252,1065504,20.91,105052,176696,"[ ☀️ 281 / 1,347 ]",measured,
3389237b266460b7a4279e5c2b0019a8cde36706,1553,2026-08-05T02:13:31Z,2026-08-05T02:13:31Z,281748,1347252,1065504,20.91,105052,176696,"[ ☀️ 281 / 1,347 ]",measured,
4457361b94ade3fe0a1522f50b4d870e1ebec2c5,1554,2026-08-05T02:14:07Z,2026-08-05T02:14:07Z,281748,1347252,1065504,20.91,105052,176696,"[ ☀️ 281 / 1,347 ]",measured,
70317c7807898faeb1105d41bf7b455f6b6dafbc,1555,2026-08-05T02:14:58Z,2026-08-05T02:14:58Z,281748,1347252,1065504,20.91,105052,176696,"[ ☀️ 281 / 1,347 ]",measured,
1d1d1a8cd9564604532d44e363923e7dfbdb92c0,1556,2026-08-05T02:15:31Z,2026-08-05T02:15:31Z,281748,1347252,1065504,20.91,105052,176696,"[ ☀️ 281 / 1,347 ]",measured,
2b8b554c82f675080e5fb76e1813e1e4d038a663,1557,2026-08-05T02:16:07Z,2026-08-05T02:16:07Z,281748,1347252,1065504,20.91,105052,176696,"[ ☀️ 281 / 1,347 ]",measured,
71782b71693dfcbc24f5e1df8ecb84818abd8e23,1558,2026-08-05T02:16:49Z,2026-08-05T02:16:49Z,281748,1347252,1065504,20.91,105052,176696,"[ ☀️ 281 / 1,347 ]",measured,
c74cc9681e3fba8ceb49753874910cf3a0582888,1559,2026-08-05T02:17:20Z,2026-08-05T02:17:20Z,281748,1347252,1065504,20.91,105052,176696,"[ ☀️ 281 / 1,347 ]",measured,
a6675c0536eec5ba31107a7b8962d4e9ab101771,1560,2026-08-05T02:17:55Z,2026-08-05T02:17:55Z,281748,1347252,1065504,20.91,105052,176696,"[ ☀️ 281 / 1,347 ]",measured,
e2b19ec8e75ef361191f390731e4fc52fd2cb635,1561,2026-08-05T02:18:39Z,2026-08-05T02:18:39Z,281748,1347252,1065504,20.91,105052,176696,"[ ☀️ 281 / 1,347 ]",measured,
bac162d9eb540e90aefc106b6c832f05c78843ab,1562,2026-08-05T02:19:28Z,2026-08-05T02:19:28Z,281748,1347252,1065504,20.91,105052,176696,"[ ☀️ 281 / 1,347 ]",measured,
bd4527c2ad907fc97b3d38b74981b943dbbf983f,1563,2026-08-05T02:20:05Z,2026-08-05T02:20:05Z,281748,1347252,1065504,20.91,105052,176696,"[ ☀️ 281 / 1,347 ]",measured,
fb06638cdbcfa53869f083c6a1931baf4a12b592,1564,2026-08-05T02:20:38Z,2026-08-05T02:20:38Z,281748,1347252,1065504,20.91,105052,176696,"[ ☀️ 281 / 1,347 ]",measured,
f3f326dd03b69f25e6bcf448dbf999abc2356a7c,1565,2026-08-05T02:21:12Z,2026-08-05T02:21:12Z,281748,1347252,1065504,20.91,105052,176696,"[ ☀️ 281 / 1,347 ]",measured,
50b0e82b1e062d0f7c77c8a776f7732d59ce423c,1566,2026-08-05T02:21:54Z,2026-08-05T02:21:54Z,281748,1347252,1065504,20.91,105052,176696,"[ ☀️ 281 / 1,347 ]",measured,
a03450a47fffa69ddaeea529a7e374668deecad0,1567,2026-08-05T02:22:29Z,2026-08-05T02:22:29Z,281748,1347252,1065504,20.91,105052,176696,"[ ☀️ 281 / 1,347 ]",measured,
1c3580527584cf323531fbfd65c79204c47a577a,1568,2026-08-05T02:23:04Z,2026-08-05T02:23:04Z,281748,1347252,1065504,20.91,105052,176696,"[ ☀️ 281 / 1,347 ]",measured,
569a02832014ba06742fcd894684f8574f56b9b5,1569,2026-08-05T02:23:43Z,2026-08-05T02:23:43Z,281748,1347252,1065504,20.91,105052,176696,"[ ☀️ 281 / 1,347 ]",measured,
6bb29a8cbcbca2a313cc9c6688ace8e0178144dd,1570,2026-08-05T02:24:17Z,2026-08-05T02:24:17Z,281748,1347252,1065504,20.91,105052,176696,"[ ☀️ 281 / 1,347 ]",measured,
fa92ae73a33b78cdbf1d408d8511a8a0c5354967,1571,2026-08-05T02:24:53Z,2026-08-05T02:24:53Z,281748,1347252,1065504,20.91,105052,176696,"[ ☀️ 281 / 1,347 ]",measured,
166351a985ea74e3eb6e30e8e667896f3f7bb471,1572,2026-08-05T02:25:28Z,2026-08-05T02:25:28Z,281748,1347252,1065504,20.91,105052,176696,"[ ☀️ 281 / 1,347 ]",measured,
25ee0b60678e2949eb5297992c34c8a6ca440b31,1573,2026-08-05T02:26:03Z,2026-08-05T02:26:03Z,281748,1347252,1065504,20.91,105052,176696,"[ ☀️ 281 / 1,347 ]",measured,
0e9f4b0b440fde9f0fc8f9cce1522fa6fa65fde8,1574,2026-08-05T02:26:43Z,2026-08-05T02:26:43Z,281748,1347252,1065504,20.91,105052,176696,"[ ☀️ 281 / 1,347 ]",measured,
21e9cb457e045634072fdcce0d0b45246598e56c,1575,2026-08-05T02:27:20Z,2026-08-05T02:27:20Z,281748,1347252,1065504,20.91,105052,176696,"[ ☀️ 281 / 1,347 ]",measured,
7cb83c0b190c5814b01970e3087c49033904ee5b,1576,2026-08-05T02:28:00Z,2026-08-05T02:28:00Z,281748,1347252,1065504,20.91,105052,176696,"[ ☀️ 281 / 1,347 ]",measured,
ed1572f885a624d5399dc3efed63c7910b4774e5,1577,2026-08-05T02:28:36Z,2026-08-05T02:28:36Z,281748,1347252,1065504,20.91,105052,176696,"[ ☀️ 281 / 1,347 ]",measured,
3475ddf0ab9507ab4ce1585bd3655a561c1b02d5,1578,2026-08-05T02:29:12Z,2026-08-05T02:29:12Z,281748,1347252,1065504,20.91,105052,176696,"[ ☀️ 281 / 1,347 ]",measured,
0e3a10cfc60c41bcbd720ed865c7832873c56c70,1579,2026-08-05T02:29:49Z,2026-08-05T02:29:49Z,281748,1347252,1065504,20.91,105052,176696,"[ ☀️ 281 / 1,347 ]",measured,
8f78d300cb709596153a20d76f58a7fd7711b27c,1580,2026-08-05T02:30:32Z,2026-08-05T02:30:32Z,281748,1347252,1065504,20.91,105052,176696,"[ ☀️ 281 / 1,347 ]",measured,
076a5fc28106cf68960d7635288ce7b5ab0a7ce4,1581,2026-08-05T02:31:16Z,2026-08-05T02:31:16Z,281748,1347252,1065504,20.91,105052,176696,"[ ☀️ 281 / 1,347 ]",measured,
197b957cda0b6d490f7f25b3911b6d56d10f545b,1582,2026-08-05T02:31:52Z,2026-08-05T02:31:52Z,281748,1347252,1065504,20.91,105052,176696,"[ ☀️ 281 / 1,347 ]",measured,
e17302e7f9b7117b40dc405e1ec977a2cb3c0feb,1583,2026-08-05T02:32:31Z,2026-08-05T02:32:31Z,281748,1347252,1065504,20.91,105052,176696,"[ ☀️ 281 / 1,347 ]",measured,
a72c4720b4d169ea364fbc37000dc2657fd0afef,1584,2026-08-05T02:33:12Z,2026-08-05T02:33:12Z,281748,1347252,1065504,20.91,105052,176696,"[ ☀️ 281 / 1,347 ]",measured,
45a0904bde1e5fe128f9b3425bbd8a4786a81acd,1585,2026-08-05T02:33:50Z,2026-08-05T02:33:50Z,281748,1347252,1065504,20.91,105052,176696,"[ ☀️ 281 / 1,347 ]",measured,
9d7a604d2df50e1e4ce1f8e6a8d353795d68e4fa,1586,2026-08-05T02:34:27Z,2026-08-05T02:34:27Z,281748,1347252,1065504,20.91,105052,176696,"[ ☀️ 281 / 1,347 ]",measured,
3128946aca3fea6d8fb78dcd357e8bb8e46ba745,1587,2026-08-05T02:35:04Z,2026-08-05T02:35:04Z,281748,1347252,1065504,20.91,105052,176696,"[ ☀️ 281 / 1,347 ]",measured,
413090d54ea79627de2ed4e9285030e1776b0926,1588,2026-08-05T02:35:45Z,2026-08-05T02:35:45Z,281748,1347252,1065504,20.91,105052,176696,"[ ☀️ 281 / 1,347 ]",measured,
0663efabdd2fb34f26fb0704f8b8ce797aa832f4,1589,2026-08-05T02:36:22Z,2026-08-05T02:36:22Z,281748,1347252,1065504,20.91,105052,176696,"[ ☀️ 281 / 1,347 ]",measured,
51c57b94427bdb3e93c4aa5395c4c5d7a2f90127,1590,2026-08-05T02:40:09Z,2026-08-05T02:40:09Z,281748,1347252,1065504,20.91,105052,176696,"[ ☀️ 281 / 1,347 ]",measured,
7a78cbd912d5edd3cedd7f43af3b0e50b8112e5b,1591,2026-08-05T02:41:05Z,2026-08-05T02:41:05Z,281748,1347252,1065504,20.91,105052,176696,"[ ☀️ 281 / 1,347 ]",measured,
847664859be9f0181ea0810ccf152ac844c5abb4,1592,2026-08-05T02:41:39Z,2026-08-05T02:41:39Z,281748,1347252,1065504,20.91,105052,176696,"[ ☀️ 281 / 1,347 ]",measured,
25bcdfa8a95a116274908b94b55662607913938a,1593,2026-08-05T02:50:45Z,2026-08-05T02:50:45Z,281748,1347252,1065504,20.91,105052,176696,"[ ☀️ 281 / 1,347 ]",measured,
9ae0c62d772bf534fec76505f938fc87122a9aa3,1594,2026-08-05T02:56:47Z,2026-08-05T02:56:47Z,281748,1347252,1065504,20.91,105052,176696,"[ ☀️ 281 / 1,347 ]",measured,
60229b09fbca1bc403e04422039e507601ecae01,1595,2026-08-05T02:57:33Z,2026-08-05T02:57:33Z,281748,1347252,1065504,20.91,105052,176696,"[ ☀️ 281 / 1,347 ]",measured,
9e9791514ddbf025925cd32b23b411a1f0fe532c,1596,2026-08-05T02:58:40Z,2026-08-05T02:58:40Z,281748,1347252,1065504,20.91,105052,176696,"[ ☀️ 281 / 1,347 ]",measured,
7989334ace08133ed5c4b223e852e3d3bec57217,1597,2026-08-05T03:10:09Z,2026-08-05T03:10:09Z,281748,1347252,1065504,20.91,105052,176696,"[ ☀️ 281 / 1,347 ]",measured,
5cd53fddb0a5030954adfec44ecc24206b0b793d,1598,2026-08-05T03:13:53Z,2026-08-05T03:13:53Z,281748,1347252,1065504,20.91,105052,176696,"[ ☀️ 281 / 1,347 ]",measured,
3685d01379881c0ca5889f7d50ab6ab25ade01f0,1599,2026-08-05T03:17:29Z,2026-08-05T03:17:29Z,281748,1347252,1065504,20.91,105052,176696,"[ ☀️ 281 / 1,347 ]",measured,
6ae9d16725ba3dcec0aa86d363a6af61e2eb509a,1600,2026-08-05T03:22:08Z,2026-08-05T03:22:08Z,281748,1347252,1065504,20.91,105052,176696,"[ ☀️ 281 / 1,347 ]",measured,
9efca6dd97acc0149c50081ecc0400ef0d600aba,1601,2026-08-05T03:30:51Z,2026-08-05T03:30:51Z,281748,1347252,1065504,20.91,105052,176696,"[ ☀️ 281 / 1,347 ]",measured,
f74e97a1bd1ca0a2c7e7f09f708660a7747f4af8,1602,2026-08-05T03:33:56Z,2026-08-05T03:33:56Z,281856,1347252,1065396,20.92,105052,176804,"[ ☀️ 281 / 1,347 ]",measured,
114d265473ae3a53219ac2e49c5cfe8ef6d5786e,1603,2026-08-05T03:36:49Z,2026-08-05T03:36:49Z,281936,1347252,1065316,20.93,105052,176884,"[ ☀️ 281 / 1,347 ]",measured,
63f703cdd09eff31259c74c81904b9d9df973721,1604,2026-08-05T03:38:22Z,2026-08-05T03:38:22Z,282084,1347252,1065168,20.94,105052,177032,"[ ☀️ 282 / 1,347 ]",measured,
112885c66369bb8b7a56d9d62fbb7730382e7f27,1605,2026-08-05T03:38:43Z,2026-08-05T03:38:43Z,282084,1347252,1065168,20.94,105052,177032,"[ ☀️ 282 / 1,347 ]",measured,
65bcfd31870e2ff6b83ef38d83277d2f8b975882,1606,2026-08-05T03:40:33Z,2026-08-05T03:40:33Z,282084,1347252,1065168,20.94,105052,177032,"[ ☀️ 282 / 1,347 ]",measured,
7a8393ec1e839dab50869142a137d95956e35fde,1607,2026-08-05T03:44:12Z,2026-08-05T03:44:12Z,282084,1347252,1065168,20.94,105052,177032,"[ ☀️ 282 / 1,347 ]",measured,
e71a2a1e5150c214e5494d031522c738bbe9eb06,1608,2026-08-05T03:55:31Z,2026-08-05T03:55:31Z,282084,1347252,1065168,20.94,105052,177032,"[ ☀️ 282 / 1,347 ]",measured,
d3ddf65d4a24733d9f443769ea3c21adcc122c6b,1609,2026-08-05T04:01:15Z,2026-08-05T04:01:15Z,282140,1347252,1065112,20.94,105052,177088,"[ ☀️ 282 / 1,347 ]",measured,
49fe74ccce106f3f2e3ef60387ed888ebf10288f,1610,2026-08-05T04:02:53Z,2026-08-05T04:02:53Z,282140,1347252,1065112,20.94,105052,177088,"[ ☀️ 282 / 1,347 ]",measured,
bfaf1c5badb4899bf897378b92951fcacc2f89ea,1611,2026-08-05T04:04:30Z,2026-08-05T04:04:30Z,282488,1347252,1064764,20.97,105052,177436,"[ ☀️ 282 / 1,347 ]",measured,
d62497e4dedc330be595322d84b8d1acddfc4e09,1612,2026-08-05T04:04:48Z,2026-08-05T04:04:48Z,282488,1347252,1064764,20.97,105052,177436,"[ ☀️ 282 / 1,347 ]",measured,
cfd589f9d0604fe78a8fdcc49e344dae01a38bcf,1613,2026-08-05T04:06:24Z,2026-08-05T04:06:24Z,282776,1347252,1064476,20.99,105052,177724,"[ ☀️ 282 / 1,347 ]",measured,
c5df98984ca5e78fc57968bbfdf396a5857c4fd5,1614,2026-08-05T04:06:42Z,2026-08-05T04:06:42Z,282840,1347252,1064412,20.99,105052,177788,"[ ☀️ 282 / 1,347 ]",measured,
81a49bcf529fe552afbea57169ccee66fa4ea703,1615,2026-08-05T04:07:59Z,2026-08-05T04:07:59Z,282944,1347252,1064308,21,105052,177892,"[ ☀️ 282 / 1,347 ]",measured,
0d67a23f113f7d290c483cde9b1dba00fe0927bb,1616,2026-08-05T04:08:30Z,2026-08-05T04:08:30Z,283012,1347252,1064240,21.01,105052,177960,"[ ☀️ 283 / 1,347 ]",measured,
d7020269fccc6a7ccf661d4f25fb77a65ece50fd,1617,2026-08-05T04:17:19Z,2026-08-05T04:17:19Z,284828,1347252,1062424,21.14,105052,179776,"[ ☀️ 284 / 1,347 ]",measured,
3d36cfb045f99762e6fe046f03ecf47178d87333,1618,2026-08-05T04:19:20Z,2026-08-05T04:19:20Z,284828,1347252,1062424,21.14,105052,179776,"[ ☀️ 284 / 1,347 ]",measured,
59c8dbe337f642a3edd067009f75d972536a4b9e,1619,2026-08-05T04:27:09Z,2026-08-05T04:27:09Z,285276,1347252,1061976,21.17,105052,180224,"[ ☀️ 285 / 1,347 ]",measured,
794d47d91bb7d1035703139e4cdc7a46a0d94a7f,1620,2026-08-05T04:35:12Z,2026-08-05T04:35:12Z,285252,1347252,1062000,21.17,105052,180200,"[ ☀️ 285 / 1,347 ]",measured,"measured C ownership decreased by 24 bytes; removed/reclassified paths: (none); spans shrunk in place: exact/resource_37a_c_020025fc.c:-2B, exact/resource_385_c_020004b4.c:-2B, exact/resource_39b_c_02000d48.c:-2B, exact/resource_39b_c_02000e60.c:-2B, exact/resource_39b_c_02000e6c.c:-2B, exact/resource_39b_c_02000e78.c:-2B, exact/resource_39b_c_02000e84.c:-2B, exact/resource_3a6_c_02000cd0.c:-2B, exact/resource_3a6_c_02001378.c:-2B, exact/resource_3a6_c_02001bfc.c:-2B, exact/resource_3be_c_020010f0.c:-2B, exact/resource_3be_c_02001148.c:-2B"
caeebfa1ab5e2f0828c640361135258eaadf89c7,1621,2026-08-05T04:36:47Z,2026-08-05T04:36:47Z,285252,1347252,1062000,21.17,105052,180200,"[ ☀️ 285 / 1,347 ]",measured,
c23723191b889da31e326f6ff9fccb200b6cf936,1622,2026-08-05T04:45:21Z,2026-08-05T04:45:21Z,285252,1347252,1062000,21.17,105052,180200,"[ ☀️ 285 / 1,347 ]",measured,
d96c3f4a9f32bfb4c66a02e42c56ad712ad319a3,1623,2026-08-05T04:50:09Z,2026-08-05T04:50:09Z,285252,1347252,1062000,21.17,105052,180200,"[ ☀️ 285 / 1,347 ]",measured,
3a531e1e835691ece6bd25a637c7cc68d8b21b1e,1624,2026-08-05T04:53:23Z,2026-08-05T04:53:23Z,285252,1347252,1062000,21.17,105052,180200,"[ ☀️ 285 / 1,347 ]",measured,
a3cbbbf8c062cc7a4a8db0d43925146e3384ff48,1625,2026-08-05T04:56:11Z,2026-08-05T04:56:11Z,285252,1347252,1062000,21.17,105052,180200,"[ ☀️ 285 / 1,347 ]",measured,
4a2433920691798dccc8eb931f9171b3251600f4,1626,2026-08-05T05:03:11Z,2026-08-05T05:03:11Z,285252,1347252,1062000,21.17,105052,180200,"[ ☀️ 285 / 1,347 ]",measured,
c4dce855ed9d2c64a1db3853cc0b1558b6e9cca0,1627,2026-08-05T05:33:44Z,2026-08-05T05:33:44Z,285294,1347252,1061958,21.18,105052,180242,"[ ☀️ 285 / 1,347 ]",measured,
943dee3f1500ce917d07a985071076bd3cbb9545,1628,2026-08-05T05:39:34Z,2026-08-05T05:39:34Z,285414,1347252,1061838,21.18,105052,180362,"[ ☀️ 285 / 1,347 ]",measured,
b72caf89cd228f3a9bdf7f75eb3c9410a68c2a2a,1629,2026-08-05T06:27:33Z,2026-08-05T06:27:33Z,285414,1347252,1061838,21.18,105052,180362,"[ ☀️ 285 / 1,347 ]",measured,
1db6bc61b2ea3e3c2754117248641c090b402047,1630,2026-08-05T06:39:06Z,2026-08-05T06:39:06Z,285414,1347252,1061838,21.18,105052,180362,"[ ☀️ 285 / 1,347 ]",measured,
d7f9cb9f939b631e175f20b5f8ce18c594a4221a,1631,2026-08-05T06:47:28Z,2026-08-05T06:47:28Z,285670,1347252,1061582,21.2,105052,180618,"[ ☀️ 285 / 1,347 ]",measured,
54b28d36fbce036163570d23b34e0be1100a2f13,1632,2026-08-05T07:23:55Z,2026-08-05T07:23:55Z,287222,1347252,1060030,21.32,105052,182170,"[ ☀️ 287 / 1,347 ]",measured,
d6d126eed2975c0758c1f94a9308344734d01dfe,1633,2026-08-05T08:05:35Z,2026-08-05T08:05:35Z,287290,1347252,1059962,21.32,105052,182238,"[ ☀️ 287 / 1,347 ]",measured,
b39da605af84002298f514812c4c0c2d42c47cf4,1634,2026-08-05T08:33:03Z,2026-08-05T08:33:03Z,287290,1347252,1059962,21.32,105052,182238,"[ ☀️ 287 / 1,347 ]",measured,
975cd9344b5beecd3e68847bad16f06b508e35a2,1635,2026-08-05T08:36:49Z,2026-08-05T08:36:49Z,287290,1347252,1059962,21.32,105052,182238,"[ ☀️ 287 / 1,347 ]",measured,
ec292a6f0dfb92d9177e806827741cd799fc84b9,1636,2026-08-05T16:51:18Z,2026-08-05T16:51:18Z,287290,1347252,1059962,21.32,105052,182238,"[ ☀️ 287 / 1,347 ]",measured,
67e8adaa8cdffbfae9636493f354f704fd17726e,1637,2026-08-05T16:51:45Z,2026-08-05T16:51:45Z,289222,1347252,1058030,21.47,105052,184170,"[ ☀️ 289 / 1,347 ]",measured,
9382a11f616c9395b39d4307688b599a26115e5a,1638,2026-08-05T17:12:59Z,2026-08-05T17:12:59Z,289222,1347252,1058030,21.47,105052,184170,"[ ☀️ 289 / 1,347 ]",measured,
38710dc90ad591328dd906a36d3ffa43b330951a,1639,2026-08-05T19:50:38+01:00,2026-08-05T19:50:38+01:00,289222,1347252,1058030,21.47,105052,184170,"[ ☀️ 289 / 1,347 ]",measured,
bfec07a66179bdf2e78699e2314bc14a3edc4ce9,1640,2026-08-05T19:50:46+01:00,2026-08-05T19:50:46+01:00,289222,1347252,1058030,21.47,105052,184170,"[ ☀️ 289 / 1,347 ]",measured,
bf653a68edbd9622bd110bcf49bea102e26c6ea2,1641,2026-08-05T19:52:46+01:00,2026-08-05T19:52:46+01:00,289222,1347252,1058030,21.47,105052,184170,"[ ☀️ 289 / 1,347 ]",measured,
8fdbbb9ea2d70da0ac1dbb8ec314f2bb5cf17c17,1642,2026-08-05T19:53:11+01:00,2026-08-05T19:53:11+01:00,289822,1347252,1057430,21.51,105052,184770,"[ ☀️ 289 / 1,347 ]",measured,
21972057c2f082996ded7b80b7e414a19e930278,1643,2026-08-05T19:56:46+01:00,2026-08-05T19:56:46+01:00,289822,1347252,1057430,21.51,105052,184770,"[ ☀️ 289 / 1,347 ]",measured,
8eb7a78c6781c63a0273ed404156a080b03867ab,1644,2026-08-05T21:28:07+01:00,2026-08-05T21:28:07+01:00,290056,1347252,1057196,21.53,105052,185004,"[ ☀️ 290 / 1,347 ]",measured,
3b860dc1bb6057558b1aed6fb4957048d5fdf7cd,1645,2026-08-05T21:43:56+01:00,2026-08-05T21:43:56+01:00,290636,1347252,1056616,21.57,105052,185584,"[ ☀️ 290 / 1,347 ]",measured,
f87712d37c1ab7cd8fe87ee00822050540852ac3,1646,2026-08-05T22:09:39+01:00,2026-08-05T22:09:39+01:00,291560,1347252,1055692,21.64,105280,186280,"[ ☀️ 291 / 1,347 ]",measured,
10a55cbc4bca2154d704786e55e81142e8e37043,1647,2026-08-06T09:53:56+01:00,2026-08-06T09:53:56+01:00,297516,1347252,1049736,22.08,105280,192236,"[ ☀️ 297 / 1,347 ]",measured,
1be0e9b842d51eabfa565f6df91bb872a049fba4,1648,2026-08-06T10:48:24+01:00,2026-08-06T10:48:24+01:00,298986,1347252,1048266,22.19,105280,193706,"[ ☀️ 298 / 1,347 ]",measured,
174b81440c8bde2f6bc594d5ed006403866cd83e,1649,2026-08-06T10:51:43+01:00,2026-08-06T10:51:43+01:00,298986,1347252,1048266,22.19,105280,193706,"[ ☀️ 298 / 1,347 ]",measured,
308a0944629f974e6725e65e534b83fc023a6f3c,1650,2026-08-06T12:26:37+01:00,2026-08-06T12:26:37+01:00,299134,1347252,1048118,22.2,105280,193854,"[ ☀️ 299 / 1,347 ]",measured,
5a4b8bcd6ba00c7b50dd52b1f7ade84facb1dde2,1651,2026-08-07T00:43:40+01:00,2026-08-07T00:43:40+01:00,300312,1347252,1046940,22.29,106246,194066,"[ ☀️ 300 / 1,347 ]",measured,
4cc6a166760d46a7fd6a12564bb7a7b835f1847d,1652,2026-08-07T00:45:16+01:00,2026-08-07T00:45:16+01:00,304604,1347252,1042648,22.61,106246,198358,"[ ☀️ 304 / 1,347 ]",measured,
44afcde6df851057d489e72ba028f280d2c20cea,1653,2026-08-07T02:29:24+01:00,2026-08-07T02:29:24+01:00,300312,1347252,1046940,22.29,106246,194066,"[ ☀️ 300 / 1,347 ]",measured,"measured C ownership decreased by 4292 bytes; removed/reclassified paths: exact/resource_37b_c_02000c8c.c, exact/resource_37b_c_02001a84.c, exact/resource_37f_c_02000154.c, exact/resource_37f_c_020017c0.c, exact/resource_38b_c_020009cc.c, exact/resource_38d_c_02000568.c, exact/resource_38d_c_020005f4.c, exact/resource_391_c_02002974.c, exact/resource_39a_c_02001050.c, exact/resource_39a_c_02001154.c, exact/resource_39a_c_020015dc.c, exact/resource_3a2_c_020010b8.c, exact/resource_3a6_c_02000cf8.c, exact/resource_3a6_c_020010c8.c, exact/resource_3ad_c_020000d4.c, exact/resource_3b4_c_020018e0.c, exact/resource_3b4_c_02001edc.c, exact/resource_3cb_c_020002d8.c"
f48665386ee9a49e5260b80c2e26b18d7fc6c10f,1654,2026-08-07T02:35:24+01:00,2026-08-07T02:35:24+01:00,300712,1347252,1046540,22.32,106646,194066,"[ ☀️ 300 / 1,347 ]",measured,
df0ac357e002294043d27559e0834400d1037ab5,1655,2026-08-07T02:45:52+01:00,2026-08-07T02:45:52+01:00,300712,1347252,1046540,22.32,106646,194066,"[ ☀️ 300 / 1,347 ]",measured,
16ce54af2b29fb7eb01fc4f0d95aa64c80fa60f7,1656,2026-08-07T08:55:48+01:00,2026-08-07T08:55:48+01:00,303086,1347252,1044166,22.5,109020,194066,"[ ☀️ 303 / 1,347 ]",measured,
d1cb95beea427391b24279c421c1fe4cbaadd3d6,1657,2026-08-07T09:45:14+01:00,2026-08-07T09:45:14+01:00,316110,1347252,1031142,23.46,109020,207090,"[ ☀️ 316 / 1,347 ]",measured,
2364c39c2b8fafd80eb28b0ab84c4142551772d2,1658,2026-08-07T09:49:31+01:00,2026-08-07T09:49:31+01:00,316110,1347252,1031142,23.46,109020,207090,"[ ☀️ 316 / 1,347 ]",measured,
8cf38822b8dac231e455f3cd70bad1c6eec50037,1659,2026-08-07T09:51:48+01:00,2026-08-07T09:51:48+01:00,316110,1347252,1031142,23.46,109020,207090,"[ ☀️ 316 / 1,347 ]",measured,
1e01df6aa017edee6b7d46034390e251876c00e1,1660,2026-08-07T09:55:31+01:00,2026-08-07T09:55:31+01:00,316342,1347252,1030910,23.48,109020,207322,"[ ☀️ 316 / 1,347 ]",measured,
f185d7346b6e252da6f19f156b9ae4aaecf044c8,1661,2026-08-07T10:43:54+01:00,2026-08-07T10:43:54+01:00,316342,1347252,1030910,23.48,109020,207322,"[ ☀️ 316 / 1,347 ]",measured,
463c0a39ca61385cb722d93d181aa6f65a82c01f,1662,2026-08-07T11:01:49+01:00,2026-08-07T11:01:49+01:00,316342,1347252,1030910,23.48,109020,207322,"[ ☀️ 316 / 1,347 ]",measured,
87d03abf0574e0f82df56e1dae0e7458d857767a,1663,2026-08-07T11:05:24+01:00,2026-08-07T11:05:24+01:00,316342,1347252,1030910,23.48,109020,207322,"[ ☀️ 316 / 1,347 ]",measured,
b3ab4841b4f9496a2d7d3ca566a029b6f2bf3e6a,1664,2026-08-07T11:44:15+01:00,2026-08-07T11:44:15+01:00,316342,1347252,1030910,23.48,109020,207322,"[ ☀️ 316 / 1,347 ]",measured,
350c7585291b265886299f55713237a699d8c279,1665,2026-08-07T11:54:53+01:00,2026-08-07T11:54:53+01:00,316342,1347252,1030910,23.48,109020,207322,"[ ☀️ 316 / 1,347 ]",measured,
7df4187a02dbf77c2edb76f3764b61be993800d4,1666,2026-08-07T12:02:49+01:00,2026-08-07T12:02:49+01:00,316342,1347252,1030910,23.48,109020,207322,"[ ☀️ 316 / 1,347 ]",measured,
5bb6201968f58ef83e5c8f6f838d98e58d5ea26c,1667,2026-08-07T12:04:33+01:00,2026-08-07T12:04:33+01:00,316342,1347252,1030910,23.48,109020,207322,"[ ☀️ 316 / 1,347 ]",measured,
7e3f66ba3d0f035d052aab3d23dfa2fbccaca45d,1668,2026-08-07T12:34:59+01:00,2026-08-07T12:34:59+01:00,316342,1347252,1030910,23.48,109020,207322,"[ ☀️ 316 / 1,347 ]",measured,
b39641730376b23bf55d579dad23ceee52b29ef4,1669,2026-08-07T13:01:04+01:00,2026-08-07T13:01:04+01:00,316342,1347252,1030910,23.48,109020,207322,"[ ☀️ 316 / 1,347 ]",measured,
723ef4b16b0fe89e0c6c4be99b029353365787af,1670,2026-08-07T13:35:33+01:00,2026-08-07T13:35:33+01:00,316342,1347252,1030910,23.48,109020,207322,"[ ☀️ 316 / 1,347 ]",measured,
d7a5433fe9e645a67720aa54eec72b74b75232b9,1671,2026-08-07T14:53:49+01:00,2026-08-07T14:53:49+01:00,316342,1347252,1030910,23.48,109020,207322,"[ ☀️ 316 / 1,347 ]",measured,
8cc5e7d0640cb07d434f9427b8509b39df12664d,1672,2026-08-07T15:42:47+01:00,2026-08-07T15:42:47+01:00,316594,1347252,1030658,23.5,109020,207574,"[ ☀️ 316 / 1,347 ]",measured,
62dac188ac48393f92d866969d582b93b3ac822f,1673,2026-08-07T15:54:22+01:00,2026-08-07T15:54:22+01:00,316594,1347252,1030658,23.5,109020,207574,"[ ☀️ 316 / 1,347 ]",measured,
b3b295e0ccfcf3bd0ccf8a5fad46bfed2881234f,1674,2026-08-07T16:01:53+01:00,2026-08-07T16:01:53+01:00,316594,1347252,1030658,23.5,109020,207574,"[ ☀️ 316 / 1,347 ]",measured,
f3d9bd5a1407be2773ca2206fd6e0618e487ca2b,1675,2026-08-07T16:04:04+01:00,2026-08-07T16:04:04+01:00,316810,1347252,1030442,23.52,109020,207790,"[ ☀️ 316 / 1,347 ]",measured,
f0f71d2b3c57be3006159300eec68e52a34d5488,1676,2026-08-07T16:26:33+01:00,2026-08-07T16:26:33+01:00,317066,1347252,1030186,23.53,109020,208046,"[ ☀️ 317 / 1,347 ]",measured,
e033dc7b9c4d924ad70aa9aadb6a735debb2bb4d,1677,2026-08-07T16:35:09+01:00,2026-08-07T16:35:09+01:00,317066,1347252,1030186,23.53,109020,208046,"[ ☀️ 317 / 1,347 ]",measured,
8d761a98ef83774e95f08c551260d1ee2a54533b,1678,2026-08-07T16:36:52+01:00,2026-08-07T16:36:52+01:00,317066,1347252,1030186,23.53,109020,208046,"[ ☀️ 317 / 1,347 ]",measured,
3e85898d91ac29303a4847aed4435bbb37093731,1679,2026-08-07T16:57:21+01:00,2026-08-07T16:57:21+01:00,317066,1347252,1030186,23.53,109020,208046,"[ ☀️ 317 / 1,347 ]",measured,
f4d7b64482a060ae650bf9b5bdd3b9faf84fd767,1680,2026-08-07T17:04:55+01:00,2026-08-07T17:04:55+01:00,317066,1347252,1030186,23.53,109020,208046,"[ ☀️ 317 / 1,347 ]",measured,
c0ee12b9fa3df1151287e37b0a2d25a6f8feec95,1681,2026-08-07T17:19:12+01:00,2026-08-07T17:19:12+01:00,317066,1347252,1030186,23.53,109020,208046,"[ ☀️ 317 / 1,347 ]",measured,
55491ed70b2fc3a4b17c6d662628649cc159f164,1682,2026-08-08T01:42:08+01:00,2026-08-08T01:42:08+01:00,317066,1347252,1030186,23.53,109020,208046,"[ ☀️ 317 / 1,347 ]",measured,
09229142f49accb690000a86ec75000caeeb8027,1683,2026-08-08T01:42:12+01:00,2026-08-08T01:42:12+01:00,317066,1347252,1030186,23.53,109020,208046,"[ ☀️ 317 / 1,347 ]",measured,
f031f8290c633a3f1dc603f7f74f2b50deaf9f8a,1684,2026-08-08T02:01:28+01:00,2026-08-08T02:01:28+01:00,317066,1347252,1030186,23.53,109020,208046,"[ ☀️ 317 / 1,347 ]",measured,
04bc0e3d83025301669ccec0414cc6b87c933574,1685,2026-08-08T02:17:42+01:00,2026-08-08T02:17:42+01:00,317066,1347252,1030186,23.53,109020,208046,"[ ☀️ 317 / 1,347 ]",measured,
fd729771b838a0fbdbacedb0bcdfbe877c40dc6b,1686,2026-08-08T03:19:34+01:00,2026-08-08T03:19:34+01:00,317066,1347252,1030186,23.53,109020,208046,"[ ☀️ 317 / 1,347 ]",measured,
a1f47df63da33780897489a0b6f94f602393917b,1687,2026-08-08T03:30:56+01:00,2026-08-08T03:30:56+01:00,317066,1347252,1030186,23.53,109020,208046,"[ ☀️ 317 / 1,347 ]",measured,
156f03f47e2fa8f5b4563cc0e9fbfe6f46b1ee10,1688,2026-08-08T03:40:20+01:00,2026-08-08T03:40:20+01:00,317066,1347252,1030186,23.53,109020,208046,"[ ☀️ 317 / 1,347 ]",measured,
404919aaf55d8eee3b9717a360f2f6f24da669b1,1689,2026-08-08T03:46:14+01:00,2026-08-08T03:46:14+01:00,317066,1347252,1030186,23.53,109020,208046,"[ ☀️ 317 / 1,347 ]",measured,
348703aa8cbe6644cc8a0e5914d5bdb873efd178,1690,2026-08-08T03:46:46+01:00,2026-08-08T03:46:46+01:00,317066,1347252,1030186,23.53,109020,208046,"[ ☀️ 317 / 1,347 ]",measured,
a60213b3dcc075ef6ea948e0fb0e55903684e927,1691,2026-08-08T03:52:59+01:00,2026-08-08T03:52:59+01:00,317066,1347252,1030186,23.53,109020,208046,"[ ☀️ 317 / 1,347 ]",measured,
bc48f1e5683bd91cda8a54a9f2b460bef2e40a65,1692,2026-08-08T04:06:37+01:00,2026-08-08T04:06:37+01:00,317066,1347252,1030186,23.53,109020,208046,"[ ☀️ 317 / 1,347 ]",measured,
be2ea7032eb9fe685b6c16a46567eb4b92739cf0,1693,2026-08-08T04:22:00+01:00,2026-08-08T04:22:00+01:00,317066,1347252,1030186,23.53,109020,208046,"[ ☀️ 317 / 1,347 ]",measured,
52022d7a94499dec32164152a7af105ca71294b1,1694,2026-08-08T04:36:38+01:00,2026-08-08T04:36:38+01:00,317066,1347252,1030186,23.53,109020,208046,"[ ☀️ 317 / 1,347 ]",measured,
6658d3d14e129a5643bd68a3cd01ae50b57fc519,1695,2026-08-08T04:42:03+01:00,2026-08-08T04:42:03+01:00,317066,1347252,1030186,23.53,109020,208046,"[ ☀️ 317 / 1,347 ]",measured,
8e5ea412c93809be01f5f39ed6e7f6542d0916d5,1696,2026-08-08T10:16:12+01:00,2026-08-08T10:16:12+01:00,317066,1347252,1030186,23.53,109020,208046,"[ ☀️ 317 / 1,347 ]",measured,
ecade292e5aa269e34618870e56a21fdca27f7db,1697,2026-08-08T10:24:52+01:00,2026-08-08T10:24:52+01:00,317066,1347252,1030186,23.53,109020,208046,"[ ☀️ 317 / 1,347 ]",measured,
98afe115700d9cb1dd171b1f2b28fda8f86411be,1698,2026-08-08T10:28:44+01:00,2026-08-08T10:28:44+01:00,317066,1347252,1030186,23.53,109020,208046,"[ ☀️ 317 / 1,347 ]",measured,
817586a460d16ff9e5fa46003e6d90c6712b5d0c,1699,2026-08-08T10:37:37+01:00,2026-08-08T10:37:37+01:00,317066,1347252,1030186,23.53,109020,208046,"[ ☀️ 317 / 1,347 ]",measured,
1e435524c27631a1e65d1999f0187ab061c5e9b3,1700,2026-08-08T10:52:40+01:00,2026-08-08T10:52:40+01:00,317066,1347252,1030186,23.53,109020,208046,"[ ☀️ 317 / 1,347 ]",measured,
6d92e0cdf26b46dae464253cd0c51b7c8d58c3bf,1701,2026-08-08T11:02:09+01:00,2026-08-08T11:02:09+01:00,317066,1347252,1030186,23.53,109020,208046,"[ ☀️ 317 / 1,347 ]",measured,
55f0e003aa118bd9a4b0bda2af45db08c6da0fb1,1702,2026-08-08T11:13:19+01:00,2026-08-08T11:13:19+01:00,317066,1347252,1030186,23.53,109020,208046,"[ ☀️ 317 / 1,347 ]",measured,
1db597773f9cfe84acb49f856acf2056e2d2769d,1703,2026-08-08T11:26:27+01:00,2026-08-08T11:26:27+01:00,317066,1347252,1030186,23.53,109020,208046,"[ ☀️ 317 / 1,347 ]",measured,
2eb2deebfed3e9480b14941b9542dc19552a59be,1704,2026-08-08T11:36:29+01:00,2026-08-08T11:36:29+01:00,317066,1347252,1030186,23.53,109020,208046,"[ ☀️ 317 / 1,347 ]",measured,
da0c1f8f64e83800db76fc4b15f10bab4a240992,1705,2026-08-08T11:42:33+01:00,2026-08-08T11:42:33+01:00,317066,1347252,1030186,23.53,109020,208046,"[ ☀️ 317 / 1,347 ]",measured,
076db75b112519b794244d0fd7f53fb82b41a8f3,1706,2026-08-08T11:49:23+01:00,2026-08-08T11:49:23+01:00,317066,1347252,1030186,23.53,109020,208046,"[ ☀️ 317 / 1,347 ]",measured,
d8466ab19d6a0790e1ee4baa8961b4389dad672b,1707,2026-08-08T12:00:02+01:00,2026-08-08T12:00:02+01:00,317066,1347252,1030186,23.53,109020,208046,"[ ☀️ 317 / 1,347 ]",measured,
d0ea9862d2ac8e8c32a1259114f52f91934f3108,1708,2026-08-08T12:07:33+01:00,2026-08-08T12:07:33+01:00,317066,1347252,1030186,23.53,109020,208046,"[ ☀️ 317 / 1,347 ]",measured,
f928bf10859f31ad8a0bf7a09c470569c67a759a,1709,2026-08-08T12:36:09+01:00,2026-08-08T12:36:09+01:00,317066,1347252,1030186,23.53,109020,208046,"[ ☀️ 317 / 1,347 ]",measured,
890301758c962cb61f5c2273811aaf77a21f33fe,1710,2026-08-08T15:32:37+01:00,2026-08-08T15:32:37+01:00,317066,1347252,1030186,23.53,109020,208046,"[ ☀️ 317 / 1,347 ]",measured,
b6714d6aad2006e8c678fac7d51b72041786d3d2,1711,2026-08-08T15:41:58+01:00,2026-08-08T15:41:58+01:00,317066,1347252,1030186,23.53,109020,208046,"[ ☀️ 317 / 1,347 ]",measured,
487962d6906d83a24d16935eadb25adb951a7a32,1712,2026-08-08T15:46:46+01:00,2026-08-08T15:46:46+01:00,317066,1347252,1030186,23.53,109020,208046,"[ ☀️ 317 / 1,347 ]",measured,
79d3d004c39d811de0945f0baae39f45fd278367,1713,2026-08-08T16:48:52+01:00,2026-08-08T16:48:52+01:00,317066,1347252,1030186,23.53,109020,208046,"[ ☀️ 317 / 1,347 ]",measured,
4f3d845cea112788ddb9e3dd9ed7ce8c88d136ef,1714,2026-08-08T16:54:59+01:00,2026-08-08T16:54:59+01:00,317066,1347252,1030186,23.53,109020,208046,"[ ☀️ 317 / 1,347 ]",measured,
b1f86bbec56784f2d9d38987316bb6e94000d49e,1715,2026-08-08T18:25:15+01:00,2026-08-08T18:25:15+01:00,317066,1347252,1030186,23.53,109020,208046,"[ ☀️ 317 / 1,347 ]",measured,
a6360c9deeaaaf9349856d975b22988da4df9a5d,1716,2026-08-08T18:26:13+01:00,2026-08-08T18:26:13+01:00,317066,1347252,1030186,23.53,109020,208046,"[ ☀️ 317 / 1,347 ]",measured,
7aea2474a2b8276e3225898c5ec17ae0e53df621,1717,2026-08-08T20:18:17+01:00,2026-08-08T20:18:17+01:00,317066,1347252,1030186,23.53,109020,208046,"[ ☀️ 317 / 1,347 ]",measured,
7f48dcd39e1cc45ffba1bee741bd3ae0a400e0eb,1718,2026-08-08T20:56:21+01:00,2026-08-08T20:56:21+01:00,317066,1347252,1030186,23.53,109020,208046,"[ ☀️ 317 / 1,347 ]",measured,
6f77b11f23ad96481afb7c34c946c0b63f4b5a8a,1719,2026-08-08T21:54:56+01:00,2026-08-08T21:54:56+01:00,317066,1347252,1030186,23.53,109020,208046,"[ ☀️ 317 / 1,347 ]",measured,
d4a62ac81ec3469537155eea1d5d2a27079319f2,1720,2026-08-08T23:21:15+01:00,2026-08-08T23:26:28+01:00,317498,1347252,1029754,23.57,109020,208478,"[ ☀️ 317 / 1,347 ]",measured,
